{"elements":[{"from":[6.537355093878682,7.26649541598087,7.982501464788063],"to":[9.144505093878696,10.488805415980883,8.032501464788066],"rotation":{"angle":0,"axis":"y","origin":[8.279341101485015,2.2074156091705053,10.270035328118968]},"faces":{"north":{"uv":[2.504,1.004,2.871,1.4375],"texture":"#0"},"south":{"uv":[2.879,4.629,3.246,5.0625],"texture":"#0"}}}],"textures":{"0":"minecraft:entity/animated/warg/warg_bright_2"},"display":{"head":{"translation":[0,-6.4,0],"scale":[3.2,3.2,3.2],"rotation":[0,180,0]}},"texture_size":[128,128]}