{"elements":[{"from":[6.82345243244332,8.050223117108192,8.018905761952691],"to":[9.430602432443322,10.726533117108199,8.056405761952693],"rotation":{"angle":0,"axis":"y","origin":[9.052786162889607,2.8824306696804314,6.848439658657502]},"faces":{"north":{"uv":[1.879,5.254,2.246,5.621],"texture":"#0"},"south":{"uv":[2.504,5.754,2.871,6.121],"texture":"#0"}}}],"textures":{"0":"minecraft:entity/animated/warg/warg_bright_2"},"display":{"head":{"translation":[0,-6.4,0],"scale":[3.2,3.2,3.2],"rotation":[0,180,0]}},"texture_size":[128,128]}