{"elements":[{"from":[7.036217834159743,8,6.49742817382446],"to":[30.944717834159576,8,30.49742817382446],"rotation":{"angle":0,"axis":"y","origin":[62.54999999999899,8.000000000000004,16.33125000000001]},"faces":{"up":{"uv":[4.875,4.125,5.25,3.75],"texture":"#0"},"down":{"uv":[4.875,3.75,5.25,4.125],"texture":"#0"}}},{"from":[-14.524462545524045,8,-14.802197804244116],"to":[9.384037454475788,8,9.197802195755912],"rotation":{"angle":0,"axis":"y","origin":[62.549999999999045,8.000000000000004,-7.481249999999989]},"faces":{"up":{"uv":[4.875,4.5,5.25,4.125],"texture":"#0"},"down":{"uv":[4.875,4.125,5.25,4.5],"texture":"#0"}}},{"from":[7.168086068407035,8,-14.806533004710815],"to":[31.07658606840687,8,9.193466995289413],"rotation":{"angle":0,"axis":"y","origin":[62.549999999999045,8.000000000000004,-7.481249999999989]},"faces":{"up":{"uv":[4.875,4.875,5.25,4.5],"texture":"#0"},"down":{"uv":[4.875,4.5,5.25,4.875],"texture":"#0"}}},{"from":[-14.656330779771338,8,6.5017633742909595],"to":[9.252169220228495,8,30.50176337429096],"rotation":{"angle":0,"axis":"y","origin":[62.54999999999899,8.000000000000004,16.33125000000001]},"faces":{"up":{"uv":[4.96875,1.875,5.34375,1.5],"texture":"#0"},"down":{"uv":[4.96875,1.5,5.34375,1.875],"texture":"#0"}}}],"textures":{"0":"minecraft:entity/animated/smaug/smaug_gold"},"display":{"head":{"translation":[0,-6.4,0],"scale":[3.2,3.2,3.2],"rotation":[0,180,0]}}}