{"elements":[{"from":[-14.744997575897486,7.999999999999998,6.701489333009988],"to":[9.000002424102803,7.999999999999998,30.701489333010187],"rotation":{"angle":0,"axis":"y","origin":[6.512499999999875,8,15.362499999999898]},"faces":{"up":{"uv":[1.4921875,8.5,1.125,8.125],"texture":"#0"},"down":{"uv":[1.4921875,8.125,1.125,8.5],"texture":"#0"}}},{"from":[-14.820411085921336,7.999999999999998,-15.192703270246483],"to":[8.924588914078953,7.999999999999998,8.807296729753517],"rotation":{"angle":0,"axis":"y","origin":[6.512499999999875,8,4.362499999999898]},"faces":{"up":{"uv":[8.5234375,0.75,8.15625,0.375],"texture":"#0"},"down":{"uv":[8.5234375,0.375,8.15625,0.75],"texture":"#0"}}}],"textures":{"0":"minecraft:entity/animated/smaug/smaug_gold"},"display":{"head":{"translation":[0,-6.4,0],"scale":[3.2,3.2,3.2],"rotation":[0,180,0]}}}