{"elements":[{"from":[-14.695818171769645,7.999999999999998,6.744841061251037],"to":[9.049181828230644,7.999999999999998,30.744841061251037],"rotation":{"angle":0,"axis":"y","origin":[6.574999999999989,8,11.437499999999858]},"faces":{"up":{"uv":[8.3359375,1.875,7.96875,1.5],"texture":"#0"},"down":{"uv":[8.3359375,1.5,7.96875,1.875],"texture":"#0"}}},{"from":[7.020519887000091,7.999999999999998,6.816497143331588],"to":[14.76551988700038,7.999999999999998,30.81649714333159],"rotation":{"angle":0,"axis":"y","origin":[30.199999999999818,8,11.437499999999858]},"faces":{"up":{"uv":[6.4921875,10.75,6.375,10.375],"texture":"#0"},"down":{"uv":[6.4921875,10.375,6.375,10.75],"texture":"#0"}}},{"from":[7.038646624905908,7.999999999999998,-14.776561032485887],"to":[18.783646624906197,7.999999999999998,9.223438967514113],"rotation":{"angle":0,"axis":"y","origin":[30.199999999999818,8,-0.06250000000014211]},"faces":{"up":{"uv":[2.8046875,10.4375,2.625,10.0625],"texture":"#0"},"down":{"uv":[2.8046875,10.0625,2.625,10.4375],"texture":"#0"}}},{"from":[-14.677691433863828,7.999999999999998,-14.848217114566438],"to":[9.067308566136461,7.999999999999998,9.151782885433562],"rotation":{"angle":0,"axis":"y","origin":[6.574999999999989,8,-0.06250000000014211]},"faces":{"up":{"uv":[8.4609375,0.375,8.09375,0],"texture":"#0"},"down":{"uv":[8.4609375,0,8.09375,0.375],"texture":"#0"}}}],"textures":{"0":"minecraft:entity/animated/smaug/smaug_gold"},"display":{"head":{"translation":[0,-6.4,0],"scale":[3.2,3.2,3.2],"rotation":[0,180,0]}}}