{"elements":[{"from":[6.878279479688786,7.9999999999999964,6.815815071721403],"to":[30.786779479688676,7.9999999999999964,30.815815071721318],"rotation":{"angle":0,"axis":"y","origin":[62.033646807234106,8,30.00944610687793]},"faces":{"up":{"uv":[3,4.875,3.375,4.5],"texture":"#0"},"down":{"uv":[3,4.5,3.375,4.875],"texture":"#0"}}},{"from":[6.867862078771623,7.9999999999999964,-14.759207655557873],"to":[30.776362078771513,7.9999999999999964,9.240792344442127],"rotation":{"angle":0,"axis":"y","origin":[62.03364680723408,8,6.046946106878352]},"faces":{"up":{"uv":[3.375,4.875,3.75,4.5],"texture":"#0"},"down":{"uv":[3.375,4.5,3.75,4.875],"texture":"#0"}}},{"from":[-15.06965660281378,7.9999999999999964,-14.75064466108671],"to":[8.83884339718611,7.9999999999999964,9.24935533891329],"rotation":{"angle":0,"axis":"y","origin":[62.03364680723408,8,6.046946106878352]},"faces":{"up":{"uv":[3.75,4.875,4.125,4.5],"texture":"#0"},"down":{"uv":[3.75,4.5,4.125,4.875],"texture":"#0"}}},{"from":[-15.059239201896617,8.149999999999997,6.8243780661925655],"to":[8.849260798103273,8.149999999999997,30.82437806619265],"rotation":{"angle":0,"axis":"y","origin":[62.033646807234106,8,30.00944610687793]},"faces":{"up":{"uv":[4.125,4.875,4.5,4.5],"texture":"#0"},"down":{"uv":[4.125,4.5,4.5,4.875],"texture":"#0"}}}],"textures":{"0":"minecraft:entity/animated/smaug/smaug_gold"},"display":{"head":{"translation":[0,-6.4,0],"scale":[3.2,3.2,3.2],"rotation":[0,180,0]}}}