{"elements":[{"from":[-14.908879122326596,7.999999999999998,6.961631619876414],"to":[8.836120877673721,7.999999999999998,30.961631619876414],"rotation":{"angle":0,"axis":"y","origin":[-1.1125000000000966,8,21.625000000000114]},"faces":{"up":{"uv":[1.1171875,8.875,0.75,8.5],"texture":"#0"},"down":{"uv":[1.1171875,8.5,0.75,8.875],"texture":"#0"}}},{"from":[7.393905186288606,7.999999999999998,6.931154138367447],"to":[31.138905186288653,7.999999999999998,30.931154138367447],"rotation":{"angle":0,"axis":"y","origin":[22.44999999999986,8,21.625000000000114]},"faces":{"up":{"uv":[1.8671875,8.875,1.5,8.5],"texture":"#0"},"down":{"uv":[1.8671875,8.5,1.5,8.875],"texture":"#0"}}},{"from":[7.380614336097551,7.999999999999998,-14.963506525434752],"to":[31.1256143360976,7.999999999999998,9.036493474565248],"rotation":{"angle":0,"axis":"y","origin":[22.44999999999986,8,33.125000000000114]},"faces":{"up":{"uv":[8.8984375,1.125,8.53125,0.75],"texture":"#0"},"down":{"uv":[8.8984375,0.75,8.53125,1.125],"texture":"#0"}}},{"from":[-14.92216997251765,7.999999999999998,-14.933029043925785],"to":[8.822830027482667,7.999999999999998,9.066970956074215],"rotation":{"angle":0,"axis":"y","origin":[-1.1125000000000966,8,33.125000000000114]},"faces":{"up":{"uv":[0.3671875,8.96875,0,8.59375],"texture":"#0"},"down":{"uv":[0.3671875,8.59375,0,8.96875],"texture":"#0"}}}],"textures":{"0":"minecraft:entity/animated/smaug/smaug_gold"},"display":{"head":{"translation":[0,-6.4,0],"scale":[3.2,3.2,3.2],"rotation":[0,180,0]}}}