{"elements":[{"from":[-1.8727098217224665,7.912500000000001,6.867577965914279],"to":[18.07329017827732,7.912500000000001,30.86757796591428],"rotation":{"angle":0,"axis":"y","origin":[8.053579997590575,7.912500000000001,19.125888649046402]},"faces":{"up":{"uv":[9.46875,2.25,9.78125,1.875],"texture":"#0"},"down":{"uv":[9.46875,1.875,9.78125,2.25],"texture":"#0"}}},{"from":[-1.8998865086614245,7.912500000000001,-15.11821102139649],"to":[18.04611349133836,7.912500000000001,8.88178897860351],"rotation":{"angle":0,"axis":"y","origin":[8.026403310651588,7.912500000000001,-2.8599003382643673]},"faces":{"up":{"uv":[9.59375,9.75,9.90625,9.375],"texture":"#0"},"down":{"uv":[9.59375,9.375,9.90625,9.75],"texture":"#0"}}}],"textures":{"0":"minecraft:entity/animated/smaug/smaug_gold"},"display":{"head":{"translation":[0,-6.4,0],"scale":[3.2,3.2,3.2],"rotation":[0,180,0]}}}