{"elements":[{"from":[-15.075969390105058,8,-14.623402215447214],"to":[8.832530609894775,8,9.376597784552786],"rotation":{"angle":0,"axis":"y","origin":[-68.63081366907039,8.000000000000004,-2.425000951927899]},"faces":{"up":{"uv":[5.90625,1.125,5.53125,0.75],"texture":"#0"},"down":{"uv":[5.90625,1.125,5.53125,0.75],"texture":"#0"}}},{"from":[-15.07821372925099,8,6.579335864978191],"to":[8.8302862707489,8,30.57933586497819],"rotation":{"angle":0,"axis":"y","origin":[-68.63081366907033,8.000000000000004,21.574999048072044]},"faces":{"up":{"uv":[0.375,5.96875,0,5.59375],"texture":"#0"},"down":{"uv":[0.375,5.59375,0,5.96875],"texture":"#0"}}},{"from":[6.962582076187914,8,6.692322220039358],"to":[30.871082076187804,8,30.692322220039358],"rotation":{"angle":0,"axis":"y","origin":[-68.63081366907033,8.000000000000004,21.574999048072044]},"faces":{"up":{"uv":[2.25,6,1.875,5.625],"texture":"#0"},"down":{"uv":[2.25,5.625,1.875,6],"texture":"#0"}}},{"from":[6.964826415333846,8,-14.510415860386047],"to":[30.87332641533368,8,9.489584139613953],"rotation":{"angle":0,"axis":"y","origin":[-68.63081366907039,8.000000000000004,-2.425000951927899]},"faces":{"up":{"uv":[6,2.625,5.625,2.25],"texture":"#0"},"down":{"uv":[6,2.625,5.625,2.25],"texture":"#0"}}}],"textures":{"0":"minecraft:entity/animated/smaug/smaug_gold"},"display":{"head":{"translation":[0,-6.4,0],"scale":[3.2,3.2,3.2],"rotation":[0,180,0]}}}