{"elements":[{"from":[3.4430000000000067,4.06246992522277,6.384294753058887],"to":[12.557000000000002,9.967969925222764,6.384294753058887],"rotation":{"angle":0,"axis":"y","origin":[8,9.76056294518722,6.84537137359535]},"faces":{"north":{"uv":[10.25,3.90625,10.390625,4],"texture":"#0"},"south":{"uv":[10.25,3.90625,10.390625,4],"texture":"#0"}}}],"textures":{"0":"minecraft:entity/animated/smaug/smaug_gold"},"display":{"head":{"translation":[0,-6.4,0],"scale":[3.2,3.2,3.2],"rotation":[0,180,0]}}}