{"elements":[{"from":[5.674285648195848,8,-15.911567412004842],"to":[29.58278564819591,8,8.088432587995186],"rotation":{"angle":0,"axis":"y","origin":[-3.8624999999992156,8.000000000000004,-8.518750000000011]},"faces":{"up":{"uv":[5.25,3,4.875,2.625],"texture":"#0"},"down":{"uv":[5.25,2.625,4.875,3],"texture":"#0"}}},{"from":[5.674285648195848,8,6.0884325879951575],"to":[29.58278564819591,8,30.088432587995186],"rotation":{"angle":0,"axis":"y","origin":[-3.8624999999992156,8.000000000000004,-8.518750000000011]},"faces":{"up":{"uv":[13.203125,4.7109375,12.828125,4.3359375],"texture":"#0"},"down":{"uv":[13.203125,4.3359375,12.828125,4.7109375],"texture":"#0"}}},{"from":[-15.816749999999132,8.500000000000004,-15.906250000000028],"to":[8.091750000000104,8.500000000000004,8.09375],"rotation":{"angle":0,"axis":"y","origin":[-3.8624999999992156,8.000000000000004,-8.518750000000011]},"faces":{"up":{"uv":[5.25,3.75,4.875,3.375],"texture":"#0"},"down":{"uv":[5.25,3.375,4.875,3.75],"texture":"#0"}}}],"textures":{"0":"minecraft:entity/animated/smaug/smaug_gold"},"display":{"head":{"translation":[0,-6.4,0],"scale":[3.2,3.2,3.2],"rotation":[0,180,0]}}}