{"elements":[{"from":[6.757441856021785,8,6.504466687779114],"to":[30.665941856021618,8,30.504466687779114],"rotation":{"angle":0,"axis":"y","origin":[193.28124999999886,8.000000000000004,16.006249999999994]},"faces":{"up":{"uv":[3.375,5.625,3.75,5.25],"texture":"#0"},"down":{"uv":[3.375,5.25,3.75,5.625],"texture":"#0"}}},{"from":[-15.059390096663208,8,-14.741765104521079],"to":[8.849109903336625,8,9.258234895478921],"rotation":{"angle":0,"axis":"y","origin":[193.28124999999892,8.000000000000004,-7.806250000000006]},"faces":{"up":{"uv":[3.75,5.625,4.125,5.25],"texture":"#0"},"down":{"uv":[3.75,5.25,4.125,5.625],"texture":"#0"}}},{"from":[-15.1912583309105,8,6.562196074013968],"to":[8.717241669089333,8,30.56219607401397],"rotation":{"angle":0,"axis":"y","origin":[193.28124999999886,8.000000000000004,16.006249999999994]},"faces":{"up":{"uv":[4.125,5.625,4.5,5.25],"texture":"#0"},"down":{"uv":[4.125,5.25,4.5,5.625],"texture":"#0"}}},{"from":[6.889310090269078,8,-14.79949449075599],"to":[30.79781009026891,8,9.200505509244067],"rotation":{"angle":0,"axis":"y","origin":[193.28124999999892,8.000000000000004,-7.806250000000006]},"faces":{"up":{"uv":[4.5,5.625,4.875,5.25],"texture":"#0"},"down":{"uv":[4.5,5.25,4.875,5.625],"texture":"#0"}}}],"textures":{"0":"minecraft:entity/animated/smaug/smaug_gold"},"display":{"head":{"translation":[0,-6.4,0],"scale":[3.2,3.2,3.2],"rotation":[0,180,0]}}}