{"elements":[{"from":[7.070750000000032,8,6.4525000000001],"to":[30.979249999999695,8,28.272500000000093],"rotation":{"angle":0,"axis":"y","origin":[7.13525297305074,8.000000000000004,-44.374264905009056]},"faces":{"up":{"uv":[9.375,4.84375,9.75,4.5],"texture":"#0"},"down":{"uv":[9.375,4.5,9.75,4.84375],"texture":"#0"}}},{"from":[-14.866767491674949,8,-14.751982419188948],"to":[9.041732508324174,8,9.248017580811052],"rotation":{"angle":0,"axis":"y","origin":[7.13525297305074,8.000000000000004,-44.374264905009056]},"faces":{"up":{"uv":[4.40625,0.75,4.78125,0.375],"texture":"#0"},"down":{"uv":[4.40625,0.375,4.78125,0.75],"texture":"#0"}}},{"from":[7.070750000000032,8,-14.759999999999593],"to":[30.979249999999695,8,9.240000000000407],"rotation":{"angle":0,"axis":"y","origin":[7.13525297305074,8.000000000000004,-44.374264905009056]},"faces":{"up":{"uv":[4.40625,1.5,4.78125,1.125],"texture":"#0"},"down":{"uv":[4.40625,1.125,4.78125,1.5],"texture":"#0"}}}],"textures":{"0":"minecraft:entity/animated/smaug/smaug_gold"},"display":{"head":{"translation":[0,-6.4,0],"scale":[3.2,3.2,3.2],"rotation":[0,180,0]}}}