{"elements":[{"from":[1.175019881633773,7.775000000000002,-15.27303816052708],"to":[25.083519881633606,7.775000000000002,8.72696183947292],"rotation":{"angle":0,"axis":"y","origin":[-30.68727578340048,7.775000000000006,-3.0703016965412644]},"faces":{"up":{"uv":[1.875,5.875,1.5,5.5],"texture":"#0"},"down":{"uv":[1.875,5.5,1.5,5.875],"texture":"#0"}}},{"from":[-15.171601711737367,8,-14.676501032526971],"to":[8.736898288262523,8,9.323498967473029],"rotation":{"angle":0,"axis":"y","origin":[10.424682807590614,8.000000000000004,25.094035087888642]},"faces":{"up":{"uv":[0.75,4.875,0.375,4.5],"texture":"#0"},"down":{"uv":[0.75,4.5,0.375,4.875],"texture":"#0"}}},{"from":[-15.181419157628284,8,7.073520385851424],"to":[8.727080842371606,8,31.073520385851424],"rotation":{"angle":0,"axis":"y","origin":[10.424682807590614,8.000000000000004,25.094035087888642]},"faces":{"up":{"uv":[2.625,4.875,2.25,4.5],"texture":"#0"},"down":{"uv":[2.625,4.5,2.25,4.875],"texture":"#0"}}},{"from":[6.756099523957118,8,7.082083380322587],"to":[30.66459952395701,8,31.082083380322587],"rotation":{"angle":0,"axis":"y","origin":[10.424682807590614,8.000000000000004,25.094035087888642]},"faces":{"up":{"uv":[3,4.875,2.625,4.5],"texture":"#0"},"down":{"uv":[3,4.5,2.625,4.875],"texture":"#0"}}}],"textures":{"0":"minecraft:entity/animated/smaug/smaug_gold"},"display":{"head":{"translation":[0,-6.4,0],"scale":[3.2,3.2,3.2],"rotation":[0,180,0]}}}