{"elements":[{"from":[-5.872500000000159,8,-1.243750000000034],"to":[17.87250000000016,8,22.756249999999966],"rotation":{"angle":0,"axis":"y","origin":[7.815634214815077,8.000000000000002,14.88798302765747]},"faces":{"up":{"uv":[8.9921875,4.5,8.625,4.125],"texture":"#0"},"down":{"uv":[8.9921875,4.125,8.625,4.5],"texture":"#0"}}}],"textures":{"0":"minecraft:entity/animated/smaug/smaug_gold"},"display":{"head":{"translation":[0,-6.4,0],"scale":[3.2,3.2,3.2],"rotation":[0,180,0]}}}