{"elements":[{"from":[8.127145711102116,5.810921394290107,8.252350902719549],"to":[8.127145711102116,8.76311339429011,26.77735570271957],"rotation":{"angle":0,"axis":"y","origin":[8,8,8]},"faces":{"east":{"uv":[11.4765625,9.46875,11.1875,9.515625],"texture":"#0"},"west":{"uv":[11.1875,9.46875,11.4765625,9.515625],"texture":"#0"}}},{"from":[5.666985711102114,6.6227741942901,8.252350902719549],"to":[8.127145711102116,8.763113394290105,18.44356370271957],"rotation":{"angle":0,"axis":"y","origin":[8,8,8]},"faces":{"south":{"uv":[0.25,10.09375,0.2890625,10.125],"texture":"#0"},"west":{"uv":[10.375,3.0625,10.53125,3.09375],"texture":"#0"},"down":{"uv":[1.9453125,11.40625,1.90625,11.5625],"texture":"#0"}}},{"from":[5.17495371110211,8.763113394290105,8.252350902719549],"to":[8.127145711102116,8.763113394290105,26.77735570271957],"rotation":{"angle":0,"axis":"y","origin":[8,8,8]},"faces":{"up":{"uv":[1.234375,10.6640625,1.1875,10.375],"texture":"#0"},"down":{"uv":[1.234375,10.375,1.1875,10.6640625],"texture":"#0"}}}],"textures":{"0":"minecraft:entity/animated/smaug/smaug_gold"},"display":{"head":{"translation":[0,-6.4,0],"scale":[3.2,3.2,3.2],"rotation":[0,180,0]}}}