{"elements":[{"from":[-14.671003756813548,8,6.494471383296997],"to":[9.237496243186342,8,30.494471383296997],"rotation":{"angle":0,"axis":"y","origin":[-112.19331366907011,8.000000000000004,21.249999048072027]},"faces":{"up":{"uv":[6,3,5.625,2.625],"texture":"#0"},"down":{"uv":[6,2.625,5.625,3],"texture":"#0"}}},{"from":[6.770269722752403,8,6.494601205213911],"to":[30.678769722752293,8,30.49460120521391],"rotation":{"angle":0,"axis":"y","origin":[-112.19331366907011,8.000000000000004,21.249999048072027]},"faces":{"up":{"uv":[6,3.375,5.625,3],"texture":"#0"},"down":{"uv":[6,3,5.625,3.375],"texture":"#0"}}},{"from":[6.772514061898335,8,-14.708136875211494],"to":[30.681014061898168,8,9.291863124788506],"rotation":{"angle":0,"axis":"y","origin":[-112.19331366907016,8.000000000000004,-2.750000951927916]},"faces":{"up":{"uv":[6,3.75,5.625,3.375],"texture":"#0"},"down":{"uv":[6,3.375,5.625,3.75],"texture":"#0"}}},{"from":[-14.668759417667616,8,-14.708266697128408],"to":[9.239740582332217,8,9.291733302871592],"rotation":{"angle":0,"axis":"y","origin":[-112.19331366907016,8.000000000000004,-2.750000951927916]},"faces":{"up":{"uv":[6,4.125,5.625,3.75],"texture":"#0"},"down":{"uv":[6,4.125,5.625,3.75],"texture":"#0"}}}],"textures":{"0":"minecraft:entity/animated/smaug/smaug_gold"},"display":{"head":{"translation":[0,-6.4,0],"scale":[3.2,3.2,3.2],"rotation":[0,180,0]}}}