{"elements":[{"from":[-15.006128866295086,7.9999999999999964,-14.899914088504886],"to":[8.90237113370489,7.9999999999999964,9.100085911495114],"rotation":{"angle":0,"axis":"y","origin":[-3.0125000000003865,8,6.125]},"faces":{"up":{"uv":[4.5,2.625,4.125,2.25],"texture":"#0"},"down":{"uv":[4.5,2.25,4.125,2.625],"texture":"#0"}}},{"from":[6.931388625380748,7.9999999999999964,-14.891896507694156],"to":[30.839888625379928,7.9999999999999964,9.108103492305844],"rotation":{"angle":0,"axis":"y","origin":[-3.0125000000003865,8,6.125]},"faces":{"up":{"uv":[4.5,3,4.125,2.625],"texture":"#0"},"down":{"uv":[4.5,2.625,4.125,3],"texture":"#0"}}},{"from":[-15.015837229453865,7.9999999999999964,6.83760709189167],"to":[8.892662770545797,7.9999999999999964,30.83760709189164],"rotation":{"angle":0,"axis":"y","origin":[8.875010830940198,8,41.523239973621]},"faces":{"up":{"uv":[4.5,3.375,4.125,3],"texture":"#0"},"down":{"uv":[4.5,3.375,4.125,3],"texture":"#0"}}},{"from":[6.921680262221656,7.9999999999999964,6.8456246727023995],"to":[30.830180262221205,7.9999999999999964,30.845624672702286],"rotation":{"angle":0,"axis":"y","origin":[8.875010830940198,8,41.523239973621]},"faces":{"up":{"uv":[4.5,3.75,4.125,3.375],"texture":"#0"},"down":{"uv":[4.5,3.375,4.125,3.75],"texture":"#0"}}}],"textures":{"0":"minecraft:entity/animated/smaug/smaug_gold"},"display":{"head":{"translation":[0,-6.4,0],"scale":[3.2,3.2,3.2],"rotation":[0,180,0]}}}