{"elements":[{"from":[6.896623414789474,8,6.3147497293521155],"to":[30.805123414789307,8,30.314749729352116],"rotation":{"angle":0,"axis":"y","origin":[106.1437499999987,8.000000000000004,16.03125]},"faces":{"up":{"uv":[5.09375,0.375,5.46875,0],"texture":"#0"},"down":{"uv":[5.09375,0,5.46875,0.375],"texture":"#0"}}},{"from":[-15.032290752208837,8,6.441898892609771],"to":[8.876209247790996,8,30.44189889260977],"rotation":{"angle":0,"axis":"y","origin":[106.1437499999987,8.000000000000004,16.03125]},"faces":{"up":{"uv":[1.125,5.5,1.5,5.125],"texture":"#0"},"down":{"uv":[1.125,5.125,1.5,5.5],"texture":"#0"}}},{"from":[-14.900422517961545,8,-14.862062285925106],"to":[9.008077482038289,8,9.137937714074724],"rotation":{"angle":0,"axis":"y","origin":[106.14374999999876,8.000000000000004,-7.78125]},"faces":{"up":{"uv":[5.15625,0.75,5.53125,0.375],"texture":"#0"},"down":{"uv":[5.15625,0.375,5.53125,0.75],"texture":"#0"}}},{"from":[7.028491649036766,8,-14.989211449182903],"to":[30.9369916490366,8,9.010788550817068],"rotation":{"angle":0,"axis":"y","origin":[106.14374999999876,8.000000000000004,-7.78125]},"faces":{"up":{"uv":[5.15625,1.5,5.53125,1.125],"texture":"#0"},"down":{"uv":[5.15625,1.125,5.53125,1.5],"texture":"#0"}}}],"textures":{"0":"minecraft:entity/animated/smaug/smaug_gold"},"display":{"head":{"translation":[0,-6.4,0],"scale":[3.2,3.2,3.2],"rotation":[0,180,0]}}}