{"elements":[{"from":[-3.9542499999997176,8,-4.000000000000057],"to":[19.954249999999604,8,20.00000000000003],"rotation":{"angle":0,"axis":"y","origin":[268.6216796010064,8.000000000000004,3.046237917438191]},"faces":{"up":{"uv":[0.75,5.875,1.125,5.5],"texture":"#0"},"down":{"uv":[0.75,5.5,1.125,5.875],"texture":"#0"}}}],"textures":{"0":"minecraft:entity/animated/smaug/smaug_gold"},"display":{"head":{"translation":[0,-6.4,0],"scale":[3.2,3.2,3.2],"rotation":[0,180,0]}}}