{"elements":[{"from":[6.976435768225542,8,6.629528714526657],"to":[30.884935768225375,8,30.629528714526657],"rotation":{"angle":0,"axis":"y","origin":[149.59374999999903,8.000000000000004,16.21874999999997]},"faces":{"up":{"uv":[0.375,5.625,0.75,5.25],"texture":"#0"},"down":{"uv":[0.375,5.25,0.75,5.625],"texture":"#0"}}},{"from":[7.108304002472835,8,-14.674432464008362],"to":[31.016804002472668,8,9.32556753599161],"rotation":{"angle":0,"axis":"y","origin":[149.5937499999991,8.000000000000004,-7.593750000000028]},"faces":{"up":{"uv":[2.25,5.625,2.625,5.25],"texture":"#0"},"down":{"uv":[2.25,5.25,2.625,5.625],"texture":"#0"}}},{"from":[-14.931116958538553,8,-14.58043522337934],"to":[8.97738304146128,8,9.419564776620632],"rotation":{"angle":0,"axis":"y","origin":[149.5937499999991,8.000000000000004,-7.593750000000028]},"faces":{"up":{"uv":[2.625,5.625,3,5.25],"texture":"#0"},"down":{"uv":[2.625,5.25,3,5.625],"texture":"#0"}}},{"from":[-15.062985192785845,8,6.723525955155679],"to":[8.845514807213988,8,30.72352595515568],"rotation":{"angle":0,"axis":"y","origin":[149.59374999999903,8.000000000000004,16.21874999999997]},"faces":{"up":{"uv":[3,5.625,3.375,5.25],"texture":"#0"},"down":{"uv":[3,5.25,3.375,5.625],"texture":"#0"}}}],"textures":{"0":"minecraft:entity/animated/smaug/smaug_gold"},"display":{"head":{"translation":[0,-6.4,0],"scale":[3.2,3.2,3.2],"rotation":[0,180,0]}}}