{"elements":[{"from":[-15.327400479544508,7.850000000000001,-14.675682016755019],"to":[8.618599520455476,7.850000000000001,9.324317983244981],"rotation":{"angle":0,"axis":"y","origin":[6.125,2.9375,17.024999999999977]},"faces":{"up":{"uv":[3.65625,0.75,4.03125,0.375],"texture":"#0"},"down":{"uv":[3.65625,0.375,4.03125,0.75],"texture":"#0"}}},{"from":[-15.318687046845469,7.850000000000001,6.684740117504305],"to":[8.627312953154515,7.850000000000001,30.684740117504305],"rotation":{"angle":0,"axis":"y","origin":[5.512000000000015,7.850000000000001,17.362499999999983]},"faces":{"up":{"uv":[3.65625,1.5,4.03125,1.125],"texture":"#0"},"down":{"uv":[3.65625,1.125,4.03125,1.5],"texture":"#0"}}},{"from":[6.622976858302849,7.850000000000001,6.629559081677314],"to":[30.568976858302833,7.850000000000001,30.629559081677314],"rotation":{"angle":0,"axis":"y","origin":[6.874500000000012,7.850000000000001,16.362499999999983]},"faces":{"up":{"uv":[0.375,4.125,0.75,3.75],"texture":"#0"},"down":{"uv":[0.375,3.75,0.75,4.125],"texture":"#0"}}},{"from":[6.614263425603809,7.850000000000001,-14.73086305258201],"to":[30.560263425603793,7.850000000000001,9.26913694741799],"rotation":{"angle":0,"axis":"y","origin":[19.987499999999997,2.9375,6.524999999999977]},"faces":{"up":{"uv":[2.25,4.125,2.625,3.75],"texture":"#0"},"down":{"uv":[2.25,3.75,2.625,4.125],"texture":"#0"}}}],"textures":{"0":"minecraft:entity/animated/smaug/smaug_gold"},"display":{"head":{"translation":[0,-6.4,0],"scale":[3.2,3.2,3.2],"rotation":[0,180,0]}}}