{"elements":[{"from":[7.872854288897885,5.810921394290107,8.252350902719549],"to":[7.872854288897885,8.76311339429011,26.77735570271957],"rotation":{"angle":0,"axis":"y","origin":[8,8,8]},"faces":{"east":{"uv":[11.1875,9.40625,11.4765625,9.453125],"texture":"#0"},"west":{"uv":[11.4765625,9.40625,11.1875,9.453125],"texture":"#0"}}},{"from":[7.872854288897884,6.6227741942901,8.252350902719549],"to":[10.333014288897882,8.763113394290105,18.44356370271957],"rotation":{"angle":0,"axis":"y","origin":[8,8,8]},"faces":{"east":{"uv":[9.90625,9.71875,10.0625,9.75],"texture":"#0"},"south":{"uv":[7,10.0625,7.0390625,10.09375],"texture":"#0"},"down":{"uv":[9.5390625,11.375,9.5,11.53125],"texture":"#0"}}},{"from":[7.872854288897884,8.763113394290105,8.252350902719549],"to":[10.82504628889788,8.763113394290105,26.77735570271957],"rotation":{"angle":0,"axis":"y","origin":[8,8,8]},"faces":{"up":{"uv":[7.046875,10.0390625,7,9.75],"texture":"#0"},"down":{"uv":[7.046875,9.75,7,10.0390625],"texture":"#0"}}}],"textures":{"0":"minecraft:entity/animated/smaug/smaug_gold"},"display":{"head":{"translation":[0,-6.4,0],"scale":[3.2,3.2,3.2],"rotation":[0,180,0]}}}