{"elements":[{"from":[7.22773508116806,8.100466557622251,8.236013619185488],"to":[9.60853508116806,8.100466557622251,22.571033619185485],"rotation":{"angle":0,"axis":"y","origin":[8,8,8]},"faces":{"up":{"uv":[5.8515625,11.5078125,5.8125,11.28125],"texture":"#0"},"down":{"uv":[5.8515625,11.28125,5.8125,11.5078125],"texture":"#0"}}},{"from":[7.22453344237775,6.317903871686726,8.236013619185488],"to":[9.208533442377748,8.043983871686727,15.850233619185499],"rotation":{"angle":0,"axis":"y","origin":[8,-11.503281047145215,8]},"faces":{"east":{"uv":[10.21875,0.5625,10.3359375,0.5859375],"texture":"#0"},"south":{"uv":[10.03125,4.84375,10.0625,4.8671875],"texture":"#0"},"down":{"uv":[10.03125,4,10,4.1171875],"texture":"#0"}}},{"from":[7.227735081168058,5.7196665576222445,8.236013619185488],"to":[7.227735081168058,8.100466557622251,22.571033619185485],"rotation":{"angle":0,"axis":"y","origin":[8,8,8]},"faces":{"east":{"uv":[11.34375,3.59375,11.5703125,3.6328125],"texture":"#0"},"west":{"uv":[11.5703125,3.59375,11.34375,3.6328125],"texture":"#0"}}}],"textures":{"0":"minecraft:entity/animated/smaug/smaug_gold"},"display":{"head":{"translation":[0,-6.4,0],"scale":[3.2,3.2,3.2],"rotation":[0,180,0]}}}