{"elements":[{"from":[7.356598774383826,7.999999999999998,6.673395464196204],"to":[31.101598774384144,7.999999999999998,30.673395464196204],"rotation":{"angle":0,"axis":"y","origin":[17.22499999999998,8,26.10624999999996]},"faces":{"up":{"uv":[1.875,9,2.2421875,8.625],"texture":"#0"},"down":{"uv":[1.875,8.625,2.2421875,9],"texture":"#0"}}},{"from":[-14.946185534231404,7.999999999999998,6.642917982687237],"to":[8.798814465768942,7.999999999999998,30.642917982687237],"rotation":{"angle":0,"axis":"y","origin":[-6.337500000000006,8,26.10624999999996]},"faces":{"up":{"uv":[8.625,2.625,8.9921875,2.25],"texture":"#0"},"down":{"uv":[8.625,2.25,8.9921875,2.625],"texture":"#0"}}},{"from":[-15.008278448382981,7.999999999999998,-15.250787685815197],"to":[8.736721551617364,7.999999999999998,8.749212314184803],"rotation":{"angle":0,"axis":"y","origin":[-6.337500000000006,8,-10.650000000000006]},"faces":{"up":{"uv":[8.625,3,8.9921875,2.625],"texture":"#0"},"down":{"uv":[8.625,2.625,8.9921875,3],"texture":"#0"}}},{"from":[7.294505860232249,7.999999999999998,-15.22031020430623],"to":[31.039505860232566,7.999999999999998,8.77968979569377],"rotation":{"angle":0,"axis":"y","origin":[17.22499999999995,8,-10.650000000000006]},"faces":{"up":{"uv":[8.625,3.375,8.9921875,3],"texture":"#0"},"down":{"uv":[8.625,3,8.9921875,3.375],"texture":"#0"}}}],"textures":{"0":"minecraft:entity/animated/smaug/smaug_gold"},"display":{"head":{"translation":[0,-6.4,0],"scale":[3.2,3.2,3.2],"rotation":[0,180,0]}}}