{"elements":[{"from":[-14.665941856021618,8,6.504466687779114],"to":[9.242558143978215,8,30.504466687779114],"rotation":{"angle":0,"axis":"y","origin":[-177.28124999999886,8.000000000000004,16.006249999999994]},"faces":{"up":{"uv":[3.75,5.625,3.375,5.25],"texture":"#0"},"down":{"uv":[3.75,5.25,3.375,5.625],"texture":"#0"}}},{"from":[7.150890096663375,8,-14.741765104521079],"to":[31.059390096663208,8,9.258234895478921],"rotation":{"angle":0,"axis":"y","origin":[-177.28124999999892,8.000000000000004,-7.806250000000006]},"faces":{"up":{"uv":[4.125,5.625,3.75,5.25],"texture":"#0"},"down":{"uv":[4.125,5.25,3.75,5.625],"texture":"#0"}}},{"from":[7.282758330910667,8,6.562196074013968],"to":[31.1912583309105,8,30.56219607401397],"rotation":{"angle":0,"axis":"y","origin":[-177.28124999999886,8.000000000000004,16.006249999999994]},"faces":{"up":{"uv":[4.5,5.625,4.125,5.25],"texture":"#0"},"down":{"uv":[4.5,5.25,4.125,5.625],"texture":"#0"}}},{"from":[-14.79781009026891,8,-14.79949449075599],"to":[9.110689909730922,8,9.200505509244067],"rotation":{"angle":0,"axis":"y","origin":[-177.28124999999892,8.000000000000004,-7.806250000000006]},"faces":{"up":{"uv":[4.875,5.625,4.5,5.25],"texture":"#0"},"down":{"uv":[4.875,5.25,4.5,5.625],"texture":"#0"}}}],"textures":{"0":"minecraft:entity/animated/smaug/smaug_gold"},"display":{"head":{"translation":[0,-6.4,0],"scale":[3.2,3.2,3.2],"rotation":[0,180,0]}}}