{"elements":[{"from":[6.677091130027719,7.999999999999998,6.932762158666378],"to":[30.422091130028008,7.999999999999998,30.932762158666378],"rotation":{"angle":0,"axis":"y","origin":[26.250000000000142,8,21.799999999999898]},"faces":{"up":{"uv":[2.9921875,8.625,2.625,8.25],"texture":"#0"},"down":{"uv":[2.9921875,8.25,2.625,8.625],"texture":"#0"}}},{"from":[6.663800279836664,7.999999999999998,-15.011898505135832],"to":[30.408800279836953,7.999999999999998,8.988101494864168],"rotation":{"angle":0,"axis":"y","origin":[26.250000000000142,8,33.2999999999999]},"faces":{"up":{"uv":[3.3671875,8.625,3,8.25],"texture":"#0"},"down":{"uv":[3.3671875,8.25,3,8.625],"texture":"#0"}}},{"from":[-14.624301048662772,7.999999999999998,6.900813526706372],"to":[9.120698951337516,7.999999999999998,30.900813526706372],"rotation":{"angle":0,"axis":"y","origin":[2.5625000000000853,8,21.799999999999898]},"faces":{"up":{"uv":[2.6171875,8.625,2.25,8.25],"texture":"#0"},"down":{"uv":[2.6171875,8.25,2.25,8.625],"texture":"#0"}}},{"from":[-14.637591898853827,7.999999999999998,-15.043847137095838],"to":[9.107408101146461,7.999999999999998,8.956152862904162],"rotation":{"angle":0,"axis":"y","origin":[2.5625000000000853,8,33.2999999999999]},"faces":{"up":{"uv":[3.7421875,8.625,3.375,8.25],"texture":"#0"},"down":{"uv":[3.7421875,8.25,3.375,8.625],"texture":"#0"}}}],"textures":{"0":"minecraft:entity/animated/smaug/smaug_gold"},"display":{"head":{"translation":[0,-6.4,0],"scale":[3.2,3.2,3.2],"rotation":[0,180,0]}}}