{
	"textures": {
		"0": "minecraft:block/beer_mug"
	},
	"elements": [
		{
			"from": [7.7375, 4.85, 6.425],
			"to": [8.2625, 11.15, 9.575],
			"light_emission": 0,
			"faces": {
				"north": {
					"uv": [0.45714, 0.125, 0.98214, 6.425],
					"texture": "#0"
				},
				"east": {
					"uv": [0.07619, 0.09375, 3.22619, 6.39375],
					"texture": "#0"
				},
				"south": {
					"uv": [0, 0.125, 0.525, 6.425],
					"texture": "#0"
				},
				"west": {
					"uv": [0, 0.09375, 3.15, 6.39375],
					"texture": "#0"
				},
				"up": {
					"uv": [1.06667, 0.375, 4.21667, 0.9],
					"rotation": 270,
					"texture": "#0"
				},
				"down": {
					"uv": [0.7619, 0.5, 3.9119, 1.025],
					"rotation": 90,
					"texture": "#0"
				}
			}
		}
	],
	"display": {
		"fixed": {
			"rotation": [90, 12.5, -180],
			"translation": [5.25136, -10.3773, -6.3],
			"scale": [2, 2, 2]
		}
	}
}