{
	"textures": {
		"0": "minecraft:block/beer_mug"
	},
	"elements": [
		{
			"from": [7.34375, 7.475, 7.475],
			"to": [8.65625, 8.525, 8.525],
			"light_emission": 0,
			"faces": {
				"north": {
					"uv": [0.60952, 1, 1.92202, 2.05],
					"texture": "#0"
				},
				"south": {
					"uv": [0.60952, 1, 1.92202, 2.05],
					"texture": "#0"
				},
				"up": {
					"uv": [0.60952, 1, 1.92202, 2.05],
					"texture": "#0"
				},
				"down": {
					"uv": [0.60952, 1, 1.92202, 2.05],
					"texture": "#0"
				}
			}
		}
	],
	"display": {
		"fixed": {
			"rotation": [90, 12.5, -180],
			"translation": [14.22649, -8.41317, -9.45],
			"scale": [2, 2, 2]
		}
	}
}