{
	"format_version": "1.21.11",
	"credit": "Made with Blockbench",
	"parent": "minecraft:item/generated",
	"texture_size": [48, 48],
	"textures": {
		"particle": "#0"
	},
	"elements": [
		{
			"from": [3.51211, -8.87172, -0.16579],
			"to": [12.48789, 25.48219, 9.22484],
			"rotation": {"x": -26.55, "y": 0, "z": 0, "origin": [4.51211, 7.82828, 4.30687]},
			"faces": {
				"north": {"uv": [0.02083, 0, 11.47214, 2.99193], "rotation": 90, "texture": "#0"},
				"east": {"uv": [3.36067, 1.66667, 14.81198, 4.79688], "rotation": 90, "texture": "#0"},
				"south": {"uv": [1, 0.66667, 12.4513, 3.6586], "rotation": 90, "texture": "#0"},
				"west": {"uv": [3.17578, 9.66667, 14.62708, 12.79688], "rotation": 90, "texture": "#0"},
				"up": {"uv": [12.33333, 10.84245, 15.46354, 13.83438], "rotation": 90, "texture": "#0"},
				"down": {"uv": [0, 11.02734, 3.13021, 14.01927], "rotation": 90, "texture": "#0"}
			}
		},
		{
			"from": [3.51211, -7.80696, 10.2615],
			"to": [12.48789, -6.289, 16.19509],
			"rotation": {"x": -26.5, "y": 0, "z": 0, "origin": [8, -5.65696, 13.23025]},
			"faces": {
				"east": {"uv": [0, 2.76068, 0.50599, 4.73854], "rotation": 90, "texture": "#0"},
				"south": {"uv": [4, 0, 4.50599, 2.99193], "rotation": 90, "texture": "#0"},
				"west": {"uv": [1.33333, 3.42734, 1.83932, 5.40521], "rotation": 90, "texture": "#0"},
				"up": {"uv": [0, 1.33333, 1.97786, 4.32526], "rotation": 90, "texture": "#0"},
				"down": {"uv": [0, 0.02214, 1.97786, 3.01406], "rotation": 90, "texture": "#0"}
			}
		},
		{
			"from": [3.50039, -9.17172, 7.80687],
			"to": [12.49961, -6.25766, 16.84203],
			"rotation": {"x": 0, "y": 0, "z": 0, "origin": [4.51211, 7.82828, 4.30687]},
			"faces": {
				"north": {"uv": [4.66667, 0.33333, 5.63802, 3.33307], "rotation": 90, "texture": "#0"},
				"east": {"uv": [0, 0, 0.97135, 3.01172], "rotation": 90, "texture": "#0"},
				"south": {"uv": [0, 0, 0.97135, 2.99974], "rotation": 90, "texture": "#0"},
				"west": {"uv": [1.53333, 1.89531, 2.50469, 4.90703], "rotation": 90, "texture": "#0"},
				"up": {"uv": [0, 1.53333, 3.01172, 4.53307], "rotation": 90, "texture": "#0"},
				"down": {"uv": [0, 0.00781, 3.01172, 3.00755], "rotation": 90, "texture": "#0"}
			}
		},
		{
			"from": [3.50039, 21.50841, -8.12325],
			"to": [12.49961, 22.86232, -8.12325],
			"rotation": {"x": -23.05, "y": 0, "z": 0, "origin": [8, 22.88537, -8.12325]},
			"faces": {
				"north": {"uv": [0.02083, 0, 0.47214, 2.99974], "rotation": 90, "texture": "#0"},
				"east": {"uv": [0.82422, 0, 1.27552, 0], "rotation": 90, "texture": "#0"},
				"south": {"uv": [0, 0, 0.4513, 2.99974], "rotation": 90, "texture": "#0"}
			}
		},
		{
			"from": [3.50039, 23.15038, -7.66349],
			"to": [12.49961, 24.50428, 1.60214],
			"rotation": {"x": -18.3, "y": 0, "z": 0, "origin": [8, 22.66717, -2.8588]},
			"faces": {
				"north": {"uv": [0.02083, 0, 0.47214, 2.99974], "rotation": 90, "texture": "#0"},
				"east": {"uv": [2.69401, 0, 3.14531, 3.08854], "rotation": 90, "texture": "#0"},
				"south": {"uv": [0, 0, 0.4513, 2.99974], "rotation": 90, "texture": "#0"},
				"west": {"uv": [0.21745, 0, 0.66875, 3.08854], "rotation": 90, "texture": "#0"},
				"up": {"uv": [0, 0.21745, 3.08854, 3.21719], "rotation": 90, "texture": "#0"},
				"down": {"uv": [0, 0.02734, 3.08854, 3.02708], "rotation": 90, "texture": "#0"}
			}
		},
		{
			"from": [3.50039, 21.65602, -7.8579],
			"to": [12.49961, 22.99039, -7.7329],
			"rotation": {"x": -23.3, "y": 0, "z": 0, "origin": [8, 22.30172, -7.65868]},
			"faces": {
				"north": {"uv": [0.02083, 0.00651, 0.46563, 3.00625], "rotation": 90, "texture": "#0"},
				"east": {"uv": [1.02734, 0.33984, 1.47214, 0.42839], "rotation": 90, "texture": "#0"},
				"south": {"uv": [0.33333, 0, 0.77813, 2.99974], "rotation": 90, "texture": "#0"},
				"up": {"uv": [0, 0, 0.08854, 2.99974], "rotation": 90, "texture": "#0"}
			}
		}
	],
	"display": {
		"thirdperson_righthand": {
			"rotation": [75, 45, 0],
			"translation": [0, 2.5, 0],
			"scale": [0.375, 0.375, 0.375]
		},
		"thirdperson_lefthand": {
			"rotation": [75, 45, 0],
			"translation": [0, 2.5, 0],
			"scale": [0.375, 0.375, 0.375]
		},
		"firstperson_righthand": {
			"rotation": [0, 45, 0],
			"scale": [0.4, 0.4, 0.4]
		},
		"firstperson_lefthand": {
			"rotation": [0, -135, 0],
			"scale": [0.4, 0.4, 0.4]
		},
		"ground": {
			"translation": [0, 3, 0],
			"scale": [0.25, 0.25, 0.25]
		},
		"gui": {
			"rotation": [30, -135, 0],
			"translation": [-1.75, 1, 0],
			"scale": [0.41, 0.41, 0.41]
		},
		"fixed": {
			"scale": [0.5, 0.5, 0.5]
		}
	},
	"groups": [
		{
			"name": "group",
			"origin": [-3.5, 1, 8],
			"color": 0,
			"children": [0, 1, 2, 3, 4, 5]
		}
	]
}