{
	"format_version": "1.21.11",
	"credit": "Made with Blockbench",
	"parent": "minecraft:item/generated",
	"texture_size": [48, 48],
	"textures": {
		"particle": "#0"
	},
	"elements": [
		{
			"from": [3.5, 7.20757, 4.07188],
			"to": [12.47578, 25.59351, 12.50158],
			"rotation": {"x": -45.05, "y": 0, "z": 0, "origin": [7.98789, 2.97771, 12.47868]},
			"faces": {
				"north": {"uv": [3.02083, 0, 9.14948, 2.99193], "rotation": 90, "texture": "#0"},
				"east": {"uv": [3.02734, 0, 9.15599, 2.8099], "rotation": 90, "texture": "#0"},
				"south": {"uv": [3, 0, 9.12865, 2.99193], "rotation": 90, "texture": "#0"},
				"west": {"uv": [3.17578, 0, 9.30443, 2.8099], "rotation": 90, "texture": "#0"},
				"up": {"uv": [3, 0.17578, 5.8099, 3.16771], "rotation": 90, "texture": "#0"},
				"down": {"uv": [3, 0.02734, 5.8099, 3.01927], "rotation": 90, "texture": "#0"}
			}
		},
		{
			"from": [3.5, 26.49194, 4.07188],
			"to": [12.47578, 28.59351, 6.50158],
			"rotation": {"x": -45.05, "y": 0, "z": 0, "origin": [7.98789, 2.97771, 12.47868]},
			"faces": {
				"north": {"uv": [3.02083, 0, 4.02136, 2.99193], "rotation": 90, "texture": "#0"},
				"east": {"uv": [3.02734, 0, 4.02787, 0.8099], "rotation": 90, "texture": "#0"},
				"south": {"uv": [3, 0, 4.00052, 2.99193], "rotation": 90, "texture": "#0"},
				"west": {"uv": [4.1763, 0, 3.17578, 0.8099], "rotation": 90, "texture": "#0"},
				"up": {"uv": [3, 0.17578, 3.8099, 3.16771], "rotation": 90, "texture": "#0"},
				"down": {"uv": [3, 0.02734, 3.8099, 3.01927], "rotation": 90, "texture": "#0"}
			}
		},
		{
			"from": [3.5, 2.8947, 8.3678],
			"to": [12.47578, 7.21266, 12.50139],
			"rotation": {"x": -45, "y": 0, "z": 0, "origin": [7.98789, 2.97771, 12.47868]},
			"faces": {
				"east": {"uv": [3, 2.76068, 4.43932, 4.13854], "rotation": 90, "texture": "#0"},
				"south": {"uv": [7, 0, 8.43932, 2.99193], "rotation": 90, "texture": "#0"},
				"west": {"uv": [4.33333, 3.42734, 5.77265, 4.80521], "rotation": 90, "texture": "#0"},
				"up": {"uv": [3, 1.33333, 4.37786, 4.32526], "rotation": 90, "texture": "#0"},
				"down": {"uv": [3, 0.02214, 4.37786, 3.01406], "rotation": 90, "texture": "#0"}
			}
		},
		{
			"from": [3.5, 15.78817, -11.00922],
			"to": [12.47578, 16.78974, -5.17952],
			"rotation": {"x": -45.05, "y": 0, "z": 0, "origin": [7.98789, 16.28896, -6.89437]},
			"faces": {
				"north": {"uv": [3.02083, 0, 3.35469, 2.99193], "rotation": 90, "texture": "#0"},
				"east": {"uv": [3.02734, 0, 3.3612, 1.14323], "rotation": 90, "texture": "#0"},
				"south": {"uv": [3, 0, 3.33386, 2.99193], "rotation": 90, "texture": "#0"},
				"west": {"uv": [3.50964, 1.14323, 3.17578, 0], "rotation": 90, "texture": "#0"},
				"up": {"uv": [3, 0.17578, 4.14323, 3.16771], "rotation": 90, "texture": "#0"},
				"down": {"uv": [3, 0.02734, 4.14323, 3.01927], "rotation": 90, "texture": "#0"}
			}
		},
		{
			"from": [3.5, 26.59194, 6.49766],
			"to": [12.47578, 27.59351, 7.92736],
			"rotation": {"x": -45.05, "y": 0, "z": 0, "origin": [7.98789, 2.97771, 12.47868]},
			"faces": {
				"north": {"uv": [3.02083, 0, 3.35469, 2.99193], "rotation": 90, "texture": "#0"},
				"east": {"uv": [3.02734, 0, 3.3612, 0.47656], "rotation": 90, "texture": "#0"},
				"south": {"uv": [3, 0, 3.33386, 2.99193], "rotation": 90, "texture": "#0"},
				"west": {"uv": [3.50964, 0, 3.17578, 0.47656], "rotation": 90, "texture": "#0"},
				"up": {"uv": [3, 0.17578, 3.47656, 3.16771], "rotation": 90, "texture": "#0"},
				"down": {"uv": [3, 0.02734, 3.47656, 3.01927], "rotation": 90, "texture": "#0"}
			}
		},
		{
			"from": [3.48828, 0, 3.5],
			"to": [12.4875, 2.91406, 12.53516],
			"rotation": {"x": 0, "y": 0, "z": 0, "origin": [4.5, 17, 0]},
			"faces": {
				"north": {"uv": [7.66667, 0.33333, 8.63802, 3.33307], "rotation": 90, "texture": "#0"},
				"east": {"uv": [3, 0, 3.97135, 3.01172], "rotation": 90, "texture": "#0"},
				"south": {"uv": [3, 0, 3.97135, 2.99974], "rotation": 90, "texture": "#0"},
				"west": {"uv": [4.53333, 1.89531, 5.50469, 4.90703], "rotation": 90, "texture": "#0"},
				"up": {"uv": [3, 1.53333, 6.01172, 4.53307], "rotation": 90, "texture": "#0"},
				"down": {"uv": [3, 0.00781, 6.01172, 3.00755], "rotation": 90, "texture": "#0"}
			}
		},
		{
			"from": [3.50781, 2.8, 6],
			"to": [12.46797, 3.71406, 7.03516],
			"rotation": {"x": 0, "y": 0, "z": 0, "origin": [4.5, 17.8, 0]},
			"faces": {
				"north": {"uv": [7.66667, 0.33333, 7.97135, 3.32005], "rotation": 90, "texture": "#0"},
				"east": {"uv": [3, 0, 3.30469, 0.34505], "rotation": 90, "texture": "#0"},
				"south": {"uv": [3, 0, 3.30469, 2.98672], "rotation": 90, "texture": "#0"},
				"west": {"uv": [4.53333, 1.89531, 4.83802, 2.24037], "rotation": 90, "texture": "#0"},
				"up": {"uv": [3, 1.53333, 3.34505, 4.52005], "rotation": 90, "texture": "#0"},
				"down": {"uv": [3, 0.00781, 3.34505, 2.99453], "rotation": 90, "texture": "#0"}
			}
		},
		{
			"from": [3.48828, 15.69789, -11.82438],
			"to": [12.4875, 16.8096, -11.66656],
			"rotation": {"x": -18.55, "y": 0, "z": 0, "origin": [7.98789, 16.13385, -9.9493]},
			"faces": {
				"north": {"uv": [3.02083, 0, 3.3914, 2.99974], "rotation": 90, "texture": "#0"},
				"east": {"uv": [5.69401, 0, 6.06458, 0.05261], "rotation": 90, "texture": "#0"},
				"south": {"uv": [3, 0, 3.37057, 2.99974], "rotation": 90, "texture": "#0"},
				"west": {"uv": [3.21745, 0, 3.58802, 0.05261], "rotation": 90, "texture": "#0"},
				"up": {"uv": [3, 0.21745, 3.05261, 3.21719], "rotation": 90, "texture": "#0"},
				"down": {"uv": [3, 0.02734, 3.05261, 3.02708], "rotation": 90, "texture": "#0"}
			}
		},
		{
			"from": [3.48828, 15.99476, -11.98063],
			"to": [12.4875, 16.8096, -11.82281],
			"rotation": {"x": -18.55, "y": 0, "z": 0, "origin": [7.98789, 16.13385, -9.9493]},
			"faces": {
				"north": {"uv": [3.02083, 0, 3.29245, 2.99974], "rotation": 90, "texture": "#0"},
				"east": {"uv": [5.69401, 0, 5.96562, 0.05261], "rotation": 90, "texture": "#0"},
				"south": {"uv": [3, 0, 3.27161, 2.99974], "rotation": 90, "texture": "#0"},
				"west": {"uv": [3.21745, 0, 3.48906, 0.05261], "rotation": 90, "texture": "#0"},
				"up": {"uv": [3, 0.21745, 3.05261, 3.21719], "rotation": 90, "texture": "#0"},
				"down": {"uv": [3, 0.02734, 3.05261, 3.02708], "rotation": 90, "texture": "#0"}
			}
		},
		{
			"from": [3.48828, 14.92188, -12.03982],
			"to": [12.4875, 16.21329, -12.03982],
			"rotation": {"x": -45.3, "y": 0, "z": 0, "origin": [7.98789, 15.59981, -12.00874]},
			"faces": {
				"north": {"uv": [3.02083, 0, 3.4513, 2.99974], "rotation": 90, "texture": "#0"},
				"east": {"uv": [3.82422, 0, 4.25469, 0], "rotation": 90, "texture": "#0"},
				"south": {"uv": [3, 0, 3.43047, 2.99974], "rotation": 90, "texture": "#0"}
			}
		},
		{
			"from": [3.48828, 16.30726, -12.13688],
			"to": [12.4875, 16.8096, -11.97906],
			"rotation": {"x": -18.55, "y": 0, "z": 0, "origin": [7.98789, 16.13385, -9.9493]},
			"faces": {
				"north": {"uv": [3.02083, 0, 3.18828, 2.99974], "rotation": 90, "texture": "#0"},
				"east": {"uv": [5.69401, 0, 5.86146, 0.05261], "rotation": 90, "texture": "#0"},
				"south": {"uv": [3, 0, 3.16745, 2.99974], "rotation": 90, "texture": "#0"},
				"west": {"uv": [3.21745, 0, 3.38489, 0.05261], "rotation": 90, "texture": "#0"},
				"up": {"uv": [3, 0.21745, 3.05261, 3.21719], "rotation": 90, "texture": "#0"},
				"down": {"uv": [3, 0.02734, 3.05261, 3.02708], "rotation": 90, "texture": "#0"}
			}
		},
		{
			"from": [3.48828, 15.4557, -11.70094],
			"to": [12.4875, 16.8096, -2.96656],
			"rotation": {"x": -18.55, "y": 0, "z": 0, "origin": [7.98789, 16.13385, -9.9493]},
			"faces": {
				"north": {"uv": [3.02083, 0, 3.47213, 2.99974], "rotation": 90, "texture": "#0"},
				"east": {"uv": [5.69401, 0, 6.14531, 2.91146], "rotation": 90, "texture": "#0"},
				"south": {"uv": [3, 0, 3.4513, 2.99974], "rotation": 90, "texture": "#0"},
				"west": {"uv": [4.33542, 2.91146, 3.88412, 0], "rotation": 90, "texture": "#0"},