{"elements":[{"from":[6.967078492099187,5.725196491627235,6.983944678434573],"to":[8.217078492099187,6.975196491627235,8.983944678434574],"rotation":{"angle":0,"axis":"y","origin":[9.985828492099188,-4.118553508372763,8.077694678434574]},"faces":{"north":{"uv":[14.677333333333332,9.010666666666665,15.5,9.833333333333332],"rotation":270,"texture":"#1"},"east":{"uv":[14.5,3.6559999999999997,13.677333333333332,2.0106666666666664],"rotation":90,"texture":"#1"},"south":{"uv":[14.677333333333332,9.010666666666665,15.5,9.833333333333332],"texture":"#1"},"west":{"uv":[4.489333333333333,8.833333333333332,3.6666666666666665,10.478666666666665],"rotation":90,"texture":"#1"},"up":{"uv":[13.5,2.6666666666666665,15.166666666666666,3.5],"rotation":90,"texture":"#1"},"down":{"uv":[3,9.166666666666666,4.645333333333333,9.989333333333333],"rotation":90,"texture":"#1"}}},{"from":[6.954578492099188,6.737696491627236,7.015194678434573],"to":[8.204578492099188,7.987696491627236,9.015194678434574],"rotation":{"angle":0,"axis":"y","origin":[10.142078492099188,-3.962303508372763,8.077694678434574]},"faces":{"north":{"uv":[14.666666666666666,9.166666666666666,15.489333333333335,9.989333333333333],"rotation":180,"texture":"#1"},"east":{"uv":[13.5,2.6666666666666665,15.166666666666666,3.5],"rotation":180,"texture":"#1"},"south":{"uv":[14.677333333333332,9.010666666666665,15.5,9.833333333333332],"rotation":90,"texture":"#1"},"west":{"uv":[3,9.166666666666666,4.645333333333333,9.989333333333333],"rotation":180,"texture":"#1"},"up":{"uv":[2.6559999999999997,6.166666666666666,1.8333333333333333,7.811999999999999],"rotation":180,"texture":"#1"},"down":{"uv":[14.5,3.6559999999999997,13.677333333333332,2.0106666666666664],"rotation":180,"texture":"#1"}}},{"from":[1.9858284920991922,4.818946491627235,6.858944678434573],"to":[3.2358284920991887,6.568946491627235,9.233944678434574],"rotation":{"angle":-22.5,"axis":"z","origin":[10.142078492099188,-4.274803508372763,8.077694678434574]},"faces":{"north":{"uv":[14.666666666666666,9.166666666666666,15.5,10.333333333333332],"texture":"#1"},"east":{"uv":[3,9.166666666666666,4.645333333333333,9.989333333333333],"texture":"#1"},"south":{"uv":[14.166666666666666,9,15.333333333333332,9.833333333333332],"rotation":270,"texture":"#1"},"west":{"uv":[13.833333333333332,1,15.166666666666666,2.1666666666666665],"texture":"#1"},"up":{"uv":[14.5,3.6559999999999997,13.677333333333332,2.0106666666666664],"texture":"#1"},"down":{"uv":[9.155999999999999,6,8.333333333333332,7.645333333333333],"texture":"#1"}}},{"from":[6.485828492099186,6.818946491627235,6.983944678434573],"to":[7.735828492099186,8.068946491627235,8.983944678434574],"rotation":{"angle":0,"axis":"y","origin":[10.142078492099188,-4.274803508372763,8.077694678434574]},"faces":{"north":{"uv":[14.677333333333332,9.010666666666665,15.5,9.833333333333332],"texture":"#1"},"east":{"uv":[3,9.166666666666666,4.645333333333333,9.989333333333333],"texture":"#1"},"south":{"uv":[14.677333333333332,9.010666666666665,15.5,9.833333333333332],"rotation":270,"texture":"#1"},"west":{"uv":[13.666666666666666,1,15.333333333333332,1.8333333333333333],"texture":"#1"},"up":{"uv":[14.5,3.6559999999999997,13.677333333333332,2.0106666666666664],"texture":"#1"},"down":{"uv":[5.989333333333333,9.333333333333332,5.166666666666666,10.978666666666665],"texture":"#1"}}},{"from":[6.843341101854593,8.183481193577125,6.571444678434573],"to":[8.218341101854593,9.183481193577125,9.571444678434574],"rotation":{"angle":22.5,"axis":"z","origin":[7.530841101854595,8.683481193577121,8.221444678434572]},"faces":{"north":{"uv":[7.677333333333333,11.010666666666665,8.322666666666667,11.989333333333335],"rotation":270,"texture":"#1"},"east":{"uv":[3.989333333333333,15.989333333333335,3.344,14.010666666666665],"rotation":90,"texture":"#1"},"south":{"uv":[3.344,15.010666666666665,3.989333333333333,15.989333333333335],"rotation":90,"texture":"#1"},"west":{"uv":[3.989333333333333,14.010666666666665,3.344,15.989333333333335],"rotation":90,"texture":"#1"},"up":{"uv":[0.344,11.010666666666665,2.3226666666666667,11.989333333333335],"rotation":90,"texture":"#1"},"down":{"uv":[0.5,11.010666666666665,2.5,11.989333333333335],"rotation":90,"texture":"#1"}}},{"from":[6.645573060318201,5.376762571188008,7.114835890578505],"to":[8.235573060318202,8.556762571188013,8.890335890578505],"rotation":{"angle":0,"axis":"y","origin":[10.285578492099187,-4.2643035083727625,8.108944678434574]},"faces":{"north":{"uv":[13.343999999999998,0.010666666666666666,14.322666666666667,2.1666666666666665],"texture":"#0"},"east":{"uv":[10.344,7.010666666666666,11.5,9.166666666666666],"texture":"#0"},"south":{"uv":[13.010666666666665,4.677333333333333,13.989333333333335,6.833333333333333],"texture":"#0"},"west":{"uv":[10.344,7.010666666666666,11.5,9.166666666666666],"texture":"#0"},"up":{"uv":[13.978666666666665,6.656000000000001,13,5.5],"texture":"#0"},"down":{"uv":[13.978666666666665,6.656000000000001,13,5.5],"texture":"#0"}}}],"textures":{"0":"minecraft:entity/animated/elven_soldier_sword/elf","1":"minecraft:entity/animated/elven_soldier_sword/elven_armour","2":"minecraft:entity/animated/elven_soldier_sword/Elven_Helmet","3":"minecraft:entity/animated/elven_soldier_sword/sword"},"display":{"head":{"translation":[0,-6.4,0],"scale":[3.2,3.2,3.2],"rotation":[0,180,0]}},"texture_size":[32,32]}