{"elements":[{"from":[7.464830190387199,7.693841828858838,8.018302088296439],"to":[8.5351698096128,8.539858773396439,9.191189215950823],"rotation":{"angle":0,"axis":"x","origin":[8,8,8]},"color":6,"faces":{"north":{"uv":[0,0,2.0875000000000004,1.6500000000000017],"texture":"#missing"},"east":{"uv":[0,0,2.2874999999999694,1.6500000000000017],"texture":"#missing"},"south":{"uv":[0,0,2.0875000000000004,1.6500000000000017],"texture":"#missing"},"west":{"uv":[0,0,2.2874999999999694,1.6500000000000017],"texture":"#missing"},"up":{"uv":[0,0,2.0875000000000004,2.2874999999999694],"texture":"#missing"},"down":{"uv":[0,0,2.0875000000000004,2.2874999999999694],"texture":"#missing"}}}],"textures":{},"display":{"head":{"translation":[0,-6.4,0],"scale":[3.2,3.2,3.2],"rotation":[0,180,0]}},"texture_size":[32,32]}