{"elements":[{"from":[7.8045188120576,7.8946572984242565,8.178354211703855],"to":[8.2018904072192,8.099752315281854,8.979506621303837],"rotation":{"angle":0,"axis":"x","origin":[8,8,8]},"color":6,"faces":{"north":{"uv":[0,0,0.7750000000000001,0.399999999999995],"texture":"#missing"},"east":{"uv":[0,0,1.5624999999999716,0.399999999999995],"texture":"#missing"},"south":{"uv":[0,0,0.7750000000000001,0.399999999999995],"texture":"#missing"},"west":{"uv":[0,0,1.5624999999999716,0.399999999999995],"texture":"#missing"},"up":{"uv":[0,0,0.7750000000000001,1.5624999999999716],"texture":"#missing"},"down":{"uv":[0,0,0.7750000000000001,1.5624999999999716],"texture":"#missing"}}}],"textures":{},"display":{"head":{"translation":[0,-6.4,0],"scale":[3.2,3.2,3.2],"rotation":[0,180,0]}},"texture_size":[32,32]}