{"elements":[{"from":[7.92362261572223,7.978260741147508,7.753417951290521],"to":[8.076377384277771,8.110916198051003,7.98656996645424],"rotation":{"angle":0,"axis":"x","origin":[8,8,8]},"color":5,"faces":{"north":{"uv":[0.4750000000000001,0,0,0.41249999999999987],"rotation":180,"texture":"#missing"},"east":{"uv":[0,0.7250000000000002,0.41249999999999987,0],"rotation":90,"texture":"#missing"},"south":{"uv":[0.4750000000000001,0,0,0.41249999999999987],"texture":"#missing"},"west":{"uv":[0,0.7250000000000002,0.41249999999999987,0],"rotation":270,"texture":"#missing"},"up":{"uv":[0.4750000000000001,0,0,0.7250000000000002],"rotation":180,"texture":"#missing"},"down":{"uv":[0.4750000000000001,0,0,0.7250000000000002],"texture":"#missing"}}}],"textures":{},"display":{"head":{"translation":[0,-6.4,0],"scale":[3.2,3.2,3.2],"rotation":[0,180,0]}},"texture_size":[32,32]}