{"elements":[{"from":[7.6410837204992,5.922486541737923,7.407388377671568],"to":[8.2820056481792,8.344618114473924,8.041901086074766],"rotation":{"angle":0,"axis":"x","origin":[8,8,8]},"color":7,"faces":{"north":{"uv":[1.25,0,0,4.625],"texture":"#missing"},"east":{"uv":[1.2374999999999998,0,0,4.625],"texture":"#missing"},"south":{"uv":[1.25,0,0,4.625],"texture":"#missing"},"west":{"uv":[1.2374999999999998,0,0,4.625],"texture":"#missing"},"up":{"uv":[1.25,0,0,1.2374999999999998],"texture":"#missing"},"down":{"uv":[1.25,0,0,1.2374999999999998],"texture":"#missing"}}}],"textures":{},"display":{"head":{"translation":[0,-6.4,0],"scale":[3.2,3.2,3.2],"rotation":[0,180,0]}},"texture_size":[32,32]}