{"elements":[{"from":[7.36857807232,7.711585132543998,6.883031975936007],"to":[8.65042192768,8.352507060224001,7.972599252991998],"rotation":{"angle":0,"axis":"x","origin":[8.0095,8,7.556000000000001]},"color":3,"faces":{"north":{"uv":[0,0,2.5,1.25],"texture":"#missing"},"east":{"uv":[0,0,2.125,1.25],"texture":"#missing"},"south":{"uv":[0,0,2.5,1.25],"texture":"#missing"},"west":{"uv":[0,0,2.125,1.25],"texture":"#missing"},"up":{"uv":[0,0,2.5,2.125],"texture":"#missing"},"down":{"uv":[0,0,2.5,2.125],"texture":"#missing"}}}],"textures":{},"display":{"head":{"translation":[0,-6.4,0],"scale":[3.2,3.2,3.2],"rotation":[0,180,0]}},"texture_size":[32,32]}