{"elements":[{"from":[7.432784094003201,7.460002943605039,7.851455253072674],"to":[8.5800343445504,8.46625037006264,9.210209739754259],"rotation":{"angle":0,"axis":"x","origin":[8,8,8]},"color":6,"faces":{"north":{"uv":[0,0,2.2375,1.9625000000000012],"texture":"#missing"},"east":{"uv":[0,0,2.6499999999999737,1.9625000000000012],"texture":"#missing"},"south":{"uv":[0,0,2.2375,1.9625000000000012],"texture":"#missing"},"west":{"uv":[0,0,2.6499999999999737,1.9625000000000012],"texture":"#missing"},"up":{"uv":[0,0,2.2375,2.6499999999999737],"texture":"#missing"},"down":{"uv":[0,0,2.2375,2.6499999999999737],"texture":"#missing"}}}],"textures":{},"display":{"head":{"translation":[0,-6.4,0],"scale":[3.2,3.2,3.2],"rotation":[0,180,0]}},"texture_size":[32,32]}