{"elements":[{"from":[7.36857807232,7.391124168703998,7.011216361472002],"to":[8.65042192768,7.967953903616003,7.523953903616004],"rotation":{"angle":0,"axis":"x","origin":[8.0095,8,7.555999999999997]},"color":3,"faces":{"north":{"uv":[0,0,2.5,1.125],"rotation":180,"texture":"#missing"},"east":{"uv":[0,0,1.125,1],"rotation":90,"texture":"#missing"},"south":{"uv":[0,0,2.5,1.125],"texture":"#missing"},"west":{"uv":[0,0,1.125,1],"rotation":270,"texture":"#missing"},"up":{"uv":[0,0,2.5,1],"texture":"#missing"},"down":{"uv":[0,0,2.5,1],"rotation":180,"texture":"#missing"}}}],"textures":{},"display":{"head":{"translation":[0,-6.4,0],"scale":[3.2,3.2,3.2],"rotation":[0,180,0]}},"texture_size":[32,32]}