{"elements":[{"from":[6.984024915712,7.179619932569599,5.7870554796032],"to":[9.105476496332802,9.192114785484799,7.87646096384],"rotation":{"angle":0,"axis":"x","origin":[8.0095,8,7.556000000000001]},"color":0,"faces":{"north":{"uv":[0,0,4.000000000000002,3],"texture":"#missing"},"east":{"uv":[0,0,3.375,3],"texture":"#missing"},"south":{"uv":[0,0,4.000000000000002,3],"texture":"#missing"},"west":{"uv":[0,0,3.375,3],"texture":"#missing"},"up":{"uv":[0,0,4.000000000000002,3.375],"texture":"#missing"},"down":{"uv":[0,0,4.000000000000002,3.375],"texture":"#missing"}}}],"textures":{},"display":{"head":{"translation":[0,-6.4,0],"scale":[3.2,3.2,3.2],"rotation":[0,180,0]}},"texture_size":[32,32]}