{"elements":[{"from":[7.8365649084416,7.923760687957605,8.043038747934158],"to":[8.1698443108352,8.116037266261602,8.895464911748544],"rotation":{"angle":0,"axis":"x","origin":[8,8,8]},"color":6,"faces":{"north":{"uv":[0,0,0.6500000000000002,0.37499999999999467],"texture":"#missing"},"east":{"uv":[0,0,1.662499999999973,0.37499999999999467],"texture":"#missing"},"south":{"uv":[0,0,0.6500000000000002,0.37499999999999467],"texture":"#missing"},"west":{"uv":[0,0,1.662499999999973,0.37499999999999467],"texture":"#missing"},"up":{"uv":[0,0,0.6500000000000002,1.662499999999973],"texture":"#missing"},"down":{"uv":[0,0,0.6500000000000002,1.662499999999973],"texture":"#missing"}}}],"textures":{},"display":{"head":{"translation":[0,-6.4,0],"scale":[3.2,3.2,3.2],"rotation":[0,180,0]}},"texture_size":[32,32]}