{"elements":[{"from":[7.7724727156736,7.915065163326881,7.977183422666354],"to":[8.2339365036032,8.120160180184477,8.829609586480736],"rotation":{"angle":0,"axis":"x","origin":[8,8,8]},"color":6,"faces":{"north":{"uv":[0,0,0.9000000000000001,0.399999999999995],"texture":"#missing"},"east":{"uv":[0,0,1.662499999999973,0.399999999999995],"texture":"#missing"},"south":{"uv":[0,0,0.9000000000000001,0.399999999999995],"texture":"#missing"},"west":{"uv":[0,0,1.662499999999973,0.399999999999995],"texture":"#missing"},"up":{"uv":[0,0,0.9000000000000001,1.662499999999973],"texture":"#missing"},"down":{"uv":[0,0,0.9000000000000001,1.662499999999973],"texture":"#missing"}}}],"textures":{},"display":{"head":{"translation":[0,-6.4,0],"scale":[3.2,3.2,3.2],"rotation":[0,180,0]}},"texture_size":[32,32]}