{"elements":[{"from":[7.36857807232,7.650848788493407,6.178025176825781],"to":[8.65042192768,8.355862908941408,7.5239612249537835],"rotation":{"angle":0,"axis":"x","origin":[8.0095,8,7.555999999999997]},"color":3,"faces":{"north":{"uv":[0,0,2.5,1.375],"texture":"#missing"},"east":{"uv":[0,0,2.625,1.375],"texture":"#missing"},"south":{"uv":[0,0,2.5,1.375],"texture":"#missing"},"west":{"uv":[0,0,2.625,1.375],"texture":"#missing"},"up":{"uv":[0,0,2.5,2.625],"texture":"#missing"},"down":{"uv":[0,0,2.5,2.625],"texture":"#missing"}}}],"textures":{},"display":{"head":{"translation":[0,-6.4,0],"scale":[3.2,3.2,3.2],"rotation":[0,180,0]}},"texture_size":[32,32]}