{"elements":[{"from":[7.9236226157222305,7.650299175697952,8.057041262817856],"to":[8.07637738427777,8.124642930686209,8.18969671972135],"rotation":{"angle":0,"axis":"z","origin":[8,8,8]},"color":5,"faces":{"north":{"uv":[0,0,0.4750000000000001,1.475],"texture":"#missing"},"east":{"uv":[0,0,0.41249999999999964,1.475],"texture":"#missing"},"south":{"uv":[0,0,0.4750000000000001,1.475],"texture":"#missing"},"west":{"uv":[0,0,0.41249999999999964,1.475],"texture":"#missing"},"up":{"uv":[0,0,0.4750000000000001,0.41249999999999964],"texture":"#missing"},"down":{"uv":[0,0,0.4750000000000001,0.41249999999999964],"texture":"#missing"}}}],"textures":{},"display":{"head":{"translation":[0,-6.4,0],"scale":[3.2,3.2,3.2],"rotation":[0,180,0]}},"texture_size":[32,32]}