{"elements":[{"from":[7.7340174000127995,7.916063935653062,8.101222560071173],"to":[8.2788010385408,8.121158952510658,8.953648723885554],"rotation":{"angle":0,"axis":"x","origin":[8,8,8]},"color":6,"faces":{"north":{"uv":[0,0,1.0625000000000002,0.399999999999995],"texture":"#missing"},"east":{"uv":[0,0,1.662499999999973,0.399999999999995],"texture":"#missing"},"south":{"uv":[0,0,1.0625000000000002,0.399999999999995],"texture":"#missing"},"west":{"uv":[0,0,1.662499999999973,0.399999999999995],"texture":"#missing"},"up":{"uv":[0,0,1.0625000000000002,1.662499999999973],"texture":"#missing"},"down":{"uv":[0,0,1.0625000000000002,1.662499999999973],"texture":"#missing"}}}],"textures":{},"display":{"head":{"translation":[0,-6.4,0],"scale":[3.2,3.2,3.2],"rotation":[0,180,0]}},"texture_size":[32,32]}