{"elements":[{"from":[7.722629499201782,6.68550501795627,8.018089380486842],"to":[8.277370500798218,7.513596658020516,8.235161946328926],"rotation":{"angle":0,"axis":"x","origin":[8,8,8]},"color":5,"faces":{"north":{"uv":[0,0,1.725,2.575],"texture":"#missing"},"east":{"uv":[0,0,0.6749999999999989,2.575],"texture":"#missing"},"south":{"uv":[0,0,1.725,2.575],"texture":"#missing"},"west":{"uv":[0,0,0.6749999999999989,2.575],"texture":"#missing"},"up":{"uv":[0,0,1.725,0.6749999999999989],"texture":"#missing"},"down":{"uv":[0,0,1.725,0.6749999999999989],"texture":"#missing"}}}],"textures":{},"display":{"head":{"translation":[0,-6.4,0],"scale":[3.2,3.2,3.2],"rotation":[0,180,0]}},"texture_size":[32,32]}