{"elements":[{"from":[8,11.236655734784001,11.1853819805696],"to":[9.538212626432001,12.774868361216,12.723594607001598],"rotation":{"angle":0,"axis":"y","origin":[8,8,8]},"color":6,"faces":{"north":{"uv":[0,0,3,2.999999999999999],"texture":"#missing"},"east":{"uv":[0,0,2.9999999999999964,2.999999999999999],"texture":"#missing"},"south":{"uv":[0,0,3,2.999999999999999],"texture":"#missing"},"west":{"uv":[0,0,2.9999999999999964,2.999999999999999],"texture":"#missing"},"up":{"uv":[0,0,3,2.9999999999999964],"texture":"#missing"},"down":{"uv":[0,0,3,2.9999999999999964],"texture":"#missing"}}}],"textures":{},"display":{"head":{"translation":[0,-6.4,0],"scale":[3.2,3.2,3.2],"rotation":[0,180,0]}},"texture_size":[32,32]}