{"elements":[{"from":[7.695562084352,7.942942886578006,7.919401193126285],"to":[8.3172563542016,8.148037903435604,8.771827356940667],"rotation":{"angle":0,"axis":"x","origin":[8,8,8]},"color":6,"faces":{"north":{"uv":[0,0,1.2125,0.399999999999995],"texture":"#missing"},"east":{"uv":[0,0,1.662499999999966,0.399999999999995],"texture":"#missing"},"south":{"uv":[0,0,1.2125,0.399999999999995],"texture":"#missing"},"west":{"uv":[0,0,1.662499999999966,0.399999999999995],"texture":"#missing"},"up":{"uv":[0,0,1.2125,1.662499999999966],"texture":"#missing"},"down":{"uv":[0,0,1.2125,1.662499999999966],"texture":"#missing"}}}],"textures":{},"display":{"head":{"translation":[0,-6.4,0],"scale":[3.2,3.2,3.2],"rotation":[0,180,0]}},"texture_size":[32,32]}