{"elements":[{"from":[7.343055024128001,7.195246364006327,8.13585511431516],"to":[8.6697634144256,8.54759163141113,9.67406774074716],"rotation":{"angle":0,"axis":"x","origin":[8,8,8]},"color":6,"faces":{"north":{"uv":[0,0,2.5875,2.637500000000003],"texture":"#missing"},"east":{"uv":[0,0,2.9999999999999964,2.637500000000003],"texture":"#missing"},"south":{"uv":[0,0,2.5875,2.637500000000003],"texture":"#missing"},"west":{"uv":[0,0,2.9999999999999964,2.637500000000003],"texture":"#missing"},"up":{"uv":[0,0,2.5875,2.9999999999999964],"texture":"#missing"},"down":{"uv":[0,0,2.5875,2.9999999999999964],"texture":"#missing"}}}],"textures":{},"display":{"head":{"translation":[0,-6.4,0],"scale":[3.2,3.2,3.2],"rotation":[0,180,0]}},"texture_size":[32,32]}