{"elements":[{"from":[7.1474600072704,7.339850414489599,6.7228014940160055],"to":[8.4293038626304,8.589648173465598,8.325106313215999],"rotation":{"angle":0,"axis":"x","origin":[8.0095,8,7.555999999999999]},"color":3,"faces":{"north":{"uv":[0,0,2.5,2.4375],"texture":"#missing"},"east":{"uv":[0,0,3.124999999999999,2.4375],"texture":"#missing"},"south":{"uv":[0,0,2.5,2.4375],"texture":"#missing"},"west":{"uv":[0,0,3.124999999999999,2.4375],"texture":"#missing"},"up":{"uv":[0,0,2.5,3.124999999999999],"texture":"#missing"},"down":{"uv":[0,0,2.5,3.124999999999999],"texture":"#missing"}}}],"textures":{},"display":{"head":{"translation":[0,-6.4,0],"scale":[3.2,3.2,3.2],"rotation":[0,180,0]}},"texture_size":[32,32]}