{"elements":[{"from":[7.756449667481599,6.1761390755839995,7.939112416870396],"to":[8.192276578304,8.16023048192,8.342893231308798],"rotation":{"angle":0,"axis":"x","origin":[8,8,8]},"color":5,"faces":{"north":{"uv":[0.8500000000000001,0,0,3.3750000000000004],"texture":"#missing"},"east":{"uv":[0.7875000000000001,0,0,3.3750000000000004],"texture":"#missing"},"south":{"uv":[0.8500000000000001,0,0,3.3750000000000004],"texture":"#missing"},"west":{"uv":[0.7875000000000001,0,0,3.3750000000000004],"texture":"#missing"},"up":{"uv":[0.8500000000000001,0,0,0.7875000000000001],"texture":"#missing"},"down":{"uv":[0.8500000000000001,0,0,0.7875000000000001],"texture":"#missing"}}}],"textures":{},"display":{"head":{"translation":[0,-6.4,0],"scale":[3.2,3.2,3.2],"rotation":[0,180,0]}},"texture_size":[32,32]}