{"elements":[{"from":[7.375101120511999,7.6492107796791515,8.181988329976033],"to":[8.6377173180416,8.873371661547953,9.598425790148827],"rotation":{"angle":0,"axis":"x","origin":[8,8,8]},"color":6,"faces":{"north":{"uv":[0,0,2.4625,2.387500000000002],"texture":"#missing"},"east":{"uv":[0,0,2.762499999999994,2.387500000000002],"texture":"#missing"},"south":{"uv":[0,0,2.4625,2.387500000000002],"texture":"#missing"},"west":{"uv":[0,0,2.762499999999994,2.387500000000002],"texture":"#missing"},"up":{"uv":[0,0,2.4625,2.762499999999994],"texture":"#missing"},"down":{"uv":[0,0,2.4625,2.762499999999994],"texture":"#missing"}}}],"textures":{},"display":{"head":{"translation":[0,-6.4,0],"scale":[3.2,3.2,3.2],"rotation":[0,180,0]}},"texture_size":[32,32]}