{"elements":[{"from":[7.5417408217088,7.633203859065302,8.271052899796427],"to":[8.4710776168448,8.267716567468504,9.44394002745081],"rotation":{"angle":0,"axis":"x","origin":[8,8,8]},"color":6,"faces":{"north":{"uv":[0,0,1.8125000000000002,1.2375000000000025],"texture":"#missing"},"east":{"uv":[0,0,2.2874999999999694,1.2375000000000025],"texture":"#missing"},"south":{"uv":[0,0,1.8125000000000002,1.2375000000000025],"texture":"#missing"},"west":{"uv":[0,0,2.2874999999999694,1.2375000000000025],"texture":"#missing"},"up":{"uv":[0,0,1.8125000000000002,2.2874999999999694],"texture":"#missing"},"down":{"uv":[0,0,1.8125000000000002,2.2874999999999694],"texture":"#missing"}}}],"textures":{},"display":{"head":{"translation":[0,-6.4,0],"scale":[3.2,3.2,3.2],"rotation":[0,180,0]}},"texture_size":[32,32]}