{"elements":[{"from":[7.855792566272,7.939855208361705,7.998417006182315],"to":[8.1377982144512,8.132131786665703,8.850843169996704],"rotation":{"angle":0,"axis":"x","origin":[8,8,8]},"color":6,"faces":{"north":{"uv":[0,0,0.55,0.37499999999999467],"texture":"#missing"},"east":{"uv":[0,0,1.662499999999973,0.37499999999999467],"texture":"#missing"},"south":{"uv":[0,0,0.55,0.37499999999999467],"texture":"#missing"},"west":{"uv":[0,0,1.662499999999973,0.37499999999999467],"texture":"#missing"},"up":{"uv":[0,0,0.55,1.662499999999973],"texture":"#missing"},"down":{"uv":[0,0,0.55,1.662499999999973],"texture":"#missing"}}}],"textures":{},"display":{"head":{"translation":[0,-6.4,0],"scale":[3.2,3.2,3.2],"rotation":[0,180,0]}},"texture_size":[32,32]}