{"elements":[{"from":[7.1474600072704,7.2052568096768015,6.511297257881603],"to":[8.4293038626304,8.512737542144,8.0495098843136],"rotation":{"angle":0,"axis":"x","origin":[8.0095,8,7.555999999999999]},"color":3,"faces":{"north":{"uv":[0,0,2.5,2.549999999999999],"texture":"#missing"},"east":{"uv":[0,0,3,2.549999999999999],"texture":"#missing"},"south":{"uv":[0,0,2.5,2.549999999999999],"texture":"#missing"},"west":{"uv":[0,0,3,2.549999999999999],"texture":"#missing"},"up":{"uv":[0,0,2.5,3],"texture":"#missing"},"down":{"uv":[0,0,2.5,3],"texture":"#missing"}}}],"textures":{},"display":{"head":{"translation":[0,-6.4,0],"scale":[3.2,3.2,3.2],"rotation":[0,180,0]}},"texture_size":[32,32]}