{"elements":[{"from":[7.983920550678365,8.028139036312863,7.843225369114052],"to":[8.176873942537995,8.213052703511675,8.30148967478067],"rotation":{"angle":0,"axis":"x","origin":[8,8,8]},"color":5,"faces":{"north":{"uv":[0,0,0.6000000000000001,0.5750000000000002],"texture":"#missing"},"east":{"uv":[0,0,1.4249999999999994,0.5750000000000002],"texture":"#missing"},"south":{"uv":[0,0,0.6000000000000001,0.5750000000000002],"texture":"#missing"},"west":{"uv":[0,0,1.4249999999999994,0.5750000000000002],"texture":"#missing"},"up":{"uv":[0,0,0.6000000000000001,1.4249999999999994],"texture":"#missing"},"down":{"uv":[0,0,0.6000000000000001,1.4249999999999994],"texture":"#missing"}}}],"textures":{},"display":{"head":{"translation":[0,-6.4,0],"scale":[3.2,3.2,3.2],"rotation":[0,180,0]}},"texture_size":[32,32]}