{"elements":[{"from":[7.2917812699136,7.314213537382399,8.006409219276797],"to":[8.7082187300864,8.7755155324928,9.544621845708797],"rotation":{"angle":0,"axis":"x","origin":[8,8,8]},"color":6,"faces":{"north":{"uv":[0,0,2.7625,2.8499999999999996],"texture":"#missing"},"east":{"uv":[0,0,2.9999999999999964,2.8499999999999996],"texture":"#missing"},"south":{"uv":[0,0,2.7625,2.8499999999999996],"texture":"#missing"},"west":{"uv":[0,0,2.9999999999999964,2.8499999999999996],"texture":"#missing"},"up":{"uv":[0,0,2.7625,2.9999999999999964],"texture":"#missing"},"down":{"uv":[0,0,2.7625,2.9999999999999964],"texture":"#missing"}}}],"textures":{},"display":{"head":{"translation":[0,-6.4,0],"scale":[3.2,3.2,3.2],"rotation":[0,180,0]}},"texture_size":[32,32]}