{"elements":[{"from":[7.3943287783424,7.696383257927397,8.132902846808605],"to":[8.6184896602112,8.798768973536998,9.549340306981396],"rotation":{"angle":0,"axis":"x","origin":[8,8,8]},"color":6,"faces":{"north":{"uv":[0,0,2.3875,2.1500000000000012],"texture":"#missing"},"east":{"uv":[0,0,2.762499999999978,2.1500000000000012],"texture":"#missing"},"south":{"uv":[0,0,2.3875,2.1500000000000012],"texture":"#missing"},"west":{"uv":[0,0,2.762499999999978,2.1500000000000012],"texture":"#missing"},"up":{"uv":[0,0,2.3875,2.762499999999978],"texture":"#missing"},"down":{"uv":[0,0,2.3875,2.762499999999978],"texture":"#missing"}}}],"textures":{},"display":{"head":{"translation":[0,-6.4,0],"scale":[3.2,3.2,3.2],"rotation":[0,180,0]}},"texture_size":[32,32]}