{"elements":[{"from":[7.799006883479551,7.4613384477252,7.873374336592118],"to":[8.200993116520449,8.490134005581087,8.126625663407882],"rotation":{"angle":0,"axis":"x","origin":[8,8,8]},"color":5,"faces":{"north":{"uv":[0,0,1.25,2.075],"texture":"#missing"},"east":{"uv":[0,0,0.7874999999999996,2.075],"texture":"#missing"},"south":{"uv":[0,0,1.25,2.075],"texture":"#missing"},"west":{"uv":[0,0,0.7874999999999996,2.075],"texture":"#missing"},"up":{"uv":[0,0,1.25,0.7874999999999996],"texture":"#missing"},"down":{"uv":[0,0,1.25,0.7874999999999996],"texture":"#missing"}}}],"textures":{},"display":{"head":{"translation":[0,-6.4,0],"scale":[3.2,3.2,3.2],"rotation":[0,180,0]}},"texture_size":[32,32]}