{"elements":[{"from":[7.6410837204992,5.909346261899636,7.979105209407299],"to":[8.2820056481792,8.337887053912436,8.523888847935298],"rotation":{"angle":0,"axis":"x","origin":[8,8,8]},"color":7,"faces":{"north":{"uv":[1.25,0,0,4.6375],"texture":"#missing"},"east":{"uv":[1.0625,0,0,4.6375],"texture":"#missing"},"south":{"uv":[1.25,0,0,4.6375],"texture":"#missing"},"west":{"uv":[1.0625,0,0,4.6375],"texture":"#missing"},"up":{"uv":[1.25,0,0,1.0625],"texture":"#missing"},"down":{"uv":[1.25,0,0,1.0625],"texture":"#missing"}}}],"textures":{},"display":{"head":{"translation":[0,-6.4,0],"scale":[3.2,3.2,3.2],"rotation":[0,180,0]}},"texture_size":[32,32]}