{"elements":[{"from":[7.6378791108607995,7.902114741454588,7.982121783474964],"to":[8.3877577662464,8.254621801678585,8.834547947289341],"rotation":{"angle":0,"axis":"x","origin":[8,8,8]},"color":6,"faces":{"north":{"uv":[0,0,1.4625000000000001,0.6874999999999947],"texture":"#missing"},"east":{"uv":[0,0,1.662499999999966,0.6874999999999947],"texture":"#missing"},"south":{"uv":[0,0,1.4625000000000001,0.6874999999999947],"texture":"#missing"},"west":{"uv":[0,0,1.662499999999966,0.6874999999999947],"texture":"#missing"},"up":{"uv":[0,0,1.4625000000000001,1.662499999999966],"texture":"#missing"},"down":{"uv":[0,0,1.4625000000000001,1.662499999999966],"texture":"#missing"}}}],"textures":{},"display":{"head":{"translation":[0,-6.4,0],"scale":[3.2,3.2,3.2],"rotation":[0,180,0]}},"texture_size":[32,32]}