{"elements":[{"from":[7.6763344265216,7.999185791578732,8.202033792015543],"to":[8.3493024505856,8.26837300120433,9.054459955829927],"rotation":{"angle":0,"axis":"x","origin":[8,8,8]},"color":6,"faces":{"north":{"uv":[0,0,1.3125000000000002,0.524999999999995],"texture":"#missing"},"east":{"uv":[0,0,1.662499999999966,0.524999999999995],"texture":"#missing"},"south":{"uv":[0,0,1.3125000000000002,0.524999999999995],"texture":"#missing"},"west":{"uv":[0,0,1.662499999999966,0.524999999999995],"texture":"#missing"},"up":{"uv":[0,0,1.3125000000000002,1.662499999999966],"texture":"#missing"},"down":{"uv":[0,0,1.3125000000000002,1.662499999999966],"texture":"#missing"}}}],"textures":{},"display":{"head":{"translation":[0,-6.4,0],"scale":[3.2,3.2,3.2],"rotation":[0,180,0]}},"texture_size":[32,32]}