{"elements":[{"from":[7.5866053566464,7.962591464048851,7.909585304571939],"to":[8.432622301184,8.436873690532051,9.082472432226318],"rotation":{"angle":0,"axis":"x","origin":[8,8,8]},"color":6,"faces":{"north":{"uv":[0,0,1.65,0.9250000000000025],"texture":"#missing"},"east":{"uv":[0,0,2.287499999999966,0.9250000000000025],"texture":"#missing"},"south":{"uv":[0,0,1.65,0.9250000000000025],"texture":"#missing"},"west":{"uv":[0,0,2.287499999999966,0.9250000000000025],"texture":"#missing"},"up":{"uv":[0,0,1.65,2.287499999999966],"texture":"#missing"},"down":{"uv":[0,0,1.65,2.287499999999966],"texture":"#missing"}}}],"textures":{},"display":{"head":{"translation":[0,-6.4,0],"scale":[3.2,3.2,3.2],"rotation":[0,180,0]}},"texture_size":[32,32]}