{"elements":[{"from":[7.503285506048,7.5987153695444185,8.033334230068412],"to":[8.5095329325056,8.37423090203722,9.206221357722796],"rotation":{"angle":0,"axis":"x","origin":[8,8,8]},"color":6,"faces":{"north":{"uv":[0,0,1.9625000000000001,1.512500000000002],"texture":"#missing"},"east":{"uv":[0,0,2.2874999999999694,1.512500000000002],"texture":"#missing"},"south":{"uv":[0,0,1.9625000000000001,1.512500000000002],"texture":"#missing"},"west":{"uv":[0,0,2.2874999999999694,1.512500000000002],"texture":"#missing"},"up":{"uv":[0,0,1.9625000000000001,2.2874999999999694],"texture":"#missing"},"down":{"uv":[0,0,1.9625000000000001,2.2874999999999694],"texture":"#missing"}}}],"textures":{},"display":{"head":{"translation":[0,-6.4,0],"scale":[3.2,3.2,3.2],"rotation":[0,180,0]}},"texture_size":[32,32]}