{"elements":[{"from":[7.7179943518208,5.909346261899636,7.979105209407299],"to":[8.3589162795008,8.337887053912436,8.523888847935298],"rotation":{"angle":0,"axis":"x","origin":[8,8,8]},"color":7,"faces":{"north":{"uv":[0,0,1.25,4.6375],"texture":"#missing"},"east":{"uv":[0,0,1.0625,4.6375],"texture":"#missing"},"south":{"uv":[0,0,1.25,4.6375],"texture":"#missing"},"west":{"uv":[0,0,1.0625,4.6375],"texture":"#missing"},"up":{"uv":[0,0,1.25,1.0625],"texture":"#missing"},"down":{"uv":[0,0,1.25,1.0625],"texture":"#missing"}}}],"textures":{},"display":{"head":{"translation":[0,-6.4,0],"scale":[3.2,3.2,3.2],"rotation":[0,180,0]}},"texture_size":[32,32]}