{"elements":[{"from":[7.7179943518208,5.922486541737923,7.407388377671568],"to":[8.3589162795008,8.344618114473924,8.041901086074766],"rotation":{"angle":0,"axis":"x","origin":[8,8,8]},"color":7,"faces":{"north":{"uv":[0,0,1.25,4.625],"texture":"#missing"},"east":{"uv":[0,0,1.2374999999999998,4.625],"texture":"#missing"},"south":{"uv":[0,0,1.25,4.625],"texture":"#missing"},"west":{"uv":[0,0,1.2374999999999998,4.625],"texture":"#missing"},"up":{"uv":[0,0,1.25,1.2374999999999998],"texture":"#missing"},"down":{"uv":[0,0,1.25,1.2374999999999998],"texture":"#missing"}}}],"textures":{},"display":{"head":{"translation":[0,-6.4,0],"scale":[3.2,3.2,3.2],"rotation":[0,180,0]}},"texture_size":[32,32]}