{"elements":[{"from":[6.977615696435199,6.211827821772799,6.4023405301760015],"to":[9.034975084288,8.4871006650368,8.459699918028804],"rotation":{"angle":0,"axis":"x","origin":[8.0095,8,7.555999999999999]},"color":0,"faces":{"north":{"uv":[0,0,4.012500000000003,3.05],"texture":"#missing"},"east":{"uv":[0,0,3.0375,3.05],"texture":"#missing"},"south":{"uv":[0,0,4.012500000000003,3.05],"texture":"#missing"},"west":{"uv":[0,0,3.0375,3.05],"texture":"#missing"},"up":{"uv":[0,0,4.012500000000003,3.0375],"texture":"#missing"},"down":{"uv":[0,0,4.012500000000003,3.0375],"texture":"#missing"}}}],"textures":{},"display":{"head":{"translation":[0,-6.4,0],"scale":[3.2,3.2,3.2],"rotation":[0,180,0]}},"texture_size":[32,32]}