{"elements":[{"from":[7.176301494016,6.833522091622401,6.402340530176],"to":[8.458145349376,8.256368771072001,7.517544684339203],"rotation":{"angle":0,"axis":"x","origin":[8.0095,8,7.556000000000001]},"color":3,"faces":{"north":{"uv":[0,0,2.5,2.7750000000000004],"texture":"#missing"},"east":{"uv":[0,0,2.175,2.7750000000000004],"texture":"#missing"},"south":{"uv":[0,0,2.5,2.7750000000000004],"texture":"#missing"},"west":{"uv":[0,0,2.175,2.7750000000000004],"texture":"#missing"},"up":{"uv":[0,0,2.5,2.175],"texture":"#missing"},"down":{"uv":[0,0,2.5,2.175],"texture":"#missing"}}}],"textures":{},"display":{"head":{"translation":[0,-6.4,0],"scale":[3.2,3.2,3.2],"rotation":[0,180,0]}},"texture_size":[32,32]}