{"elements":[{"from":[6.984024915711999,6.160554067558401,6.229291609702399],"to":[9.0926580577792,8.820380067430397,8.3827892867072],"rotation":{"angle":0,"axis":"x","origin":[8.0095,8,7.555999999999999]},"color":0,"faces":{"north":{"uv":[0,0,4.000000000000002,3.625],"rotation":180,"texture":"#missing"},"east":{"uv":[0,0,3.625,3.5],"rotation":270,"texture":"#missing"},"south":{"uv":[0,0,4.000000000000002,3.625],"texture":"#missing"},"west":{"uv":[0,0,3.625,3.5],"rotation":90,"texture":"#missing"},"up":{"uv":[0,0,4.000000000000002,3.5],"rotation":180,"texture":"#missing"},"down":{"uv":[0,0,4.000000000000002,3.5],"texture":"#missing"}}}],"textures":{},"display":{"head":{"translation":[0,-6.4,0],"scale":[3.2,3.2,3.2],"rotation":[0,180,0]}},"texture_size":[32,32]}