{"elements":[{"from":[7.36857807232,7.910270930124798,6.562571012095997],"to":[8.65042192768,8.166639701196798,7.652138289151999],"rotation":{"angle":0,"axis":"x","origin":[8.0095,8,7.556000000000001]},"color":3,"faces":{"north":{"uv":[0,0,2.5,0.5],"texture":"#missing"},"east":{"uv":[0,0,2.125,0.5],"texture":"#missing"},"south":{"uv":[0,0,2.5,0.5],"texture":"#missing"},"west":{"uv":[0,0,2.125,0.5],"texture":"#missing"},"up":{"uv":[0,0,2.5,2.125],"texture":"#missing"},"down":{"uv":[0,0,2.5,2.125],"texture":"#missing"}}}],"textures":{},"display":{"head":{"translation":[0,-6.4,0],"scale":[3.2,3.2,3.2],"rotation":[0,180,0]}},"texture_size":[32,32]}