{"elements":[{"from":[8.0215247062528,7.397533387980806,-2.571723559321603],"to":[9.3033685616128,8.166639701196805,-1.0399201521663972],"rotation":{"angle":0,"axis":"y","origin":[7.7651559351808,-0.4537602260991953,7.061333013708795]},"color":3,"faces":{"north":{"uv":[0,0,2.5,1.5],"texture":"#missing"},"east":{"uv":[0,0,2.9875000000000007,1.5],"texture":"#missing"},"south":{"uv":[0,0,2.5,1.5],"texture":"#missing"},"west":{"uv":[0,0,2.9875000000000007,1.5],"texture":"#missing"},"up":{"uv":[0,0,2.5,2.9875000000000007],"texture":"#missing"},"down":{"uv":[0,0,2.5,2.9875000000000007],"texture":"#missing"}}}],"textures":{},"display":{"head":{"translation":[0,-6.4,0],"scale":[3.2,3.2,3.2],"rotation":[0,180,0]}},"texture_size":[32,32]}