{"elements":[{"from":[6.816270198220801,5.954483910803143,-2.6793929118784465],"to":[7.546921195776,6.428766137286344,-2.3525227287616453],"rotation":{"angle":0,"axis":"y","origin":[7.1815956969984,6.191625024044743,-2.515957820320047]},"color":6,"faces":{"north":{"uv":[1.425,0,0,0.9249999999999998],"texture":"#missing"},"east":{"uv":[0.6375000000000002,0,0,0.9249999999999998],"texture":"#missing"},"south":{"uv":[1.425,0,0,0.9249999999999998],"texture":"#missing"},"west":{"uv":[0.6375000000000002,0,0,0.9249999999999998],"texture":"#missing"},"up":{"uv":[1.425,0,0,0.6375000000000002],"texture":"#missing"},"down":{"uv":[1.425,0,0,0.6375000000000002],"texture":"#missing"}}}],"textures":{},"display":{"head":{"translation":[0,-6.4,0],"scale":[3.2,3.2,3.2],"rotation":[0,180,0]}},"texture_size":[32,32]}