{"parent":"minecraft:entity/animated/fell_beast/default/saddle","display":{"head":{"translation":[0,-6.4,0],"scale":[3.2640000000000002,3.2640000000000002,3.2640000000000002],"rotation":[0,180,0]}}}