{
	"credit": "Made with Blockbench",
	"ambientocclusion": false,
	"texture_size": [48, 48],
	"textures": {
		"0": "block/dead_tree_composite",
		"particle": "block/dead_tree_composite"
	},
	"elements": [
		{
			"from": [0.425, 0, -13],
			"to": [3.5, 5, 31],
			"rotation": {"angle": 0, "axis": "z", "origin": [3.5, 1, 0]},
			"faces": {
				"north": {"uv": [8.66667, 9, 10.33333, 10], "rotation": 90, "texture": "#0"},
				"east": {"uv": [6, 1.33333, 7.66667, 16], "rotation": 270, "texture": "#0"},
				"south": {"uv": [7.66667, 2.66667, 9.33333, 3.66667], "rotation": 270, "texture": "#0"},
				"west": {"uv": [7.33333, 1.33333, 9, 16], "rotation": 270, "texture": "#0"},
				"up": {"uv": [9, 1.33333, 10, 16], "rotation": 180, "texture": "#0"},
				"down": {"uv": [6.33333, 1.33333, 7.33333, 16], "rotation": 180, "texture": "#0"}
			}
		},
		{
			"from": [12.75, 0, -4],
			"to": [15.825, 5, 23],
			"rotation": {"angle": 0, "axis": "y", "origin": [15.75, 1, 0]},
			"faces": {
				"north": {"uv": [6.33333, 7.66667, 8, 8.69167], "rotation": 90, "texture": "#0"},
				"east": {"uv": [6, 5.66667, 7.66667, 14.66667], "rotation": 270, "texture": "#0"},
				"south": {"uv": [6.33333, 7.66667, 8, 8.69167], "rotation": 270, "texture": "#0"},
				"west": {"uv": [7.66667, 7, 9.33334, 16], "rotation": 270, "texture": "#0"},
				"up": {"uv": [8.66667, 5, 9.69167, 14], "rotation": 180, "texture": "#0"},
				"down": {"uv": [6.33333, 7, 7.35833, 16], "rotation": 180, "texture": "#0"}
			}
		},
		{
			"from": [2.75, 0, -3],
			"to": [12.825, 7, 24],
			"rotation": {"angle": 0, "axis": "y", "origin": [12.75, 1, 0]},
			"faces": {
				"north": {"uv": [5.66666, 5, 8, 8.35834], "rotation": 90, "texture": "#0"},
				"east": {"uv": [5.33333, 3, 7.66667, 12], "rotation": 270, "texture": "#0"},
				"south": {"uv": [5.66666, 5, 8, 8.35834], "rotation": 270, "texture": "#0"},
				"west": {"uv": [7, 4.33333, 9.33334, 13.33333], "rotation": 270, "texture": "#0"},
				"up": {"uv": [6, 0, 9.35833, 9], "rotation": 180, "texture": "#0"},
				"down": {"uv": [5.66666, 4.33333, 9.025, 13.33333], "rotation": 180, "texture": "#0"}
			}
		},
		{
			"from": [0.45, 2.5, -11],
			"to": [3.5, 8.75, 28],
			"rotation": {"angle": -45, "axis": "z", "origin": [3.5, 3.75, 1]},
			"faces": {
				"north": {"uv": [5.66667, 2.33333, 7.75, 3.33333], "rotation": 90, "texture": "#0"},
				"east": {"uv": [5.66667, 2.33333, 7.75, 15.33333], "rotation": 270, "texture": "#0"},
				"south": {"uv": [5.66667, 2.33333, 7.75, 3.33333], "rotation": 270, "texture": "#0"},
				"west": {"uv": [7.33333, 3, 9.41667, 16], "rotation": 270, "texture": "#0"},
				"up": {"uv": [9.33333, 1.33333, 10.33333, 14.33333], "rotation": 180, "texture": "#0"},
				"down": {"uv": [5.66667, 2.33333, 6.66667, 15.33333], "rotation": 180, "texture": "#0"}
			}
		},
		{
			"from": [8.75, 7.5, -8],
			"to": [15, 9.575, 26],
			"rotation": {"angle": -45, "axis": "z", "origin": [10, 6.5, -3]},
			"faces": {
				"north": {"uv": [5.66667, 2.33333, 7.75, 3.025], "texture": "#0"},
				"east": {"uv": [8.66666, 1.33333, 9.35833, 12.66666], "rotation": 270, "texture": "#0"},
				"south": {"uv": [5.66667, 2.33333, 7.75, 3.025], "texture": "#0"},
				"west": {"uv": [5.66667, 2.33333, 6.35834, 13.66666], "rotation": 270, "texture": "#0"},
				"up": {"uv": [7.66666, 2.33333, 9.75, 13.66666], "texture": "#0"},
				"down": {"uv": [5.66667, 2.33333, 7.75, 13.66666], "texture": "#0"}
			}
		},
		{
			"from": [5.05, 6.25, -14],
			"to": [11.225, 9.675, 6],
			"rotation": {"angle": 0, "axis": "z", "origin": [6.25, 6.5, -5]},
			"faces": {
				"north": {"uv": [5.66667, 2.33333, 7.75, 3.35], "texture": "#0"},
				"east": {"uv": [9.33333, 5.66667, 10.35, 12.33333], "rotation": 270, "texture": "#0"},
				"south": {"uv": [5.66667, 2.33333, 7.75, 3.35], "texture": "#0"},
				"west": {"uv": [5.66667, 5.66667, 6.68333, 12.33333], "rotation": 270, "texture": "#0"},
				"up": {"uv": [7.33333, 9, 9.41666, 15.66667], "texture": "#0"},
				"down": {"uv": [5.66667, 5.66667, 7.75, 12.33333], "texture": "#0"}
			}
		},
		{
			"from": [4.975, 6.5, 6],
			"to": [11.275, 9.55, 25],
			"rotation": {"angle": 0, "axis": "y", "origin": [6.25, 6.5, 15]},
			"faces": {
				"north": {"uv": [5.66667, 2.33333, 7.75, 3.35], "texture": "#0"},
				"east": {"uv": [9.33333, 5.66667, 10.35, 12], "rotation": 270, "texture": "#0"},
				"south": {"uv": [5.66667, 2.33333, 7.75, 3.35], "texture": "#0"},
				"west": {"uv": [5.66667, 5.66667, 6.68333, 12], "rotation": 270, "texture": "#0"},
				"up": {"uv": [7.33333, 1.33333, 9.41666, 7.66666], "texture": "#0"},
				"down": {"uv": [5.66667, 5.66667, 7.75, 12], "texture": "#0"}
			}
		}
	],
	"display": {
		"thirdperson_righthand": {
			"scale": [0.75, 0.76, 0.74]
		},
		"gui": {
			"rotation": [19, 31, 0],
			"translation": [1.5, 0, 0],
			"scale": [0.63, 0.63, 0.59]
		}
	},
	"groups": [
		{
			"name": "group",
			"origin": [3.75, 5.5, 16],
			"color": 0,
			"children": [0, 1, 2, 3, 4, 5, 6]
		}
	]
}