{
	"credit": "Made with Blockbench",
	"texture_size": [48, 48],
	"textures": {
		"2": "block/hanging_wooden_sign",
		"particle": "block/hanging_metal_sign"
	},
	"elements": [
		{
			"from": [-1.61475, 16.8789, -14.9126],
			"to": [1.38525, 19.8789, 18.62256],
			"rotation": {"angle": 0, "axis": "y", "origin": [-0.12061, 13.5, -0.00391]},
			"faces": {
				"north": {"uv": [5.33333, 0, 6.33333, 1], "texture": "#2"},
				"east": {"uv": [7, 0, 8, 11.66667], "rotation": 90, "texture": "#2"},
				"south": {"uv": [5.33333, 2, 6.33333, 3], "texture": "#2"},
				"west": {"uv": [9, 0, 10, 11.66667], "rotation": 90, "texture": "#2"},
				"up": {"uv": [8, 0, 9, 11.66667], "rotation": 180, "texture": "#2"},
				"down": {"uv": [5.66667, 0, 6.66667, 11.66667], "rotation": 180, "texture": "#2"}
			}
		},
		{
			"from": [-1.36475, 23.05002, -16],
			"to": [1.13525, 25.55002, 3.75304],
			"rotation": {"angle": -45, "axis": "x", "origin": [-0.11475, 14.74848, 7.49213]},
			"faces": {
				"north": {"uv": [9, 0, 9.83333, 0.83333], "texture": "#2"},
				"east": {"uv": [8.83333, 9, 9.66667, 15.49653], "rotation": 90, "texture": "#2"},
				"south": {"uv": [9, 0, 9.83333, 0.83333], "texture": "#2"},
				"west": {"uv": [9.33333, 9, 10.16667, 15.49653], "rotation": 90, "texture": "#2"},
				"up": {"uv": [9.66667, 9, 10.5, 15.49653], "rotation": 180, "texture": "#2"},
				"down": {"uv": [8.33333, 9, 9.16667, 15.49653], "rotation": 180, "texture": "#2"}
			}
		},
		{
			"from": [-2.36475, 1.1289, -15.8833],
			"to": [2.13525, 22.6289, -14.61963],
			"rotation": {"angle": 0, "axis": "y", "origin": [-0.12061, 13.5, -0.00391]},
			"faces": {
				"north": {"uv": [10.63411, 6.66667, 9.13411, 13.83333], "texture": "#2"},
				"east": {"uv": [10.33333, 6.66667, 10.66667, 13.83333], "texture": "#2"},
				"south": {"uv": [8.83333, 6.66667, 10.33333, 13.83333], "texture": "#2"},
				"west": {"uv": [9, 6.66667, 9.33333, 13.83333], "texture": "#2"},
				"up": {"uv": [10.63411, 0, 9.13411, 0.33333], "rotation": 180, "texture": "#2"},
				"down": {"uv": [9, 0, 10.5, 0.33333], "rotation": 180, "texture": "#2"}
			}
		}
	],
	"display": {
		"thirdperson_righthand": {
			"rotation": [75, 75, 0],
			"translation": [-1, 2.25, 0],
			"scale": [0.21, 0.21, 0.21]
		},
		"thirdperson_lefthand": {
			"rotation": [75, 75, 0],
			"translation": [-1, 2.25, 0],
			"scale": [0.21, 0.21, 0.21]
		},
		"firstperson_righthand": {
			"rotation": [0, 21, 0],
			"translation": [0, 1.25, 0],
			"scale": [0.26, 0.26, 0.26]
		},
		"firstperson_lefthand": {
			"rotation": [0, 21, 0],
			"translation": [0, 1.25, 0],
			"scale": [0.26, 0.26, 0.26]
		},
		"ground": {
			"translation": [0, 3, 0],
			"scale": [0.25, 0.25, 0.25]
		},
		"gui": {
			"rotation": [30, 225, 0],
			"translation": [0, -4.75, 0],
			"scale": [0.46, 0.46, 0.46]
		},
		"head": {
			"scale": [0, 0, 0]
		},
		"fixed": {
			"scale": [0, 0, 0]
		}
	},
	"groups": [
		{
			"name": "group",
			"origin": [-0.74414, 12.87891, 16.25],
			"color": 0,
			"children": [0, 1, 2]
		}
	]
}