{
	"format_version": "1.21.6",
	"credit": "Made with Blockbench",
	"ambientocclusion": false,
	"texture_size": [48, 48],
	"textures": {
		"0": "block/oak_planks_composite",
		"particle": "block/oak_planks_composite"
	},
	"elements": [
		{
			"from": [12, 1, 13.98333],
			"to": [16, 16, 16.98333],
			"rotation": {"angle": 0, "axis": "y", "origin": [8.9, 8.48516, 15.99167]},
			"faces": {
				"north": {"uv": [9.66666, 10.66667, 4.33333, 12], "rotation": 90, "texture": "#0"},
				"east": {"uv": [1.66667, 1, 7, 0], "rotation": 90, "texture": "#0"},
				"south": {"uv": [0, 1.33333, 5.33333, 0], "rotation": 90, "texture": "#0"},
				"west": {"uv": [2, 8.66667, 7.33333, 7.66667], "rotation": 90, "texture": "#0"},
				"up": {"uv": [3, 7.33333, 2, 8.66666], "rotation": 270, "texture": "#0"},
				"down": {"uv": [9, 1.66667, 8, 3], "rotation": 270, "texture": "#0"}
			}
		},
		{
			"from": [8, 1, 13.98333],
			"to": [12, 15, 16.98333],
			"rotation": {"angle": 0, "axis": "y", "origin": [8.9, 8.48516, 15.99167]},
			"faces": {
				"north": {"uv": [5.66667, 12.66666, 0.33334, 11.33333], "rotation": 90, "texture": "#0"},
				"east": {"uv": [2, 8.33333, 7.33333, 7.33333], "rotation": 90, "texture": "#0"},
				"south": {"uv": [14, 12.33333, 8.66667, 11], "rotation": 90, "texture": "#0"},
				"west": {"uv": [8, 3.33333, 13.33333, 2.33333], "rotation": 90, "texture": "#0"},
				"up": {"uv": [14.33333, 11, 13.33333, 12.33333], "rotation": 270, "texture": "#0"},
				"down": {"uv": [7, 14.33333, 6, 15.66666], "rotation": 270, "texture": "#0"}
			}
		},
		{
			"from": [4, 1, 13.98333],
			"to": [8, 14, 16.98333],
			"rotation": {"angle": 0, "axis": "y", "origin": [8.9, 8.48516, 15.99167]},
			"faces": {
				"north": {"uv": [4.33333, 3.66667, 9.66666, 5], "rotation": 90, "texture": "#0"},
				"east": {"uv": [2, 8.33333, 7.33333, 7.33333], "rotation": 90, "texture": "#0"},
				"south": {"uv": [1.66667, 9.33333, 7, 8], "rotation": 90, "texture": "#0"},
				"west": {"uv": [8, 12, 13.33333, 11], "rotation": 90, "texture": "#0"},
				"up": {"uv": [15.33333, 11, 14.33333, 12.33333], "rotation": 270, "texture": "#0"},
				"down": {"uv": [15.33333, 11, 14.33333, 12.33333], "rotation": 270, "texture": "#0"}
			}
		},
		{
			"from": [0, 1, 13.98333],
			"to": [4, 15, 16.98333],
			"rotation": {"angle": 0, "axis": "y", "origin": [8.9, 8.48516, 15.99167]},
			"faces": {
				"north": {"uv": [7, 5.33333, 12.33333, 6.66666], "rotation": 90, "texture": "#0"},
				"east": {"uv": [2, 8.33333, 7.33333, 7.33333], "rotation": 90, "texture": "#0"},
				"south": {"uv": [7, 2, 12.33333, 0.66667], "rotation": 90, "texture": "#0"},
				"west": {"uv": [13, 13.33333, 7.66667, 12.33333], "rotation": 90, "texture": "#0"},
				"up": {"uv": [14, 11, 13, 12.33333], "rotation": 270, "texture": "#0"},
				"down": {"uv": [7.33333, 14.66667, 6.33333, 16], "rotation": 270, "texture": "#0"}
			}
		},
		{
			"from": [-0.003, 2, 16.98333],
			"to": [15.997, 4.94, 18.38333],
			"rotation": {"angle": 0, "axis": "y", "origin": [8.975, 9.48516, 15.99167]},
			"faces": {
				"east": {"uv": [1.66667, 1, 2.66667, 0.66667], "rotation": 90, "texture": "#0"},
				"south": {"uv": [13.33333, 10.66667, 8, 11.66667], "texture": "#0"},
				"west": {"uv": [3, 5, 4, 4.66667], "rotation": 90, "texture": "#0"},
				"up": {"uv": [0, 0.46667, 5.33333, 0], "texture": "#0"},
				"down": {"uv": [8.66667, 11, 14, 10.66667], "texture": "#0"}
			}
		}
	],
	"display": {
		"thirdperson_righthand": {
			"rotation": [75, 45, 0],
			"translation": [0, 2.5, 0],
			"scale": [0.375, 0.375, 0.375]
		},
		"firstperson_righthand": {
			"rotation": [0, 45, 0],
			"scale": [0.4, 0.4, 0.4]
		},
		"firstperson_lefthand": {
			"rotation": [0, -135, 0],
			"scale": [0.4, 0.4, 0.4]
		},
		"ground": {
			"translation": [0, 3, 0],
			"scale": [0.25, 0.25, 0.25]
		},
		"gui": {
			"rotation": [30, -135, 0],
			"scale": [0.625, 0.625, 0.625]
		},
		"fixed": {
			"scale": [0.5, 0.5, 0.5]
		}
	},
	"groups": [
		{
			"name": "railing",
			"origin": [0, 0, 0],
			"color": 0,
			"children": [0, 1, 2, 3]
		},
		{
			"name": "support",
			"origin": [0, 0, 0],
			"color": 0,
			"children": [4]
		}
	]
}