{
	"credit": "Made with Blockbench",
	"ambientocclusion": false,
	"texture_size": [48, 48],
	"textures": {
		"0": "block/putrid_log_composite",
		"particle": "block/putrid_log_composite"
	},
	"elements": [
		{
			"from": [0.25, 0, -4],
			"to": [3.25, 5, 21],
			"rotation": {"angle": 0, "axis": "z", "origin": [3.25, 1, 0]},
			"faces": {
				"north": {"uv": [6.33333, 7.66667, 7.66667, 8.66667], "rotation": 90, "texture": "#0"},
				"east": {"uv": [6, 5.66667, 7.66667, 14], "rotation": 270, "texture": "#0"},
				"south": {"uv": [6.33333, 7.66667, 7.66667, 8.66667], "rotation": 270, "texture": "#0"},
				"west": {"uv": [7.66667, 7.33333, 9.33334, 15.66666], "rotation": 270, "texture": "#0"},
				"up": {"uv": [9, 5, 10, 13.33333], "rotation": 180, "texture": "#0"},
				"down": {"uv": [6.33333, 7.66667, 7.33333, 16], "rotation": 180, "texture": "#0"}
			}
		},
		{
			"from": [12.5, 0, -1],
			"to": [15.5, 5, 21],
			"rotation": {"angle": 0, "axis": "y", "origin": [15.5, 1, 0]},
			"faces": {
				"north": {"uv": [8.33333, 3.33334, 10, 4.33334], "rotation": 90, "texture": "#0"},
				"east": {"uv": [6, 5.66667, 7.66667, 13], "rotation": 270, "texture": "#0"},
				"south": {"uv": [6, 3.66667, 7.66666, 4.66667], "rotation": 270, "texture": "#0"},
				"west": {"uv": [7.66667, 7.33333, 9.33334, 14.66666], "rotation": 270, "texture": "#0"},
				"up": {"uv": [9, 5, 10, 12.33333], "rotation": 180, "texture": "#0"},
				"down": {"uv": [6.33333, 7.66667, 7.33333, 15], "rotation": 180, "texture": "#0"}
			}
		},
		{
			"from": [0.25, 2.5, -1],
			"to": [3.25, 8.75, 24],
			"rotation": {"angle": -45, "axis": "z", "origin": [3.25, 3.75, 1]},
			"faces": {
				"north": {"uv": [5.66667, 2.33333, 7.75, 3.33333], "rotation": 90, "texture": "#0"},
				"east": {"uv": [5.66667, 2.33333, 7.75, 10.66667], "rotation": 270, "texture": "#0"},
				"south": {"uv": [5.66667, 2.33333, 7.75, 3.33333], "rotation": 270, "texture": "#0"},
				"west": {"uv": [7.33333, 7.33333, 9.25, 15.66667], "rotation": 270, "texture": "#0"},
				"up": {"uv": [9.33333, 1.33333, 10.33333, 9.66667], "rotation": 180, "texture": "#0"},
				"down": {"uv": [5.66667, 2.33333, 6.66667, 10.66667], "rotation": 180, "texture": "#0"}
			}
		},
		{
			"from": [8.5, 6.5, -5],
			"to": [14.75, 9.5, 20],
			"rotation": {"angle": -45, "axis": "z", "origin": [9.75, 6.5, -3]},
			"faces": {
				"north": {"uv": [5.66667, 2.33333, 7.75, 3.33333], "texture": "#0"},
				"east": {"uv": [9.33333, 1.33333, 10.33333, 9.66667], "rotation": 270, "texture": "#0"},
				"south": {"uv": [5.66667, 2.33333, 7.75, 3.33333], "texture": "#0"},
				"west": {"uv": [5.66667, 2.33333, 6.66667, 10.66667], "rotation": 270, "texture": "#0"},
				"up": {"uv": [8.33333, 2.33333, 10.33333, 10.66667], "texture": "#0"},
				"down": {"uv": [5.66667, 2.33333, 7.75, 10.66667], "texture": "#0"}
			}
		},
		{
			"from": [4.675, 6.5, -7],
			"to": [11.05, 9.5, 10],
			"rotation": {"angle": 0, "axis": "z", "origin": [6, 6.5, -5]},
			"faces": {
				"north": {"uv": [5.66667, 2.33333, 7.75, 3.33333], "texture": "#0"},
				"east": {"uv": [9.33333, 6.66667, 10.33333, 12.33333], "rotation": 270, "texture": "#0"},
				"south": {"uv": [5.66667, 2.33333, 7.75, 3.33333], "texture": "#0"},
				"west": {"uv": [5.66667, 7.66667, 6.66667, 13.33333], "rotation": 270, "texture": "#0"},
				"up": {"uv": [6, 1, 8.08333, 6.66667], "texture": "#0"},
				"down": {"uv": [5.66667, 7.66667, 7.75, 13.33333], "texture": "#0"}
			}
		},
		{
			"from": [4.75, 6.5, 14],
			"to": [11, 9.55, 25],
			"rotation": {"angle": 0, "axis": "y", "origin": [6, 6.5, 16]},
			"faces": {
				"north": {"uv": [5.66667, 2.33333, 7.75, 3.33333], "texture": "#0"},
				"east": {"uv": [9.33333, 6.66667, 10.33333, 10.33333], "rotation": 270, "texture": "#0"},
				"south": {"uv": [5.66667, 2.33333, 7.75, 3.33333], "texture": "#0"},
				"west": {"uv": [5.66667, 7.66667, 6.66667, 11.33333], "rotation": 270, "texture": "#0"},
				"up": {"uv": [5.66667, 7.66667, 7.75, 11.33333], "texture": "#0"},
				"down": {"uv": [5.66667, 7.66667, 7.75, 11.33333], "texture": "#0"}
			}
		}
	],
	"display": {
		"thirdperson_righthand": {
			"scale": [0.75, 0.76, 0.74]
		},
		"gui": {
			"rotation": [19, 31, 0],
			"translation": [1.5, 0, 0],
			"scale": [0.63, 0.63, 0.59]
		}
	},
	"groups": [
		{
			"name": "group",
			"origin": [3.75, 5.5, 16],
			"color": 0,
			"children": [0, 1, 2, 3, 4, 5]
		}
	]
}