{
	"credit": "Made with Blockbench",
	"ambientocclusion": false,
	"texture_size": [48, 48],
	"textures": {
		"0": "block/oak_planks_composite",
		"particle": "block/oak_planks_composite"
	},
	"elements": [
		{
			"from": [12.2, 0.175, 13.98333],
			"to": [16.2, 16.835, 17.18333],
			"rotation": {"angle": 0, "axis": "y", "origin": [9.1, 8.48516, 15.99167]},
			"faces": {
				"north": {"uv": [7.66667, 7, 2, 8.33333], "rotation": 90, "texture": "#0"},
				"east": {"uv": [1.66667, 1, 7.33333, 0], "rotation": 90, "texture": "#0"},
				"south": {"uv": [0, 1.33333, 5.66667, 0], "rotation": 90, "texture": "#0"},
				"west": {"uv": [2, 8.66667, 7.66667, 7.66667], "rotation": 90, "texture": "#0"},
				"up": {"uv": [3, 7.33333, 2, 8.66667], "rotation": 270, "texture": "#0"},
				"down": {"uv": [9.06667, 1.66667, 8, 3], "rotation": 270, "texture": "#0"}
			}
		},
		{
			"from": [8.2, -0.805, 13.98333],
			"to": [12.2, 15.855, 16.98333],
			"rotation": {"angle": 0, "axis": "y", "origin": [9.1, 8.48516, 15.99167]},
			"faces": {
				"north": {"uv": [13.33333, 14.66667, 7.66667, 13.33333], "rotation": 90, "texture": "#0"},
				"east": {"uv": [2, 8.33333, 7.66667, 7.33333], "rotation": 90, "texture": "#0"},
				"south": {"uv": [14.33333, 12.33333, 8.66667, 11], "rotation": 90, "texture": "#0"},
				"west": {"uv": [8, 3.33333, 13.66667, 2.33333], "rotation": 90, "texture": "#0"},
				"up": {"uv": [14.33333, 11, 13.33333, 12.33333], "rotation": 270, "texture": "#0"},
				"down": {"uv": [7, 14.33333, 6, 15.66667], "rotation": 270, "texture": "#0"}
			}
		},
		{
			"from": [4.2, 0.175, 13.98333],
			"to": [8.2, 16.835, 16.98333],
			"rotation": {"angle": 0, "axis": "y", "origin": [9.1, 8.48516, 15.99167]},
			"faces": {
				"north": {"uv": [8, 1.66667, 13.66667, 3], "rotation": 90, "texture": "#0"},
				"east": {"uv": [2, 8.33333, 7.66667, 7.33333], "rotation": 90, "texture": "#0"},
				"south": {"uv": [1.66667, 9.33333, 7.33333, 8], "rotation": 90, "texture": "#0"},
				"west": {"uv": [8, 12, 13.66667, 11], "rotation": 90, "texture": "#0"},
				"up": {"uv": [15.33333, 11, 14.33333, 12.33333], "rotation": 270, "texture": "#0"},
				"down": {"uv": [15.33333, 11, 14.33333, 12.33333], "rotation": 270, "texture": "#0"}
			}
		},
		{
			"from": [0.2, -0.805, 13.98333],
			"to": [4.2, 15.855, 16.98333],
			"rotation": {"angle": 0, "axis": "y", "origin": [9.1, 8.48516, 15.99167]},
			"faces": {
				"north": {"uv": [2, 7, 7.66667, 8.33333], "rotation": 90, "texture": "#0"},
				"east": {"uv": [2, 8.33333, 7.66667, 7.33333], "rotation": 90, "texture": "#0"},
				"south": {"uv": [7, 2, 12.66667, 0.66667], "rotation": 90, "texture": "#0"},
				"west": {"uv": [13.33333, 13.33333, 7.66667, 12.33333], "rotation": 90, "texture": "#0"},
				"up": {"uv": [14, 11, 13, 12.33333], "rotation": 270, "texture": "#0"},
				"down": {"uv": [7.33333, 14.66667, 6.33333, 16], "rotation": 270, "texture": "#0"}
			}
		},
		{
			"from": [0.197, 10.955, 16.98333],
			"to": [16.197, 13.895, 18.38333],
			"rotation": {"angle": 0, "axis": "y", "origin": [9.175, 8.48516, 15.99167]},
			"faces": {
				"east": {"uv": [1.66667, 1, 2.66667, 0.66667], "rotation": 90, "texture": "#0"},
				"south": {"uv": [13.33333, 10.66667, 8, 11.66667], "texture": "#0"},
				"west": {"uv": [3, 5, 4, 4.66667], "rotation": 90, "texture": "#0"},
				"up": {"uv": [0, 0.46667, 5.33333, 0], "texture": "#0"},
				"down": {"uv": [8.66667, 11, 14, 10.66667], "texture": "#0"}
			}
		},
		{
			"from": [12.2, 0.1848, 15.48333],
			"to": [15.2, 14.7623, 18.98333],
			"rotation": {"angle": 0, "axis": "y", "origin": [9.1, 8.48516, 16.49167]},
			"faces": {
				"east": {"uv": [8.33333, 4.66667, 13.33333, 3.66667], "rotation": 90, "texture": "#0"},
				"south": {"uv": [14.33333, 12.33333, 9.33333, 11.33333], "rotation": 90, "texture": "#0"},
				"west": {"uv": [7.33333, 2, 2.33333, 1], "rotation": 90, "texture": "#0"},
				"up": {"uv": [3, 7.66667, 2, 8.66667], "rotation": 180, "texture": "#0"},
				"down": {"uv": [10.33333, 10.33333, 11.33333, 9.33333], "rotation": 180, "texture": "#0"}
			}
		}
	],
	"display": {
		"thirdperson_righthand": {
			"rotation": [75, 45, 0],
			"translation": [0, 2.5, 0],
			"scale": [0.375, 0.375, 0.375]
		},
		"firstperson_righthand": {
			"rotation": [0, 45, 0],
			"scale": [0.4, 0.4, 0.4]
		},
		"firstperson_lefthand": {
			"rotation": [0, 225, 0],
			"scale": [0.4, 0.4, 0.4]
		},
		"ground": {
			"translation": [0, 3, 0],
			"scale": [0.25, 0.25, 0.25]
		},
		"gui": {
			"rotation": [30, 225, 0],
			"scale": [0.625, 0.625, 0.625]
		},
		"fixed": {
			"scale": [0.5, 0.5, 0.5]
		}
	},
	"groups": [
		{
			"name": "railing",
			"origin": [0, 0, 0],
			"children": [0, 1, 2, 3]
		},
		{
			"name": "support",
			"origin": [0, 0, 0],
			"children": [4, 5]
		}
	]
}