{
	"credit": "Made with Blockbench",
	"texture_size": [48, 48],
	"ambientocclusion": false,
	"textures": {
		"0": "block/oak_planks_composite",
		"particle": "block/oak_planks_composite"
	},
	"elements": [
		{
			"from": [12.2, -1.2, 13.98333],
			"to": [16.2, 15.8, 17.18333],
			"rotation": {"angle": 0, "axis": "y", "origin": [9.1, 7.45833, 15.99167]},
			"faces": {
				"north": {"uv": [7, 0, 1.33333, 1.33333], "rotation": 90, "texture": "#0"},
				"east": {"uv": [1.66667, 1, 7.33333, 0], "rotation": 90, "texture": "#0"},
				"south": {"uv": [0, 1.33333, 5.66667, 0], "rotation": 90, "texture": "#0"},
				"west": {"uv": [2, 8.66667, 7.66667, 7.66667], "rotation": 90, "texture": "#0"},
				"up": {"uv": [2.66667, 7, 1.66667, 8.33333], "rotation": 270, "texture": "#0"},
				"down": {"uv": [9.06667, 1.66667, 8, 3], "rotation": 270, "texture": "#0"}
			}
		},
		{
			"from": [8.2, 0, 13.98333],
			"to": [12.2, 17, 16.98333],
			"rotation": {"angle": 0, "axis": "y", "origin": [9.1, 9.65833, 15.99167]},
			"faces": {
				"north": {"uv": [6, 14.33333, 0.33333, 15.66667], "rotation": 90, "texture": "#0"},
				"east": {"uv": [2, 8.33333, 7.66667, 7.33333], "rotation": 90, "texture": "#0"},
				"south": {"uv": [14.33333, 12.33333, 8.66667, 11], "rotation": 90, "texture": "#0"},
				"west": {"uv": [8, 3.33333, 13.66667, 2.33333], "rotation": 90, "texture": "#0"},
				"up": {"uv": [14.33333, 11, 13.33333, 12.33333], "rotation": 270, "texture": "#0"},
				"down": {"uv": [7, 14.33333, 6, 15.66667], "rotation": 270, "texture": "#0"}
			}
		},
		{
			"from": [4.2, -1, 13.98333],
			"to": [8.2, 16, 16.98333],
			"rotation": {"angle": 0, "axis": "y", "origin": [9.1, 7.65833, 15.99167]},
			"faces": {
				"north": {"uv": [2, 9.33333, 7.66667, 8], "rotation": 90, "texture": "#0"},
				"east": {"uv": [2, 8.33333, 7.66667, 7.33333], "rotation": 90, "texture": "#0"},
				"south": {"uv": [1.66667, 9.33333, 7.33333, 8], "rotation": 90, "texture": "#0"},
				"west": {"uv": [8, 12, 13.66667, 11], "rotation": 90, "texture": "#0"},
				"up": {"uv": [15.33333, 11, 14.33333, 12.33333], "rotation": 270, "texture": "#0"},
				"down": {"uv": [15.33333, 11, 14.33333, 12.33333], "rotation": 270, "texture": "#0"}
			}
		},
		{
			"from": [0.2, -0.7, 13.98333],
			"to": [4.2, 16.3, 16.98333],
			"rotation": {"angle": 0, "axis": "y", "origin": [9.1, 8.95833, 15.99167]},
			"faces": {
				"north": {"uv": [8, 4, 13.66667, 2.66667], "rotation": 90, "texture": "#0"},
				"east": {"uv": [2, 8.33333, 7.66667, 7.33333], "rotation": 90, "texture": "#0"},
				"south": {"uv": [7, 2, 12.66667, 0.66667], "rotation": 90, "texture": "#0"},
				"west": {"uv": [13.33333, 13.33333, 7.66667, 12.33333], "rotation": 90, "texture": "#0"},
				"up": {"uv": [14, 11, 13, 12.33333], "rotation": 270, "texture": "#0"},
				"down": {"uv": [7.33333, 14.66667, 6.33333, 16], "rotation": 270, "texture": "#0"}
			}
		},
		{
			"from": [0.197, 11, 16.98333],
			"to": [16.197, 14, 18.38333],
			"rotation": {"angle": 0, "axis": "y", "origin": [9.175, 8.65833, 15.99167]},
			"faces": {
				"east": {"uv": [1.66667, 1, 2.66667, 0.66667], "rotation": 90, "texture": "#0"},
				"south": {"uv": [13.33333, 10.66667, 8, 11.66667], "texture": "#0"},
				"west": {"uv": [3, 5, 4, 4.66667], "rotation": 90, "texture": "#0"},
				"up": {"uv": [0, 0.46667, 5.33333, 0], "texture": "#0"},
				"down": {"uv": [8.66667, 11, 14, 10.66667], "texture": "#0"}
			}
		},
		{
			"from": [9.2, 0.01, 15.48333],
			"to": [12.2, 14.885, 18.98333],
			"rotation": {"angle": 0, "axis": "y", "origin": [6.1, 8.65833, 16.49167]},
			"faces": {
				"east": {"uv": [8.33333, 4.66667, 13.33333, 3.66667], "rotation": 90, "texture": "#0"},
				"south": {"uv": [14.33333, 12.33333, 9.33333, 11.33333], "rotation": 90, "texture": "#0"},
				"west": {"uv": [7.33333, 2, 2.33333, 1], "rotation": 90, "texture": "#0"},
				"up": {"uv": [3, 7.66667, 2, 8.66667], "rotation": 180, "texture": "#0"},
				"down": {"uv": [10.33333, 10.33333, 11.33333, 9.33333], "rotation": 180, "texture": "#0"}
			}
		}
	],
	"groups": [
		{
			"name": "railing",
			"origin": [0, 0, 0],
			"children": [0, 1, 2, 3]
		},
		{
			"name": "support",
			"origin": [0, 0, 0],
			"children": [4, 5]
		}
	]
}