{
	"credit": "Made with Blockbench",
	"ambientocclusion": false,
	"texture_size": [48, 48],
	"textures": {
		"1": "block/whitebeam_composite",
		"2": "block/double_slab_planks_acacia_composite",
		"particle": "block/whitebeam_composite"
	},
	"elements": [
		{
			"from": [15, 0, 15],
			"to": [17, 15, 17],
			"rotation": {"angle": 0, "axis": "y", "origin": [8, 8, 16]},
			"faces": {
				"north": {"uv": [7.66667, 6, 12.66667, 6.66667], "rotation": 90, "texture": "#2"},
				"east": {"uv": [7.66667, 6, 12.66667, 6.66667], "rotation": 90, "texture": "#2"},
				"south": {"uv": [7.66667, 6, 12.66667, 6.66667], "rotation": 90, "texture": "#2"},
				"west": {"uv": [7.66667, 6, 12.66667, 6.66667], "rotation": 90, "texture": "#2"},
				"up": {"uv": [7.66667, 6, 8.33333, 6.66667], "rotation": 90, "texture": "#2"},
				"down": {"uv": [7.66667, 6, 8.33334, 6.66667], "rotation": 90, "texture": "#2"}
			}
		},
		{
			"from": [8, 0, 15],
			"to": [10, 14, 17],
			"rotation": {"angle": 0, "axis": "y", "origin": [8, 8, 16]},
			"faces": {
				"north": {"uv": [9.33333, 3, 14, 3.66667], "rotation": 90, "texture": "#2"},
				"east": {"uv": [9.33333, 3, 14, 3.66667], "rotation": 90, "texture": "#2"},
				"south": {"uv": [9.33333, 3, 14, 3.66667], "rotation": 90, "texture": "#2"},
				"west": {"uv": [9.33333, 3, 14, 3.66667], "rotation": 90, "texture": "#2"},
				"up": {"uv": [9.33333, 3, 10, 3.66667], "rotation": 90, "texture": "#2"},
				"down": {"uv": [9.33333, 3, 10, 3.66667], "rotation": 90, "texture": "#2"}
			}
		},
		{
			"from": [-3.775, 2.025, 15.85],
			"to": [5.75, 3.975, 17.775],
			"rotation": {"angle": 22.5, "axis": "y", "origin": [0, 0, 8]},
			"faces": {
				"north": {"uv": [6.66667, 2.66667, 7.31667, 5.84167], "rotation": 90, "texture": "#1"},
				"east": {"uv": [6.66667, 9.66667, 7.31667, 10.30834], "rotation": 90, "texture": "#1"},
				"south": {"uv": [12, 7.33333, 12.65, 10.50833], "rotation": 90, "texture": "#1"},
				"west": {"uv": [12.33333, 8.66667, 13, 9.33333], "rotation": 90, "texture": "#1"},
				"up": {"uv": [3.33333, 4, 3.98333, 7.175], "rotation": 90, "texture": "#1"},
				"down": {"uv": [6.66667, 9.66667, 7.31667, 12.84167], "rotation": 90, "texture": "#1"}
			}
		},
		{
			"from": [-3.775, 6.025, 15.85],
			"to": [5.75, 7.975, 17.775],
			"rotation": {"angle": 22.5, "axis": "y", "origin": [0, 4, 8]},
			"faces": {
				"north": {"uv": [9, 7.66667, 9.65, 10.84167], "rotation": 90, "texture": "#1"},
				"east": {"uv": [6.66667, 9.66667, 7.31667, 12.84167], "rotation": 90, "texture": "#1"},
				"south": {"uv": [14.33333, 6.33333, 14.98333, 9.50833], "rotation": 90, "texture": "#1"},
				"west": {"uv": [14.33333, 10, 15, 10.66667], "rotation": 90, "texture": "#1"},
				"up": {"uv": [3.66667, 4.33333, 4.31667, 7.50833], "rotation": 90, "texture": "#1"},
				"down": {"uv": [6.66667, 9.66667, 7.31667, 12.84167], "rotation": 90, "texture": "#1"}
			}
		},
		{
			"from": [-3.775, 10.025, 15.85],
			"to": [5.75, 11.975, 17.775],
			"rotation": {"angle": 22.5, "axis": "y", "origin": [0, 8, 8]},
			"faces": {
				"north": {"uv": [14.33333, 7.66667, 14.98333, 10.84167], "rotation": 90, "texture": "#1"},
				"east": {"uv": [6.66667, 9.66667, 7.31667, 10.30834], "rotation": 90, "texture": "#1"},
				"south": {"uv": [3.33333, 7.66667, 3.98333, 10.84167], "rotation": 90, "texture": "#1"},
				"west": {"uv": [13.66667, 6.33333, 14.33333, 7], "rotation": 90, "texture": "#1"},
				"up": {"uv": [3, 7.33333, 3.65, 10.50833], "rotation": 90, "texture": "#1"},
				"down": {"uv": [6.66667, 9.66667, 7.31667, 12.84167], "rotation": 90, "texture": "#1"}
			}
		},
		{
			"from": [9.625, 6, 9.5],
			"to": [19, 8, 11.475],
			"rotation": {"angle": -22.5, "axis": "y", "origin": [0, 4, 8]},
			"faces": {
				"north": {"uv": [1, 3, 1.66667, 6.125], "rotation": 90, "texture": "#1"},
				"east": {"uv": [7.66667, 8.66667, 8.33333, 9.33333], "rotation": 90, "texture": "#1"},
				"south": {"uv": [6, 3.33333, 6.66667, 6.33333], "rotation": 90, "texture": "#1"},
				"west": {"uv": [6, 3, 6.66667, 6.125], "rotation": 90, "texture": "#1"},
				"up": {"uv": [6, 3, 6.66667, 6.125], "rotation": 90, "texture": "#1"},
				"down": {"uv": [6, 3, 6.66667, 6.125], "rotation": 90, "texture": "#1"}
			}
		},
		{
			"from": [2.3, 0, 12.975],
			"to": [11.925, 2, 14.775],
			"rotation": {"angle": -22.5, "axis": "y", "origin": [0, 0, 8]},
			"faces": {
				"north": {"uv": [13.66667, 8.33333, 14.33333, 11.54167], "rotation": 90, "texture": "#1"},
				"east": {"uv": [12.33333, 8.66667, 13, 11.875], "rotation": 90, "texture": "#1"},
				"south": {"uv": [6.33333, 4.33333, 7, 7.54167], "rotation": 90, "texture": "#1"},
				"west": {"uv": [8.66667, 8, 9.33333, 8.66667], "rotation": 90, "texture": "#1"},
				"up": {"uv": [8, 7.66667, 8.66667, 10.875], "rotation": 90, "texture": "#1"},
				"down": {"uv": [12.33333, 8.66667, 13, 11.875], "rotation": 90, "texture": "#1"}
			}
		},
		{
			"from": [2.3, 4, 12.975],
			"to": [11.925, 6, 14.775],
			"rotation": {"angle": -22.5, "axis": "y", "origin": [0, 4, 8]},
			"faces": {
				"north": {"uv": [11.66667, 8.33333, 12.33333, 11.54167], "rotation": 90, "texture": "#1"},
				"east": {"uv": [12.33333, 8.66667, 13, 11.875], "rotation": 90, "texture": "#1"},
				"south": {"uv": [8.33333, 7.66667, 9, 10.875], "rotation": 90, "texture": "#1"},
				"west": {"uv": [12.33333, 8.66667, 13, 9.33333], "rotation": 90, "texture": "#1"},
				"up": {"uv": [13.66667, 8, 14.33333, 11.20833], "rotation": 90, "texture": "#1"},
				"down": {"uv": [12.33333, 8.66667, 13, 11.875], "rotation": 90, "texture": "#1"}
			}
		},
		{
			"from": [2.3, 8, 12.975],
			"to": [11.925, 10, 14.775],
			"rotation": {"angle": -22.5, "axis": "y", "origin": [0, 8, 8]},
			"faces": {
				"north": {"uv": [13.33333, 8.33333, 14, 11.54167], "rotation": 90, "texture": "#1"},
				"east": {"uv": [12.33333, 8.66667, 13, 11.875], "rotation": 90, "texture": "#1"},
				"south": {"uv": [13.66667, 8.33333, 14.33333, 11.54167], "rotation": 90, "texture": "#1"},
				"west": {"uv": [8.33333, 9, 9, 9.66667], "rotation": 90, "texture": "#1"},
				"up": {"uv": [12, 7.66667, 12.66667, 10.875], "rotation": 90, "texture": "#1"},
				"down": {"uv": [12.33333, 8.66667, 13, 11.875], "rotation": 90, "texture": "#1"}
			}
		},
		{
			"from": [3.625, 0.025, 19.25],
			"to": [12.8, 1.975, 21.25],
			"rotation": {"angle": 22.5, "axis": "y", "origin": [0, 0, 8]},
			"faces": {
				"north": {"uv": [7.66667, 8, 8.31667, 11.05833], "rotation": 90, "texture": "#1"},
				"east": {"uv": [8.66667, 2.66667, 9.33333, 3.33333], "rotation": 90, "texture": "#1"},
				"south": {"uv": [13, 7.66667, 13.65, 10.725], "rotation": 90, "texture": "#1"},
				"west": {"uv": [6.66667, 9.66667, 7.31667, 12.725], "rotation": 90, "texture": "#1"},
				"up": {"uv": [12.66667, 8, 13.31667, 11.05833], "rotation": 90, "texture": "#1"},
				"down": {"uv": [7, 7.33333, 7.65, 10.39167], "rotation": 90, "texture": "#1"}
			}
		},
		{
			"from": [3.625, 4.025, 19.25],
			"to": [12.8, 5.975, 21.25],
			"rotation": {"angle": 22.5, "axis": "y", "origin": [0, 4, 8]},
			"faces": {
				"north": {"uv": [6.66667, 7.33333, 7.31667, 10.39167], "rotation": 90, "texture": "#1"},
				"east": {"uv": [13, 7.33333, 13.66667, 8], "rotation": 90, "texture": "#1"},
				"south": {"uv": [3.33333, 7.66667, 3.98333, 10.725], "rotation": 90, "texture": "#1"},
				"west": {"uv": [6.66667, 9.66667, 7.31667, 12.725], "rotation": 90, "texture": "#1"},
				"up": {"uv": [6.33333, 7.66667, 6.98333, 10.725], "rotation": 90, "texture": "#1"},
				"down": {"uv": [6.66667, 9.66667, 7.31667, 12.725], "rotation": 90, "texture": "#1"}
			}
		},
		{
			"from": [3.625, 8.025, 19.25],
			"to": [12.8, 9.975, 21.25],
			"rotation": {"angle": 22.5, "axis": "y", "origin": [0, 8, 8]},
			"faces": {
				"north": {"uv": [8.66667, 8.33333, 9.31667, 11.39167], "rotation": 90, "texture": "#1"},
				"east": {"uv": [3.33333, 4.33333, 4, 5], "rotation": 90, "texture": "#1"},