{"elements":[{"from":[2.4612327050471663,9.30661305256707,7.438266769015723],"to":[6.283141332887176,10.448986750487077,9.278467018615714],"rotation":{"angle":0,"axis":"y","origin":[2.935798359506826,11.14491294232008,7.723149703715741]},"faces":{"east":{"uv":[13,7.9375,13.25,8.0625],"texture":"#0"},"south":{"uv":[13,4.8125,14,5.0625],"texture":"#0"},"west":{"uv":[13.75,8.4375,14,8.5625],"texture":"#0"},"up":{"uv":[13.9375,9.5625,13.4375,9.3125],"texture":"#0"},"down":{"uv":[14,7.5625,13.5,7.8125],"texture":"#0"}}},{"from":[2.070599397086312,10.47169190152707,8.906033990099978],"to":[5.541568197086313,11.527499901527058,8.906033990099978],"rotation":{"angle":0,"axis":"y","origin":[4.52370273762596,10.498230542320087,7.996712799999997]},"faces":{"south":{"uv":[9.9375,4.0625,10.8125,4.3125],"texture":"#0"}}}],"textures":{"0":"minecraft:entity/animated/bear/beorn_bear"},"display":{"head":{"translation":[0,-6.4,0],"scale":[3.2,3.2,3.2],"rotation":[0,180,0]}},"texture_size":[128,128]}