{"elements":[{"from":[7.27295886599858,-0.8220217955478581,5.932132000999474],"to":[12.685458865998577,8.252978204452145,10.18213200099948],"rotation":{"angle":0,"axis":"y","origin":[10.160458865998589,3.540478204452133,8.057132000999477]},"faces":{"north":{"uv":[13.375,5.1875,14.75,7.4375],"texture":"#0"},"east":{"uv":[13.375,6.5,14.375,8.75],"texture":"#0"},"south":{"uv":[13.375,6,14.75,8.25],"texture":"#0"},"west":{"uv":[13.75,5.375,14.75,7.625],"texture":"#0"},"down":{"uv":[14.1875,7.5625,12.8125,8.5625],"texture":"#0"}}},{"from":[11.23956624052484,-1.793969608207858,9.019845785013487],"to":[15.802066240524795,7.781030391792145,9.019845785013487],"rotation":{"angle":0,"axis":"y","origin":[10.160458865998589,3.540478204452133,8.562013996811743]},"faces":{"north":{"uv":[13.5,11.375,15.89375,12.51562499999999],"rotation":90,"texture":"#0"},"south":{"uv":[13.5,12.51562499999999,15.89375,11.375],"rotation":90,"texture":"#0"}}}],"textures":{"0":"minecraft:entity/animated/bear/beorn_bear"},"display":{"head":{"translation":[0,-6.4,0],"scale":[3.2,3.2,3.2],"rotation":[0,180,0]}},"texture_size":[128,128]}