{"elements":[{"from":[-2.5411553516483814,2.6245173857709894,8.245630039577158],"to":[8.458844648351619,9.874517385770984,8.245630039577158],"rotation":{"angle":0,"axis":"y","origin":[7.573331918614247,7.960192023952461,8.824211740904683]},"faces":{"north":{"uv":[13,10.625,15.75,12.5],"texture":"#0"},"south":{"uv":[15.75,10.625,13,12.5],"texture":"#0"}}},{"from":[-1.541155351648385,5.624517385770984,5.506875825943208],"to":[7.458844648351619,10.374517385770984,9.256875825943208],"rotation":{"angle":0,"axis":"y","origin":[7.573331918614247,7.960192023952461,8.103294124615683]},"faces":{"north":{"uv":[12.875,9.375,14.0625,7.125],"rotation":90,"texture":"#0"},"east":{"uv":[13,7.9375,13.5,8.5625],"texture":"#0"},"south":{"uv":[12.75,7.75,13.9375,10],"rotation":90,"texture":"#0"},"west":{"uv":[13.75,8.4375,14.25,9.0625],"texture":"#0"},"up":{"uv":[13.1875,6.625,12.25,8.875],"rotation":90,"texture":"#0"},"down":{"uv":[12.9375,6.375,12,8.625],"rotation":90,"texture":"#0"}}}],"textures":{"0":"minecraft:entity/animated/bear/beorn_bear"},"display":{"head":{"translation":[0,-6.4,0],"scale":[3.2,3.2,3.2],"rotation":[0,180,0]}},"texture_size":[128,128]}