{"elements":[{"from":[-1.541155351648385,5.624517385770984,6.74312417405679],"to":[7.458844648351619,10.374517385770984,10.49312417405679],"rotation":{"angle":0,"axis":"y","origin":[7.573331918614247,7.960192023952461,7.896705875384319]},"faces":{"north":{"uv":[12.75,8,13.9375,10.25],"rotation":90,"texture":"#0"},"east":{"uv":[13,7.9375,13.5,8.5625],"texture":"#0"},"south":{"uv":[12.75,5.75,13.9375,8],"rotation":90,"texture":"#0"},"west":{"uv":[13.75,8.4375,14.25,9.0625],"texture":"#0"},"up":{"uv":[13.0625,6.875,12.125,9.125],"rotation":90,"texture":"#0"},"down":{"uv":[12.8125,9.5,11.875,7.25],"rotation":90,"texture":"#0"}}},{"from":[-2.5411553516483814,2.6245173857709894,7.74312417405679],"to":[8.458844648351619,9.874517385770984,7.74312417405679],"rotation":{"angle":0,"axis":"y","origin":[7.573331918614247,7.960192023952461,7.896705875384319]},"faces":{"north":{"uv":[13,10.625,15.75,12.5],"texture":"#0"},"south":{"uv":[15.75,10.625,13,12.5],"texture":"#0"}}}],"textures":{"0":"minecraft:entity/animated/bear/beorn_bear"},"display":{"head":{"translation":[0,-6.4,0],"scale":[3.2,3.2,3.2],"rotation":[0,180,0]}},"texture_size":[128,128]}