{"elements":[{"from":[5.8053525000000015,6.010398499999997,7.975624999999997],"to":[10.194647499999993,9.989601500000003,8.024375],"rotation":{"angle":0,"axis":"y","origin":[7.999999999999993,8,8]},"faces":{"south":{"uv":[10,5.4375,8.875,6.4375],"texture":"#0"}}}],"textures":{"0":"minecraft:entity/animated/bear/beorn_bear"},"display":{"head":{"translation":[0,-6.4,0],"scale":[3.2,3.2,3.2],"rotation":[0,180,0]}},"texture_size":[128,128]}