{"elements":[{"from":[6.681769959263875,0.6268300564873712,5.492626917865476],"to":[12.094269959263853,9.701830056487376,9.74262691786546],"rotation":{"angle":0,"axis":"y","origin":[9.569269959263865,4.989330056487367,7.617626917865458]},"faces":{"north":{"uv":[13.5,7.625,14.875,9.875],"texture":"#0"},"east":{"uv":[13.75,6.75,14.75,9],"texture":"#0"},"south":{"uv":[13.375,5.1875,14.75,7.4375],"texture":"#0"},"west":{"uv":[13.875,7,14.875,9.25],"texture":"#0"},"down":{"uv":[14.1875,7.5625,12.8125,8.5625],"texture":"#0"}}},{"from":[10.648377333790117,-0.34511775617262863,6.700458706067204],"to":[15.210877333790076,9.229882243827376,6.700458706067204],"rotation":{"angle":0,"axis":"y","origin":[9.569269959263865,4.989330056487367,7.617626917865458]},"faces":{"north":{"uv":[13.5,11.375,15.89375,12.51562499999999],"rotation":90,"texture":"#0"},"south":{"uv":[13.5,12.51562499999999,15.89375,11.375],"rotation":90,"texture":"#0"}}}],"textures":{"0":"minecraft:entity/animated/bear/beorn_bear"},"display":{"head":{"translation":[0,-6.4,0],"scale":[3.2,3.2,3.2],"rotation":[0,180,0]}},"texture_size":[128,128]}