{"elements":[{"from":[5.441798942820473,6.16882661506148,7.889752932760185],"to":[12.691798942820473,10.418826615061473,7.889752932760185],"rotation":{"angle":0,"axis":"y","origin":[1.0646078277928641,7.761199002888059,7.999752932760185]},"faces":{"north":{"uv":[10.5625,5.4375,8.8125,6.5625],"texture":"#0"},"south":{"uv":[8.8125,5.4375,10.5625,6.5625],"texture":"#0"}}}],"textures":{"0":"minecraft:entity/animated/bear/beorn_bear"},"display":{"head":{"translation":[0,-6.4,0],"scale":[3.2,3.2,3.2],"rotation":[0,180,0]}},"texture_size":[128,128]}