{"elements":[{"from":[8.15,10.3,3.75],"to":[11.75,10.6,5.35],"rotation":{"angle":-22.5,"axis":"x","origin":[8.5,6.75,9.25]},"faces":{"north":{"uv":[6.927835051546392,13.968253968253968,6.020618556701031,13.714285714285714],"texture":"#8"},"east":{"uv":[12.123711340206185,5.587301587301587,12.206185567010309,7.111111111111111],"rotation":90,"texture":"#8"},"south":{"uv":[6.927835051546392,13.968253968253968,6.020618556701031,13.714285714285714],"texture":"#8"},"west":{"uv":[12.123711340206185,5.587301587301587,12.206185567010309,7.111111111111111],"rotation":90,"texture":"#8"},"up":{"uv":[11.711340206185566,4.317460317460317,12.206185567010309,7.111111111111111],"rotation":90,"texture":"#8"},"down":{"uv":[11.711340206185566,4.317460317460317,12.206185567010309,7.111111111111111],"rotation":90,"texture":"#8"}}},{"from":[7.35,10.25,3.9000000000000004],"to":[8.15,10.55,5.4],"rotation":{"angle":-22.5,"axis":"x","origin":[8.5,6.75,9.25]},"faces":{"north":{"uv":[12.123711340206185,8.126984126984127,12.206185567010309,8.88888888888889],"rotation":90,"texture":"#8"},"east":{"uv":[11.793814432989691,7.619047619047619,12.206185567010309,7.873015873015873],"rotation":90,"texture":"#8"},"south":{"uv":[12.123711340206185,8.126984126984127,12.206185567010309,8.88888888888889],"rotation":90,"texture":"#8"},"west":{"uv":[11.793814432989691,7.619047619047619,12.206185567010309,7.873015873015873],"rotation":90,"texture":"#8"},"up":{"uv":[11.793814432989691,7.111111111111111,12.206185567010309,7.873015873015873],"rotation":90,"texture":"#8"},"down":{"uv":[11.793814432989691,7.111111111111111,12.206185567010309,7.873015873015873],"rotation":90,"texture":"#8"}}},{"from":[6.75,10.2,4.15],"to":[7.35,10.5,5.45],"rotation":{"angle":-22.5,"axis":"x","origin":[8.5,6.75,9.25]},"faces":{"north":{"uv":[11.876288659793815,7.873015873015873,12.041237113402062,8.126984126984127],"texture":"#8"},"east":{"uv":[11.793814432989691,7.619047619047619,12.206185567010309,7.873015873015873],"texture":"#8"},"south":{"uv":[11.876288659793815,7.873015873015873,12.041237113402062,8.126984126984127],"texture":"#8"},"west":{"uv":[11.876288659793815,8.126984126984127,12.206185567010309,8.380952380952381],"texture":"#8"},"up":{"uv":[11.876288659793815,7.873015873015873,12.206185567010309,8.380952380952381],"rotation":90,"texture":"#8"},"down":{"uv":[11.876288659793815,7.873015873015873,12.206185567010309,8.380952380952381],"rotation":90,"texture":"#8"}}},{"from":[6.375,10.15,4.65],"to":[6.75,10.45,5.5],"rotation":{"angle":-22.5,"axis":"x","origin":[8.5,6.75,9.25]},"faces":{"north":{"uv":[12.123711340206185,8.634920634920634,12.206185567010309,8.88888888888889],"texture":"#8"},"east":{"uv":[11.958762886597938,8.126984126984127,12.206185567010309,8.380952380952381],"texture":"#8"},"south":{"uv":[12.123711340206185,8.634920634920634,12.206185567010309,8.88888888888889],"texture":"#8"},"west":{"uv":[11.958762886597938,8.126984126984127,12.206185567010309,8.380952380952381],"texture":"#8"},"up":{"uv":[11.958762886597938,8.380952380952381,12.206185567010309,8.634920634920634],"rotation":90,"texture":"#8"},"down":{"uv":[11.958762886597938,8.380952380952381,12.206185567010309,8.634920634920634],"rotation":90,"texture":"#8"}}},{"from":[6.05,10.1,5],"to":[6.4,10.4,5.6],"rotation":{"angle":-22.5,"axis":"x","origin":[8.5,6.75,9.25]},"faces":{"north":{"uv":[12.123711340206185,8.634920634920634,12.206185567010309,8.88888888888889],"texture":"#8"},"east":{"uv":[12.123711340206185,8.380952380952381,12.206185567010309,8.88888888888889],"rotation":90,"texture":"#8"},"south":{"uv":[12.123711340206185,8.634920634920634,12.206185567010309,8.88888888888889],"texture":"#8"},"west":{"uv":[12.123711340206185,8.380952380952381,12.206185567010309,8.88888888888889],"rotation":90,"texture":"#8"},"up":{"uv":[11.958762886597938,7.873015873015873,12.123711340206185,8.126984126984127],"rotation":90,"texture":"#8"},"down":{"uv":[11.958762886597938,7.873015873015873,12.123711340206185,8.126984126984127],"rotation":90,"texture":"#8"}}},{"from":[5.75,10.05,5.3],"to":[6.05,10.35,5.65],"rotation":{"angle":-22.5,"axis":"x","origin":[8.5,6.75,9.25]},"faces":{"north":{"uv":[12.123711340206185,8.88888888888889,12.206185567010309,9.142857142857142],"rotation":270,"texture":"#8"},"east":{"uv":[12.123711340206185,8.88888888888889,12.206185567010309,9.142857142857142],"rotation":270,"texture":"#8"},"south":{"uv":[12.123711340206185,8.88888888888889,12.206185567010309,9.142857142857142],"rotation":270,"texture":"#8"},"west":{"uv":[12.123711340206185,8.88888888888889,12.206185567010309,9.142857142857142],"rotation":270,"texture":"#8"},"up":{"uv":[12.123711340206185,8.88888888888889,12.206185567010309,9.142857142857142],"rotation":270,"texture":"#8"},"down":{"uv":[12.123711340206185,8.88888888888889,12.206185567010309,9.142857142857142],"rotation":270,"texture":"#8"}}},{"from":[5.75,10.05,6.85],"to":[6.05,10.35,7.2],"rotation":{"angle":22.5,"axis":"x","origin":[8.5,6.75,3.25]},"faces":{"north":{"uv":[12.123711340206185,8.88888888888889,12.206185567010309,9.142857142857142],"rotation":270,"texture":"#8"},"east":{"uv":[12.123711340206185,8.88888888888889,12.206185567010309,9.142857142857142],"rotation":270,"texture":"#8"},"south":{"uv":[12.123711340206185,8.88888888888889,12.206185567010309,9.142857142857142],"rotation":270,"texture":"#8"},"west":{"uv":[12.123711340206185,8.88888888888889,12.206185567010309,9.142857142857142],"rotation":270,"texture":"#8"},"up":{"uv":[12.123711340206185,8.88888888888889,12.206185567010309,9.142857142857142],"rotation":270,"texture":"#8"},"down":{"uv":[12.123711340206185,8.88888888888889,12.206185567010309,9.142857142857142],"rotation":270,"texture":"#8"}}},{"from":[8.15,10.3,7.15],"to":[11.75,10.6,8.75],"rotation":{"angle":22.5,"axis":"x","origin":[8.5,6.75,3.25]},"faces":{"north":{"uv":[6.927835051546392,13.968253968253968,6.020618556701031,13.714285714285714],"texture":"#8"},"east":{"uv":[12.123711340206185,5.587301587301587,12.206185567010309,7.111111111111111],"rotation":90,"texture":"#8"},"south":{"uv":[6.927835051546392,13.968253968253968,6.020618556701031,13.714285714285714],"texture":"#8"},"west":{"uv":[12.123711340206185,5.587301587301587,12.206185567010309,7.111111111111111],"rotation":90,"texture":"#8"},"up":{"uv":[11.711340206185566,4.317460317460317,12.206185567010309,7.111111111111111],"rotation":90,"texture":"#8"},"down":{"uv":[11.711340206185566,4.317460317460317,12.206185567010309,7.111111111111111],"rotation":90,"texture":"#8"}}},{"from":[7.35,10.25,7.1],"to":[8.15,10.55,8.6],"rotation":{"angle":22.5,"axis":"x","origin":[8.5,6.75,3.25]},"faces":{"north":{"uv":[12.123711340206185,8.126984126984127,12.206185567010309,8.88888888888889],"rotation":90,"texture":"#8"},"east":{"uv":[12.123711340206185,6.603174603174603,12.206185567010309,7.873015873015873],"rotation":90,"texture":"#8"},"south":{"uv":[12.123711340206185,8.126984126984127,12.206185567010309,8.88888888888889],"rotation":90,"texture":"#8"},"west":{"uv":[12.123711340206185,6.603174603174603,12.206185567010309,7.873015873015873],"rotation":90,"texture":"#8"},"up":{"uv":[11.793814432989691,7.111111111111111,12.206185567010309,7.873015873015873],"rotation":90,"texture":"#8"},"down":{"uv":[11.793814432989691,7.111111111111111,12.206185567010309,7.873015873015873],"rotation":90,"texture":"#8"}}},{"from":[6.75,10.2,7.05],"to":[7.35,10.5,8.35],"rotation":{"angle":22.5,"axis":"x","origin":[8.5,6.75,3.25]},"faces":{"north":{"uv":[11.876288659793815,7.873015873015873,12.041237113402062,8.126984126984127],"texture":"#8"},"east":{"uv":[11.876288659793815,7.619047619047619,12.206185567010309,7.873015873015873],"texture":"#8"},"south":{"uv":[11.876288659793815,7.873015873015873,12.041237113402062,8.126984126984127],"texture":"#8"},"west":{"uv":[11.876288659793815,7.619047619047619,12.206185567010309,7.873015873015873],"texture":"#8"},"up":{"uv":[11.876288659793815,7.873015873015873,12.206185567010309,8.380952380952381],"rotation":90,"texture":"#8"},