{"elements":[{"from":[14.35,8.1,3.6500000000000004],"to":[16.4,8.35,3.9000000000000004],"rotation":{"angle":45,"axis":"z","origin":[8,6.75,6.25]},"faces":{"north":{"uv":[11.876288659793815,2.0317460317460316,11.958762886597938,4.063492063492063],"rotation":270,"texture":"#8"},"east":{"uv":[13.278350515463918,2.0317460317460316,13.360824742268042,2.2857142857142856],"texture":"#8"},"south":{"uv":[11.876288659793815,2.0317460317460316,11.958762886597938,4.063492063492063],"rotation":270,"texture":"#8"},"west":{"uv":[13.278350515463918,2.0317460317460316,13.360824742268042,2.2857142857142856],"texture":"#8"},"up":{"uv":[11.876288659793815,2.0317460317460316,11.958762886597938,4.063492063492063],"rotation":270,"texture":"#8"},"down":{"uv":[11.876288659793815,2.0317460317460316,11.958762886597938,4.063492063492063],"rotation":270,"texture":"#8"}}},{"from":[14.85,8,3.1500000000000004],"to":[15.95,8.25,3.4000000000000004],"rotation":{"angle":45,"axis":"z","origin":[8,6.75,6.25]},"faces":{"north":{"uv":[11.711340206185566,2.2857142857142856,11.793814432989691,3.5555555555555554],"rotation":270,"texture":"#8"},"east":{"uv":[13.443298969072165,2.2857142857142856,13.525773195876289,2.5396825396825395],"texture":"#8"},"south":{"uv":[11.711340206185566,2.2857142857142856,11.793814432989691,3.5555555555555554],"rotation":270,"texture":"#8"},"west":{"uv":[13.443298969072165,2.2857142857142856,13.525773195876289,2.5396825396825395],"texture":"#8"},"up":{"uv":[11.711340206185566,2.2857142857142856,11.793814432989691,3.5555555555555554],"rotation":270,"texture":"#8"},"down":{"uv":[11.711340206185566,2.2857142857142856,11.793814432989691,3.5555555555555554],"rotation":270,"texture":"#8"}}},{"from":[14.6,8.05,3.4000000000000004],"to":[16.15,8.3,3.6500000000000004],"rotation":{"angle":45,"axis":"z","origin":[8,6.75,6.25]},"faces":{"north":{"uv":[11.793814432989691,2.0317460317460316,11.876288659793815,3.8095238095238093],"rotation":270,"texture":"#8"},"east":{"uv":[13.360824742268042,2.0317460317460316,13.443298969072165,2.2857142857142856],"texture":"#8"},"south":{"uv":[11.793814432989691,2.0317460317460316,11.876288659793815,3.8095238095238093],"rotation":270,"texture":"#8"},"west":{"uv":[13.360824742268042,2.0317460317460316,13.443298969072165,2.2857142857142856],"texture":"#8"},"up":{"uv":[11.793814432989691,2.0317460317460316,11.876288659793815,3.8095238095238093],"rotation":270,"texture":"#8"},"down":{"uv":[11.793814432989691,2.0317460317460316,11.876288659793815,3.8095238095238093],"rotation":270,"texture":"#8"}}},{"from":[15.3,7.9,2.7],"to":[15.55,8.15,2.9000000000000004],"rotation":{"angle":45,"axis":"z","origin":[8,6.75,6.25]},"faces":{"north":{"uv":[11.54639175257732,2.7936507936507935,11.628865979381443,3.0476190476190474],"rotation":270,"texture":"#8"},"east":{"uv":[13.608247422680412,2.7936507936507935,13.690721649484535,3.0476190476190474],"texture":"#8"},"south":{"uv":[11.54639175257732,2.7936507936507935,11.628865979381443,3.0476190476190474],"rotation":270,"texture":"#8"},"west":{"uv":[13.608247422680412,2.7936507936507935,13.690721649484535,3.0476190476190474],"texture":"#8"},"up":{"uv":[11.54639175257732,2.7936507936507935,11.628865979381443,3.0476190476190474],"rotation":270,"texture":"#8"},"down":{"uv":[11.54639175257732,2.7936507936507935,11.628865979381443,3.0476190476190474],"rotation":270,"texture":"#8"}}},{"from":[15.1,7.95,2.9000000000000004],"to":[15.75,8.2,3.1500000000000004],"rotation":{"angle":45,"axis":"z","origin":[8,6.75,6.25]},"faces":{"north":{"uv":[11.628865979381443,2.5396825396825395,11.711340206185566,3.3015873015873014],"rotation":270,"texture":"#8"},"east":{"uv":[13.525773195876289,2.5396825396825395,13.608247422680412,2.7936507936507935],"texture":"#8"},"south":{"uv":[11.628865979381443,2.5396825396825395,11.711340206185566,3.3015873015873014],"rotation":270,"texture":"#8"},"west":{"uv":[13.525773195876289,2.5396825396825395,13.608247422680412,2.7936507936507935],"texture":"#8"},"up":{"uv":[11.628865979381443,2.5396825396825395,11.711340206185566,3.3015873015873014],"rotation":270,"texture":"#8"},"down":{"uv":[11.628865979381443,2.5396825396825395,11.711340206185566,3.3015873015873014],"rotation":270,"texture":"#8"}}},{"from":[14.05,8.1,3.9000000000000004],"to":[16.7,8.4,4.2],"rotation":{"angle":45,"axis":"z","origin":[8,6.75,6.25]},"faces":{"north":{"uv":[11.958762886597938,1.7777777777777777,12.041237113402062,4.063492063492063],"rotation":270,"texture":"#8"},"east":{"uv":[13.195876288659793,1.7777777777777777,13.278350515463918,2.0317460317460316],"texture":"#8"},"south":{"uv":[11.958762886597938,1.7777777777777777,12.041237113402062,4.063492063492063],"rotation":270,"texture":"#8"},"west":{"uv":[4,5.5,4.5,6],"texture":"#8"},"up":{"uv":[11.958762886597938,1.7777777777777777,12.041237113402062,4.063492063492063],"rotation":270,"texture":"#8"},"down":{"uv":[11.958762886597938,1.7777777777777777,12.041237113402062,4.063492063492063],"rotation":270,"texture":"#8"}}},{"from":[13.7,8.15,4.2],"to":[17,8.45,4.8],"rotation":{"angle":45,"axis":"z","origin":[8,6.75,6.25]},"faces":{"north":{"uv":[12.041237113402062,1.5238095238095237,12.123711340206185,4.063492063492063],"rotation":270,"texture":"#8"},"east":{"uv":[13.030927835051546,1.5238095238095237,13.195876288659793,1.7777777777777777],"texture":"#8"},"south":{"uv":[12.041237113402062,1.5238095238095237,12.123711340206185,4.063492063492063],"rotation":270,"texture":"#8"},"west":{"uv":[13.030927835051546,1.5238095238095237,13.195876288659793,1.7777777777777777],"texture":"#8"},"up":{"uv":[12.041237113402062,1.5238095238095237,12.206185567010309,4.063492063492063],"rotation":270,"texture":"#8"},"down":{"uv":[12.041237113402062,1.5238095238095237,12.206185567010309,4.063492063492063],"rotation":270,"texture":"#8"}}},{"from":[13.6,8.2,4.8],"to":[17.3,8.5,5.35],"rotation":{"angle":45,"axis":"z","origin":[8,6.75,6.25]},"faces":{"north":{"uv":[12.206185567010309,1.2698412698412698,12.288659793814434,4.063492063492063],"rotation":270,"texture":"#8"},"east":{"uv":[13.030927835051546,1.5238095238095237,13.195876288659793,1.7777777777777777],"texture":"#8"},"south":{"uv":[12.206185567010309,1.2698412698412698,12.288659793814434,4.063492063492063],"rotation":270,"texture":"#8"},"west":{"uv":[13.030927835051546,1.5238095238095237,13.195876288659793,1.7777777777777777],"texture":"#8"},"up":{"uv":[12.206185567010309,1.2698412698412698,12.371134020618557,4.063492063492063],"rotation":270,"texture":"#8"},"down":{"uv":[12.206185567010309,1.2698412698412698,12.371134020618557,4.063492063492063],"rotation":270,"texture":"#8"}}},{"from":[13.3,8.3,5.35],"to":[17.6,8.55,7.15],"rotation":{"angle":45,"axis":"z","origin":[8,6.75,6.25]},"faces":{"north":{"uv":[12.371134020618557,1.0158730158730158,12.45360824742268,4.063492063492063],"rotation":270,"texture":"#8"},"east":{"uv":[12.371134020618557,1.0158730158730158,12.8659793814433,1.2698412698412698],"texture":"#8"},"south":{"uv":[12.371134020618557,1.0158730158730158,12.45360824742268,4.063492063492063],"rotation":270,"texture":"#8"},"west":{"uv":[12.371134020618557,1.0158730158730158,12.8659793814433,1.2698412698412698],"texture":"#8"},"up":{"uv":[12.371134020618557,1.0158730158730158,12.8659793814433,4.063492063492063],"rotation":270,"texture":"#8"},"down":{"uv":[12.371134020618557,1.0158730158730158,12.8659793814433,4.063492063492063],"rotation":270,"texture":"#8"}}},{"from":[14.85,8,9.1],"to":[15.95,8.25,9.35],"rotation":{"angle":45,"axis":"z","origin":[8,6.75,6.25]},"faces":{"north":{"uv":[13.443298969072165,2.2857142857142856,13.525773195876289,3.5555555555555554],"rotation":270,"texture":"#8"},"east":{"uv":[13.443298969072165,2.2857142857142856,13.525773195876289,2.5396825396825395],"rotation":270,"texture":"#8"},"south":{"uv":[13.443298969072165,2.2857142857142856,13.525773195876289,3.5555555555555554],"rotation":270,"texture":"#8"},"west":{"uv":[13.443298969072165,2.2857142857142856,13.525773195876289,2.5396825396825395],"rotation":270,