{"elements":[{"from":[7.689482233047034,7.725664953210579,7.732499999999997],"to":[8.289482233047035,8.30066495321058,21.857499999999998],"rotation":{"angle":0,"axis":"y","origin":[5.001982233047034,11.788164953210597,21.857499999999998]},"faces":{"north":{"uv":[0.010666666666666666,0.010666666666666666,1.4000000000000004,1.400000000000003],"rotation":180,"texture":"#4"},"east":{"uv":[6,6,6.383333333333334,15.416666666666666],"rotation":90,"texture":"#2"},"south":{"uv":[1.5,12.010666666666665,1.9666666666666668,12.466666666666669],"texture":"#2"},"west":{"uv":[3.010666666666667,5.25,3.3940000000000006,14.666666666666666],"rotation":270,"texture":"#2"},"up":{"uv":[4.5,4.75,4.9,14.166666666666666],"texture":"#2"},"down":{"uv":[1.5,3.5,1.9000000000000004,12.916666666666666],"rotation":180,"texture":"#2"}}},{"from":[7.5894822330470335,7.5756649532105795,5.532499999999994],"to":[8.414482233047034,8.42566495321058,8.357499999999995],"rotation":{"angle":0,"axis":"y","origin":[5.001982233047034,11.788164953210597,22.357499999999998]},"faces":{"north":{"uv":[4.5,3.010666666666667,5.066666666666667,3.5666666666666664],"rotation":180,"texture":"#2"},"east":{"uv":[3.010666666666667,0.75,3.5666666666666664,2.656],"rotation":90,"texture":"#2"},"south":{"uv":[3.010666666666667,3.010666666666667,3.566666666666667,3.5666666666666664],"texture":"#2"},"west":{"uv":[6.010666666666666,0.75,6.566666666666666,2.656],"rotation":270,"texture":"#2"},"up":{"uv":[4.5,1.0106666666666666,5.066666666666667,2.9333333333333322],"texture":"#2"},"down":{"uv":[1.5,1.0106666666666666,2,2.9333333333333336],"rotation":180,"texture":"#2"}}},{"from":[7.489482233047033,7.47566495321058,5.645000000000009],"to":[8.514482233047033,8.500664953210581,7.569999999999998],"rotation":{"angle":0,"axis":"y","origin":[5.001982233047034,11.788164953210597,22.357499999999998]},"faces":{"north":{"uv":[2.75,0.75,3.566666666666667,1.5666666666666664],"rotation":180,"texture":"#2"},"east":{"uv":[6.5,1,5.75,2.25],"rotation":90,"texture":"#2"},"south":{"uv":[2.5,0.75,3.316666666666667,1.5666666666666664],"texture":"#2"},"west":{"uv":[2.75,1,3.5,2.25],"rotation":270,"texture":"#2"},"up":{"uv":[4.25,1,5,2.25],"texture":"#2"},"down":{"uv":[2,1,1.25,2.25],"rotation":180,"texture":"#2"}}},{"from":[7.410821067811863,7.978590187157678,4.107500000000001],"to":[8.610821067811864,7.978590187157678,5.932500000000007],"rotation":{"angle":-45,"axis":"z","origin":[8.010821067811865,7.978590187157678,4.7950000000000115]},"faces":{"down":{"uv":[8,0.5,9.5,2.75],"rotation":180,"texture":"#2"}}},{"from":[7.6019822330470355,7.63816495321058,5.669999999999997],"to":[8.389482233047035,8.40066495321058,7.594999999999998],"rotation":{"angle":0,"axis":"y","origin":[5.001982233047034,11.788164953210597,20.857499999999998]},"faces":{"north":{"uv":[8.25,8.010666666666667,8.775,8.508333333333333],"rotation":180,"texture":"#2"},"east":{"uv":[9.5,7.5,9.989333333333333,8.783333333333333],"rotation":90,"texture":"#2"},"south":{"uv":[8.25,7.5,8.775,7.989333333333334],"texture":"#2"},"west":{"uv":[9.010666666666667,7.5,9.508333333333333,8.783333333333333],"rotation":270,"texture":"#2"},"up":{"uv":[8.5,7.5,8.989333333333333,8.783333333333333],"texture":"#2"},"down":{"uv":[8.010666666666667,7.5,8.525,8.783333333333333],"rotation":180,"texture":"#2"}}}],"textures":{"0":"minecraft:entity/animated/gandalf/Gandalf","1":"minecraft:entity/animated/gandalf/gandalf_sword_blade","2":"minecraft:entity/animated/gandalf/gandalf_staff","3":"minecraft:entity/animated/gandalf/gandalf_sword","4":"minecraft:entity/animated/gandalf/gandalf_hat"},"display":{"head":{"translation":[0,-6.4,0],"scale":[3.2,3.2,3.2],"rotation":[0,180,0]}},"texture_size":[48,48]}