{"elements":[{"from":[8.0103774021739,5.946238023139054,9.189067953998489],"to":[8.4478774021739,6.821238023139054,9.389067953998488],"rotation":{"angle":-22.5,"axis":"x","origin":[8.2291274021739,4.133738023139052,5.626567953998489]},"faces":{"north":{"uv":[0.8749999999999996,1.25,1.3124999999999993,2.125],"rotation":180,"texture":"#1"},"east":{"uv":[3,0,3.875,0.20000000000000062],"rotation":90,"texture":"#1"},"south":{"uv":[0.8749999999999996,1.25,1.3124999999999993,2.125],"texture":"#1"},"west":{"uv":[3,0,3.875,0.20000000000000062],"rotation":270,"texture":"#1"},"up":{"uv":[2.875,0,3.3125,0.20000000000000062],"texture":"#1"},"down":{"uv":[2.875,0,3.3125,0.20000000000000062],"rotation":180,"texture":"#1"}}},{"from":[7.5728774021739,5.946238023139054,9.189067953998489],"to":[8.0103774021739,6.321238023139054,9.389067953998488],"rotation":{"angle":-22.5,"axis":"x","origin":[8.1666274021739,4.133738023139051,5.626567953998489]},"faces":{"north":{"uv":[0.8749999999999996,1.25,1.3124999999999993,1.625],"rotation":180,"texture":"#1"},"east":{"uv":[3,0,3.375,0.20000000000000062],"rotation":90,"texture":"#1"},"south":{"uv":[0.8749999999999996,1.25,1.3124999999999993,1.625],"texture":"#1"},"west":{"uv":[3,0,3.375,0.20000000000000062],"rotation":270,"texture":"#1"},"up":{"uv":[2.875,0,3.3125,0.20000000000000062],"texture":"#1"},"down":{"uv":[2.875,0,3.3125,0.20000000000000062],"rotation":180,"texture":"#1"}}},{"from":[7.3853774021739,5.697189528982664,9.143851496903052],"to":[8.8228774021739,5.947189528982664,9.393851496903052],"rotation":{"angle":-22.5,"axis":"x","origin":[8.3541274021739,4.122189528982662,5.6313514969030525]},"faces":{"north":{"uv":[0.8749999999999996,1.25,2.312499999999999,1.5],"rotation":180,"texture":"#1"},"east":{"uv":[3,0,3.25,0.25],"rotation":90,"texture":"#1"},"south":{"uv":[0.8749999999999996,1.25,2.312499999999999,1.5],"texture":"#1"},"west":{"uv":[3,0,3.25,0.25],"rotation":270,"texture":"#1"},"up":{"uv":[2.875,0,4.3125,0.25],"texture":"#1"},"down":{"uv":[2.875,0,4.3125,0.25],"rotation":180,"texture":"#1"}}},{"from":[7.3853774021739,5.572189528982664,9.143851496903052],"to":[8.1978774021739,5.697189528982664,9.393851496903052],"rotation":{"angle":-22.5,"axis":"x","origin":[8.3541274021739,4.122189528982662,5.6313514969030525]},"faces":{"north":{"uv":[0.8749999999999996,1.25,1.6874999999999993,1.375],"rotation":180,"texture":"#1"},"east":{"uv":[3,0,3.125,0.25],"rotation":90,"texture":"#1"},"south":{"uv":[0.8749999999999996,1.25,1.6874999999999993,1.375],"texture":"#1"},"west":{"uv":[3,0,3.125,0.25],"rotation":270,"texture":"#1"},"up":{"uv":[2.875,0,3.6875,0.25],"texture":"#1"},"down":{"uv":[2.875,0,3.6875,0.25],"rotation":180,"texture":"#1"}}},{"from":[8.3853774021739,5.572189528982664,9.143851496903052],"to":[9.1978774021739,5.697189528982664,9.393851496903052],"rotation":{"angle":-22.5,"axis":"x","origin":[8.3541274021739,4.122189528982662,5.6313514969030525]},"faces":{"north":{"uv":[0.8749999999999996,1.25,1.6874999999999993,1.375],"rotation":180,"texture":"#1"},"east":{"uv":[3,0,3.125,0.25],"rotation":90,"texture":"#1"},"south":{"uv":[0.8749999999999996,1.25,1.6874999999999993,1.375],"texture":"#1"},"west":{"uv":[3,0,3.125,0.25],"rotation":270,"texture":"#1"},"up":{"uv":[2.875,0,3.6875,0.25],"texture":"#1"},"down":{"uv":[2.875,0,3.6875,0.25],"rotation":180,"texture":"#1"}}},{"from":[8.4478774021739,5.941454480234491,9.190019459842096],"to":[8.885377402173898,6.285204480234491,9.390019459842097],"rotation":{"angle":-22.5,"axis":"x","origin":[8.216627402173899,4.128954480234491,5.615019459842097]},"faces":{"north":{"uv":[0.875,1.25,1.3124999999999982,1.59375],"rotation":180,"texture":"#1"},"east":{"uv":[1.9374999999999998,0,2.28125,0.20000000000000018],"rotation":90,"texture":"#1"},"south":{"uv":[0.875,1.25,1.3124999999999982,1.59375],"texture":"#1"},"west":{"uv":[1.9374999999999998,0,2.28125,0.20000000000000018],"rotation":270,"texture":"#1"},"up":{"uv":[2.875,0,3.3124999999999982,0.20000000000000018],"texture":"#1"},"down":{"uv":[2.875,0,3.3124999999999982,0.20000000000000018],"rotation":180,"texture":"#1"}}}],"textures":{"0":"minecraft:entity/animated/anna_apple/texture","1":"minecraft:entity/animated/anna_apple/red","2":"minecraft:entity/animated/anna_apple/core","3":"minecraft:entity/animated/anna_apple/stem","4":"minecraft:entity/animated/anna_apple/green"},"display":{"head":{"translation":[0,-6.4,0],"scale":[3.2,3.2,3.2],"rotation":[0,180,0]}},"texture_size":[32,32]}