{"elements":[{"from":[7.4328939998673285,6.1252447738557905,8.57995899574087],"to":[7.8703939998673285,7.000244773855794,8.95495899574087],"rotation":{"angle":-22.5,"axis":"x","origin":[7.6516439998673285,4.312744773855789,5.2674589957408715]},"faces":{"north":{"uv":[0.8749999999999996,1.25,1.3124999999999993,2.1250000000000036],"rotation":180,"texture":"#1"},"east":{"uv":[3,0,3.8750000000000036,0.375],"rotation":90,"texture":"#1"},"south":{"uv":[11.5,6,11.9375,6.8750000000000036],"texture":"#1"},"west":{"uv":[3,0,3.8750000000000036,0.375],"rotation":270,"texture":"#1"},"up":{"uv":[2.875,0,3.3125,0.375],"texture":"#1"},"down":{"uv":[2.875,0,3.3125,0.375],"rotation":180,"texture":"#1"}}},{"from":[6.6828939998673285,6.0002447738557905,8.70495899574087],"to":[8.495393999867328,6.1252447738557905,8.95495899574087],"rotation":{"angle":-22.5,"axis":"x","origin":[7.6516439998673285,4.312744773855789,5.2674589957408715]},"faces":{"north":{"uv":[0.8749999999999996,1.25,2.687499999999999,1.375],"rotation":180,"texture":"#1"},"east":{"uv":[3,0,3.125,0.25],"rotation":90,"texture":"#1"},"south":{"uv":[0.8749999999999996,1.25,2.687499999999999,1.375],"texture":"#1"},"west":{"uv":[3,0,3.125,0.25],"rotation":270,"texture":"#1"},"up":{"uv":[2.875,0,4.6875,0.25],"texture":"#1"},"down":{"uv":[2.875,0,4.6875,0.25],"rotation":180,"texture":"#1"}}},{"from":[7.3078939998673285,5.8752447738557905,8.70495899574087],"to":[7.9953939998673285,6.0002447738557905,8.95495899574087],"rotation":{"angle":-22.5,"axis":"x","origin":[7.6516439998673285,4.312744773855789,5.2674589957408715]},"faces":{"north":{"uv":[0.8749999999999996,1.25,1.5624999999999993,1.375],"rotation":180,"texture":"#1"},"east":{"uv":[3,0,3.125,0.25],"rotation":90,"texture":"#1"},"south":{"uv":[0.8749999999999996,1.25,1.5624999999999993,1.375],"texture":"#1"},"west":{"uv":[3,0,3.125,0.25],"rotation":270,"texture":"#1"},"up":{"uv":[2.875,0,3.5625,0.25],"texture":"#1"},"down":{"uv":[2.875,0,3.5625,0.25],"rotation":180,"texture":"#1"}}},{"from":[7.8703939998673285,6.125244773855789,8.57995899574087],"to":[8.307893999867328,6.468994773855789,8.95495899574087],"rotation":{"angle":-22.5,"axis":"x","origin":[7.639143999867328,4.312744773855789,5.2674589957408715]},"faces":{"north":{"uv":[0.875,1.25,1.3125,1.59375],"rotation":180,"texture":"#1"},"east":{"uv":[1.9374999999999998,0,2.28125,0.375],"rotation":90,"texture":"#1"},"south":{"uv":[0.875,1.25,1.3125,1.59375],"texture":"#1"},"west":{"uv":[1.9374999999999998,0,2.28125,0.375],"rotation":270,"texture":"#1"},"up":{"uv":[2.875,0,3.3125,0.375],"texture":"#1"},"down":{"uv":[2.875,0,3.3125,0.375],"rotation":180,"texture":"#1"}}},{"from":[6.9953939998673285,6.125244773855789,8.57995899574087],"to":[7.4328939998673285,6.468994773855789,8.95495899574087],"rotation":{"angle":-22.5,"axis":"x","origin":[7.639143999867328,4.312744773855789,5.2674589957408715]},"faces":{"north":{"uv":[0.8750000000000009,1.25,1.3125000000000013,1.59375],"rotation":180,"texture":"#1"},"east":{"uv":[1.9374999999999998,0,2.28125,0.375],"rotation":90,"texture":"#1"},"south":{"uv":[0.8750000000000009,1.25,1.3125000000000013,1.59375],"texture":"#1"},"west":{"uv":[1.9374999999999998,0,2.28125,0.375],"rotation":270,"texture":"#1"},"up":{"uv":[2.875000000000001,0,3.3125000000000013,0.375],"texture":"#1"},"down":{"uv":[2.875000000000001,0,3.3125000000000013,0.375],"rotation":180,"texture":"#1"}}}],"textures":{"0":"minecraft:entity/animated/anna_apple/texture","1":"minecraft:entity/animated/anna_apple/red","2":"minecraft:entity/animated/anna_apple/core","3":"minecraft:entity/animated/anna_apple/stem","4":"minecraft:entity/animated/anna_apple/green"},"display":{"head":{"translation":[0,-6.4,0],"scale":[3.2,3.2,3.2],"rotation":[0,180,0]}},"texture_size":[32,32]}