{"elements":[{"from":[8.0103774021739,9.17876197686094,9.189067953998489],"to":[8.4478774021739,10.053761976860939,9.389067953998488],"rotation":{"angle":22.5,"axis":"x","origin":[8.2291274021739,11.86626197686094,5.626567953998489]},"faces":{"north":{"uv":[2,0,2.4375,0.8749999999999987],"rotation":180,"texture":"#1"},"east":{"uv":[3.875,0,4.749999999999998,0.20000000000000062],"rotation":90,"texture":"#1"},"south":{"uv":[0.8749999999999996,2.125,1.3124999999999993,2.9999999999999987],"texture":"#1"},"west":{"uv":[3.875,0,4.749999999999998,0.20000000000000062],"rotation":270,"texture":"#1"},"up":{"uv":[2.875,0.20000000000000062,3.3125,0.40000000000000124],"rotation":180,"texture":"#1"},"down":{"uv":[2.875,0.20000000000000062,3.3125,0.40000000000000124],"texture":"#1"}}},{"from":[7.5728774021739,9.678761976860939,9.189067953998489],"to":[8.0103774021739,10.053761976860939,9.389067953998488],"rotation":{"angle":22.5,"axis":"x","origin":[8.1666274021739,11.866261976860942,5.626567953998489]},"faces":{"north":{"uv":[2,0,2.4375,0.3750000000000009],"rotation":180,"texture":"#1"},"east":{"uv":[3.375,0,3.750000000000001,0.20000000000000062],"rotation":90,"texture":"#1"},"south":{"uv":[0.8749999999999996,1.625,1.3124999999999993,2.000000000000001],"texture":"#1"},"west":{"uv":[3.375,0,3.750000000000001,0.20000000000000062],"rotation":270,"texture":"#1"},"up":{"uv":[2.875,0.20000000000000062,3.3125,0.40000000000000124],"rotation":180,"texture":"#1"},"down":{"uv":[2.875,0.20000000000000062,3.3125,0.40000000000000124],"texture":"#1"}}},{"from":[7.3853774021739,10.05281047101733,9.143851496903052],"to":[8.8228774021739,10.302810471017331,9.393851496903052],"rotation":{"angle":22.5,"axis":"x","origin":[8.3541274021739,11.87781047101733,5.6313514969030525]},"faces":{"north":{"uv":[2,0,3.4375,0.25],"rotation":180,"texture":"#1"},"east":{"uv":[3.25,0,3.5,0.25],"rotation":90,"texture":"#1"},"south":{"uv":[0.8749999999999996,1.5,2.312499999999999,1.75],"texture":"#1"},"west":{"uv":[3.25,0,3.5,0.25],"rotation":270,"texture":"#1"},"up":{"uv":[2.875,0.25,4.3125,0.5],"rotation":180,"texture":"#1"},"down":{"uv":[2.875,0.25,4.3125,0.5],"texture":"#1"}}},{"from":[7.3853774021739,10.302810471017331,9.143851496903052],"to":[8.1978774021739,10.42781047101733,9.393851496903052],"rotation":{"angle":22.5,"axis":"x","origin":[8.3541274021739,11.87781047101733,5.6313514969030525]},"faces":{"north":{"uv":[2,0,2.8125,0.125],"rotation":180,"texture":"#1"},"east":{"uv":[3.125,0,3.25,0.25],"rotation":90,"texture":"#1"},"south":{"uv":[0.8749999999999996,1.375,1.6874999999999993,1.5],"texture":"#1"},"west":{"uv":[3.125,0,3.25,0.25],"rotation":270,"texture":"#1"},"up":{"uv":[2.875,0.25,3.6875,0.5],"rotation":180,"texture":"#1"},"down":{"uv":[2.875,0.25,3.6875,0.5],"texture":"#1"}}},{"from":[8.3853774021739,10.302810471017331,9.143851496903052],"to":[9.1978774021739,10.42781047101733,9.393851496903052],"rotation":{"angle":22.5,"axis":"x","origin":[8.3541274021739,11.87781047101733,5.6313514969030525]},"faces":{"north":{"uv":[2,0,2.8125,0.125],"rotation":180,"texture":"#1"},"east":{"uv":[3.125,0,3.25,0.25],"rotation":90,"texture":"#1"},"south":{"uv":[0.8749999999999996,1.375,1.6874999999999993,1.5],"texture":"#1"},"west":{"uv":[3.125,0,3.25,0.25],"rotation":270,"texture":"#1"},"up":{"uv":[2.875,0.25,3.6875,0.5],"rotation":180,"texture":"#1"},"down":{"uv":[2.875,0.25,3.6875,0.5],"texture":"#1"}}},{"from":[8.4478774021739,9.7147955197655,9.190019459842096],"to":[8.885377402173898,10.058545519765502,9.390019459842097],"rotation":{"angle":22.5,"axis":"x","origin":[8.216627402173899,11.871045519765502,5.615019459842097]},"faces":{"north":{"uv":[2,0,2.4374999999999982,0.3437500000000009],"rotation":180,"texture":"#1"},"east":{"uv":[2.28125,0,2.625000000000001,0.20000000000000018],"rotation":90,"texture":"#1"},"south":{"uv":[0.875,1.59375,1.3124999999999982,1.9375000000000009],"texture":"#1"},"west":{"uv":[2.28125,0,2.625000000000001,0.20000000000000018],"rotation":270,"texture":"#1"},"up":{"uv":[2.875,0.20000000000000018,3.3124999999999982,0.40000000000000036],"rotation":180,"texture":"#1"},"down":{"uv":[2.875,0.20000000000000018,3.3124999999999982,0.40000000000000036],"texture":"#1"}}}],"textures":{"0":"minecraft:entity/animated/anna_apple/texture","1":"minecraft:entity/animated/anna_apple/red","2":"minecraft:entity/animated/anna_apple/core","3":"minecraft:entity/animated/anna_apple/stem","4":"minecraft:entity/animated/anna_apple/green"},"display":{"head":{"translation":[0,-6.4,0],"scale":[3.2,3.2,3.2],"rotation":[0,180,0]}},"texture_size":[32,32]}