{"elements":[{"from":[7.4328939998673285,8.999755226144202,8.57995899574087],"to":[7.8703939998673285,9.8747552261442,8.95495899574087],"rotation":{"angle":22.5,"axis":"x","origin":[7.6516439998673285,11.687255226144204,5.2674589957408715]},"faces":{"north":{"uv":[2,0,2.4375,0.8749999999999987],"rotation":180,"texture":"#1"},"east":{"uv":[3.875,0,4.749999999999998,0.375],"rotation":90,"texture":"#1"},"south":{"uv":[0.8749999999999996,2.125,1.3124999999999993,2.9999999999999987],"texture":"#1"},"west":{"uv":[3.875,0,4.749999999999998,0.375],"rotation":270,"texture":"#1"},"up":{"uv":[2.875,0.375,3.3125,0.75],"rotation":180,"texture":"#1"},"down":{"uv":[2.875,0.375,3.3125,0.75],"texture":"#1"}}},{"from":[6.6828939998673285,9.8747552261442,8.70495899574087],"to":[8.495393999867328,9.9997552261442,8.95495899574087],"rotation":{"angle":22.5,"axis":"x","origin":[7.6516439998673285,11.687255226144204,5.2674589957408715]},"faces":{"north":{"uv":[2,0,3.8125,0.125],"rotation":180,"texture":"#1"},"east":{"uv":[3.125,0,3.25,0.25],"rotation":90,"texture":"#1"},"south":{"uv":[0.8749999999999996,1.375,2.687499999999999,1.5],"texture":"#1"},"west":{"uv":[3.125,0,3.25,0.25],"rotation":270,"texture":"#1"},"up":{"uv":[2.875,0.25,4.6875,0.5],"rotation":180,"texture":"#1"},"down":{"uv":[2.875,0.25,4.6875,0.5],"texture":"#1"}}},{"from":[7.3078939998673285,9.9997552261442,8.70495899574087],"to":[7.9953939998673285,10.124755226144202,8.95495899574087],"rotation":{"angle":22.5,"axis":"x","origin":[7.6516439998673285,11.687255226144204,5.2674589957408715]},"faces":{"north":{"uv":[2,0,2.6875,0.125],"rotation":180,"texture":"#1"},"east":{"uv":[3.125,0,3.25,0.25],"rotation":90,"texture":"#1"},"south":{"uv":[0.8749999999999996,1.375,1.5624999999999993,1.5],"texture":"#1"},"west":{"uv":[3.125,0,3.25,0.25],"rotation":270,"texture":"#1"},"up":{"uv":[2.875,0.25,3.5625,0.5],"rotation":180,"texture":"#1"},"down":{"uv":[2.875,0.25,3.5625,0.5],"texture":"#1"}}},{"from":[7.8703939998673285,9.531005226144204,8.57995899574087],"to":[8.307893999867328,9.874755226144202,8.95495899574087],"rotation":{"angle":22.5,"axis":"x","origin":[7.639143999867328,11.687255226144204,5.2674589957408715]},"faces":{"north":{"uv":[2,0,2.4375,0.34374999999999956],"rotation":180,"texture":"#1"},"east":{"uv":[2.28125,0,2.6249999999999996,0.375],"rotation":90,"texture":"#1"},"south":{"uv":[0.875,1.59375,1.3125,1.9374999999999996],"texture":"#1"},"west":{"uv":[2.28125,0,2.6249999999999996,0.375],"rotation":270,"texture":"#1"},"up":{"uv":[2.875,0.375,3.3125,0.75],"rotation":180,"texture":"#1"},"down":{"uv":[2.875,0.375,3.3125,0.75],"texture":"#1"}}},{"from":[6.9953939998673285,9.531005226144204,8.57995899574087],"to":[7.4328939998673285,9.874755226144202,8.95495899574087],"rotation":{"angle":22.5,"axis":"x","origin":[7.639143999867328,11.687255226144204,5.2674589957408715]},"faces":{"north":{"uv":[2,0,2.4375000000000004,0.34374999999999956],"rotation":180,"texture":"#1"},"east":{"uv":[2.28125,0,2.6249999999999996,0.375],"rotation":90,"texture":"#1"},"south":{"uv":[0.8750000000000009,1.59375,1.3125000000000013,1.9374999999999996],"texture":"#1"},"west":{"uv":[2.28125,0,2.6249999999999996,0.375],"rotation":270,"texture":"#1"},"up":{"uv":[2.875000000000001,0.375,3.3125000000000013,0.75],"rotation":180,"texture":"#1"},"down":{"uv":[2.875000000000001,0.375,3.3125000000000013,0.75],"texture":"#1"}}}],"textures":{"0":"minecraft:entity/animated/anna_apple/texture","1":"minecraft:entity/animated/anna_apple/red","2":"minecraft:entity/animated/anna_apple/core","3":"minecraft:entity/animated/anna_apple/stem","4":"minecraft:entity/animated/anna_apple/green"},"display":{"head":{"translation":[0,-6.4,0],"scale":[3.2,3.2,3.2],"rotation":[0,180,0]}},"texture_size":[32,32]}