{
	"textures": {
		"0": "minecraft:item/perk_hats/earscaucasian"
	},
	"elements": [
		{
			"from": [7.65, 7.5, 7.25],
			"to": [8.35, 8.5, 8.75],
			"light_emission": 0,
			"faces": {
				"north": {
					"uv": [0.7, 10, 0, 11],
					"texture": "#0"
				},
				"east": {
					"uv": [1.5, 10, 0, 11],
					"texture": "#0"
				},
				"south": {
					"uv": [0.7, 10, 0, 11],
					"texture": "#0"
				},
				"west": {
					"uv": [1.5, 11, 0, 12],
					"texture": "#0"
				},
				"up": {
					"uv": [0.7, 13, 0, 14.5],
					"texture": "#0"
				},
				"down": {
					"uv": [0.7, 10, 0, 11.5],
					"texture": "#0"
				}
			}
		}
	],
	"display": {
		"thirdperson_righthand": {
			"rotation": [-124.85226, -3.43723, 4.92082],
			"translation": [4.1325, -6.43102, -1.06727],
			"scale": [1, 1, 1]
		},
		"thirdperson_lefthand": {
			"rotation": [-124.85226, -3.43723, 4.92082],
			"translation": [4.1325, -6.43102, -1.06727],
			"scale": [1, 1, 1]
		},
		"firstperson_righthand": {
			"rotation": [-124.85226, -3.43723, 4.92082],
			"translation": [4.1325, -6.43102, -1.06727],
			"scale": [1, 1, 1]
		},
		"firstperson_lefthand": {
			"rotation": [-124.85226, -3.43723, 4.92082],
			"translation": [4.1325, -6.43102, -1.06727],
			"scale": [1, 1, 1]
		},
		"ground": {
			"rotation": [-124.85226, -3.43723, 4.92082],
			"translation": [4.1325, -6.43102, -1.06727],
			"scale": [1, 1, 1]
		},
		"gui": {
			"rotation": [-41.57669, -18.20345, 151.98865],
			"translation": [-8.70095, -7.71836, -6.5726],
			"scale": [1.79, 1.79, 1.79]
		},
		"head": {
			"rotation": [-124.85226, -3.43723, 4.92082],
			"translation": [6.69465, -2.66825, -1.97898],
			"scale": [1.62, 1.62, 1.62]
		},
		"fixed": {
			"rotation": [-124.85226, -3.43723, 4.92082],
			"translation": [4.1325, -6.43102, -1.06727],
			"scale": [1, 1, 1]
		}
	}
}