{
	"textures": {
		"0": "minecraft:item/perk_hats/gandalf_hat"
	},
	"elements": [
		{
			"from": [3.93791, 7.5, 0.60642],
			"to": [12.0621, 8.5, 15.39358],
			"light_emission": 0,
			"faces": {
				"north": {
					"uv": [7, 3.5, 8, 3.625],
					"texture": "#0"
				},
				"east": {
					"uv": [4.5, 6.375, 6.375, 6.5],
					"texture": "#0"
				},
				"south": {
					"uv": [7, 3.75, 8, 3.875],
					"texture": "#0"
				},
				"west": {
					"uv": [6.5, 5.375, 8.375, 5.5],
					"texture": "#0"
				},
				"up": {
					"uv": [1, 1.875, 0, 0],
					"texture": "#0"
				},
				"down": {
					"uv": [2.125, 0, 1.125, 1.875],
					"texture": "#0"
				}
			}
		}
	],
	"display": {
		"thirdperson_righthand": {
			"rotation": [0, 0, 0],
			"translation": [0.10248, -7.84989, 0.10122],
			"scale": [1, 1, 1]
		},
		"thirdperson_lefthand": {
			"rotation": [0, 0, 0],
			"translation": [0.10248, -7.84989, 0.10122],
			"scale": [1, 1, 1]
		},
		"firstperson_righthand": {
			"rotation": [0, 0, 0],
			"translation": [0.10248, -7.84989, 0.10122],
			"scale": [1, 1, 1]
		},
		"firstperson_lefthand": {
			"rotation": [0, 0, 0],
			"translation": [0.10248, -7.84989, 0.10122],
			"scale": [1, 1, 1]
		},
		"ground": {
			"rotation": [0, 0, 0],
			"translation": [0.10248, -7.84989, 0.10122],
			"scale": [1, 1, 1]
		},
		"gui": {
			"rotation": [-149.97427, 34.67439, -179.78604],
			"translation": [-0.04142, -2.51377, -6.47626],
			"scale": [1.6, 1.6, 1.6]
		},
		"head": {
			"rotation": [7.97884, 0.32561, 0.22872],
			"translation": [-0.07885, 2.59551, -0.20371],
			"scale": [1.67, 1.85, 1.67]
		},
		"fixed": {
			"rotation": [7.97884, 0.32561, 0.22872],
			"translation": [0.10248, -7.84989, 0.10122],
			"scale": [1, 1, 1]
		}
	}
}