{
	"textures": {
		"0": "minecraft:item/perk_hats/gandalf_hat"
	},
	"elements": [
		{
			"from": [6.82733, 6.66745, 5.16891],
			"to": [9.17268, 9.33255, 10.83109],
			"light_emission": 0,
			"faces": {
				"north": {
					"uv": [5.25, 7.375, 5.5, 7.75],
					"texture": "#0"
				},
				"east": {
					"uv": [5.375, 5.875, 6.125, 6.25],
					"texture": "#0"
				},
				"south": {
					"uv": [7.125, 7.375, 7.375, 7.75],
					"texture": "#0"
				},
				"west": {
					"uv": [6, 0, 6.75, 0.375],
					"texture": "#0"
				},
				"up": {
					"uv": [0.25, 7.125, 0, 6.375],
					"texture": "#0"
				},
				"down": {
					"uv": [0.625, 6.375, 0.375, 7.125],
					"texture": "#0"
				}
			}
		}
	],
	"display": {
		"thirdperson_righthand": {
			"rotation": [0, 0, 0],
			"translation": [0.03353, -3.50955, 0.98073],
			"scale": [1, 1, 1]
		},
		"thirdperson_lefthand": {
			"rotation": [0, 0, 0],
			"translation": [0.03353, -3.50955, 0.98073],
			"scale": [1, 1, 1]
		},
		"firstperson_righthand": {
			"rotation": [0, 0, 0],
			"translation": [0.03353, -3.50955, 0.98073],
			"scale": [1, 1, 1]
		},
		"firstperson_lefthand": {
			"rotation": [0, 0, 0],
			"translation": [0.03353, -3.50955, 0.98073],
			"scale": [1, 1, 1]
		},
		"ground": {
			"rotation": [0, 0, 0],
			"translation": [0.03353, -3.50955, 0.98073],
			"scale": [1, 1, 1]
		},
		"gui": {
			"rotation": [-179.20572, -8.4982, -167.77457],
			"translation": [0.85609, 4.0451, -3.94746],
			"scale": [1.6, 1.6, 1.6]
		},
		"head": {
			"rotation": [45.78873, 38.04029, -8.59017],
			"translation": [-0.19401, 10.34258, 2.36827],
			"scale": [1.67, 1.85, 1.67]
		},
		"fixed": {
			"rotation": [45.78873, 38.04029, -8.59017],
			"translation": [0.03353, -3.50955, 0.98073],
			"scale": [1, 1, 1]
		}
	}
}