{
	"textures": {
		"0": "minecraft:item/perk_hats/gandalf_hat"
	},
	"elements": [
		{
			"from": [5.16892, 6.66728, 6.82733],
			"to": [10.83109, 9.33272, 9.17268],
			"light_emission": 0,
			"faces": {
				"north": {
					"uv": [1.5, 6.125, 2.25, 6.5],
					"texture": "#0"
				},
				"east": {
					"uv": [1.75, 7.5, 2, 7.875],
					"texture": "#0"
				},
				"south": {
					"uv": [6.125, 3, 6.875, 3.375],
					"texture": "#0"
				},
				"west": {
					"uv": [7.5, 2, 7.75, 2.375],
					"texture": "#0"
				},
				"up": {
					"uv": [2.25, 6.875, 1.5, 6.625],
					"texture": "#0"
				},
				"down": {
					"uv": [3.125, 6.625, 2.375, 6.875],
					"texture": "#0"
				}
			}
		}
	],
	"display": {
		"thirdperson_righthand": {
			"rotation": [0, 0, 0],
			"translation": [0.03355, -3.50941, 0.98082],
			"scale": [1, 1, 1]
		},
		"thirdperson_lefthand": {
			"rotation": [0, 0, 0],
			"translation": [0.03355, -3.50941, 0.98082],
			"scale": [1, 1, 1]
		},
		"firstperson_righthand": {
			"rotation": [0, 0, 0],
			"translation": [0.03355, -3.50941, 0.98082],
			"scale": [1, 1, 1]
		},
		"firstperson_lefthand": {
			"rotation": [0, 0, 0],
			"translation": [0.03355, -3.50941, 0.98082],
			"scale": [1, 1, 1]
		},
		"ground": {
			"rotation": [0, 0, 0],
			"translation": [0.03355, -3.50941, 0.98082],
			"scale": [1, 1, 1]
		},
		"gui": {
			"rotation": [-179.20572, -8.4982, -167.77457],
			"translation": [0.85615, 4.04536, -3.94747],
			"scale": [1.6, 1.6, 1.6]
		},
		"head": {
			"rotation": [45.78873, 38.04029, -8.59017],
			"translation": [-0.19397, 10.34281, 2.36846],
			"scale": [1.67, 1.85, 1.67]
		},
		"fixed": {
			"rotation": [45.78873, 38.04029, -8.59017],
			"translation": [0.03355, -3.50941, 0.98082],
			"scale": [1, 1, 1]
		}
	}
}