{
	"textures": {
		"0": "minecraft:item/perk_hats/gandalf_hat"
	},
	"elements": [
		{
			"from": [6.13715, 6.83204, 7.22838],
			"to": [9.86286, 9.16796, 8.77162],
			"light_emission": 0,
			"faces": {
				"north": {
					"uv": [7.375, 0.75, 7.875, 1],
					"texture": "#0"
				},
				"east": {
					"uv": [6, 7.625, 6.25, 7.875],
					"texture": "#0"
				},
				"south": {
					"uv": [7.375, 1.125, 7.875, 1.375],
					"texture": "#0"
				},
				"west": {
					"uv": [3.25, 7.75, 3.5, 8],
					"texture": "#0"
				},
				"up": {
					"uv": [5.125, 7.625, 4.625, 7.375],
					"texture": "#0"
				},
				"down": {
					"uv": [7, 7.375, 6.5, 7.625],
					"texture": "#0"
				}
			}
		}
	],
	"display": {
		"thirdperson_righthand": {
			"rotation": [0, 0, 0],
			"translation": [0.04348, -2.1442, 1.80579],
			"scale": [1, 1, 1]
		},
		"thirdperson_lefthand": {
			"rotation": [0, 0, 0],
			"translation": [0.04348, -2.1442, 1.80579],
			"scale": [1, 1, 1]
		},
		"firstperson_righthand": {
			"rotation": [0, 0, 0],
			"translation": [0.04348, -2.1442, 1.80579],
			"scale": [1, 1, 1]
		},
		"firstperson_lefthand": {
			"rotation": [0, 0, 0],
			"translation": [0.04348, -2.1442, 1.80579],
			"scale": [1, 1, 1]
		},
		"ground": {
			"rotation": [0, 0, 0],
			"translation": [0.04348, -2.1442, 1.80579],
			"scale": [1, 1, 1]
		},
		"gui": {
			"rotation": [142.9542, 38.35965, -155.61363],
			"translation": [1.60023, 6.48223, -3.79958],
			"scale": [1.6, 1.6, 1.6]
		},
		"head": {
			"rotation": [57.97219, -19.44844, -9.67762],
			"translation": [-0.17739, 12.65213, 4.08425],
			"scale": [1.67, 1.85, 1.67]
		},
		"fixed": {
			"rotation": [57.97219, -19.44844, -9.67762],
			"translation": [0.04348, -2.1442, 1.80579],
			"scale": [1, 1, 1]
		}
	}
}