{
	"textures": {
		"0": "minecraft:item/perk_hats/gandalf_hat"
	},
	"elements": [
		{
			"from": [-0.1006, 7.495, 5.6445],
			"to": [16.10059, 8.505, 10.3555],
			"light_emission": 0,
			"faces": {
				"north": {
					"uv": [6.25, 6.125, 8.25, 6.25],
					"texture": "#0"
				},
				"east": {
					"uv": [7.5, 3, 8.125, 3.125],
					"texture": "#0"
				},
				"south": {
					"uv": [2.375, 6.375, 4.375, 6.5],
					"texture": "#0"
				},
				"west": {
					"uv": [3.25, 7.5, 3.875, 7.625],
					"texture": "#0"
				},
				"up": {
					"uv": [4.25, 0.625, 2.25, 0],
					"texture": "#0"
				},
				"down": {
					"uv": [4.25, 0.75, 2.25, 1.375],
					"texture": "#0"
				}
			}
		}
	],
	"display": {
		"thirdperson_righthand": {
			"rotation": [0, 0, 0],
			"translation": [0.10248, -7.84989, 0.10123],
			"scale": [1, 1, 1]
		},
		"thirdperson_lefthand": {
			"rotation": [0, 0, 0],
			"translation": [0.10248, -7.84989, 0.10123],
			"scale": [1, 1, 1]
		},
		"firstperson_righthand": {
			"rotation": [0, 0, 0],
			"translation": [0.10248, -7.84989, 0.10123],
			"scale": [1, 1, 1]
		},
		"firstperson_lefthand": {
			"rotation": [0, 0, 0],
			"translation": [0.10248, -7.84989, 0.10123],
			"scale": [1, 1, 1]
		},
		"ground": {
			"rotation": [0, 0, 0],
			"translation": [0.10248, -7.84989, 0.10123],
			"scale": [1, 1, 1]
		},
		"gui": {
			"rotation": [-149.82049, -10.32537, -179.82114],
			"translation": [-0.04142, -2.51377, -6.47626],
			"scale": [1.6, 1.6, 1.6]
		},
		"head": {
			"rotation": [7.74881, 45.32515, 0.3253],
			"translation": [-0.07885, 2.59551, -0.20371],
			"scale": [1.67, 1.85, 1.67]
		},
		"fixed": {
			"rotation": [7.74881, 45.32515, 0.3253],
			"translation": [0.10248, -7.84989, 0.10123],
			"scale": [1, 1, 1]
		}
	}
}