{
	"textures": {
		"0": "minecraft:item/perk_hats/gandalf_hat"
	},
	"elements": [
		{
			"from": [5.45115, 6.81784, 1.84654],
			"to": [10.54885, 9.18216, 14.15346],
			"light_emission": 0,
			"faces": {
				"north": {
					"uv": [5, 6.625, 5.625, 6.875],
					"texture": "#0"
				},
				"east": {
					"uv": [2.25, 1.5, 3.75, 1.75],
					"texture": "#0"
				},
				"south": {
					"uv": [5.75, 6.625, 6.375, 6.875],
					"texture": "#0"
				},
				"west": {
					"uv": [4.5, 3, 6, 3.25],
					"texture": "#0"
				},
				"up": {
					"uv": [2.125, 4.625, 1.5, 3.125],
					"texture": "#0"
				},
				"down": {
					"uv": [2.875, 3.125, 2.25, 4.625],
					"texture": "#0"
				}
			}
		}
	],
	"display": {
		"thirdperson_righthand": {
			"rotation": [0, 0, 0],
			"translation": [0.1636, -6.35383, 0.09543],
			"scale": [1, 1, 1]
		},
		"thirdperson_lefthand": {
			"rotation": [0, 0, 0],
			"translation": [0.1636, -6.35383, 0.09543],
			"scale": [1, 1, 1]
		},
		"firstperson_righthand": {
			"rotation": [0, 0, 0],
			"translation": [0.1636, -6.35383, 0.09543],
			"scale": [1, 1, 1]
		},
		"firstperson_lefthand": {
			"rotation": [0, 0, 0],
			"translation": [0.1636, -6.35383, 0.09543],
			"scale": [1, 1, 1]
		},
		"ground": {
			"rotation": [0, 0, 0],
			"translation": [0.1636, -6.35383, 0.09543],
			"scale": [1, 1, 1]
		},
		"gui": {
			"rotation": [-149.82049, -10.32537, -179.82114],
			"translation": [-0.12684, -0.41652, -5.3214],
			"scale": [1.6, 1.6, 1.6]
		},
		"head": {
			"rotation": [7.74881, 45.32515, 0.3253],
			"translation": [0.02321, 5.33764, 0.17189],
			"scale": [1.67, 1.85, 1.67]
		},
		"fixed": {
			"rotation": [7.74881, 45.32515, 0.3253],
			"translation": [0.1636, -6.35383, 0.09543],
			"scale": [1, 1, 1]
		}
	}
}