{"elements":[{"from":[7.9125000000000005,5.600000000000001,7.4125],"to":[8.8,8.600000000000001,8.45],"rotation":{"angle":0,"axis":"y","origin":[5.85,-3.3999999999999986,8]},"faces":{"north":{"uv":[5,5.75,4.5,7.25],"texture":"#0"},"east":{"uv":[1,6.25,0.5,7.75],"texture":"#0"},"south":{"uv":[0.5,6.25,0,7.75],"texture":"#0"},"west":{"uv":[6.5,5.5,6,7],"texture":"#0"},"up":{"uv":[7,0.5,7.5,0],"texture":"#0"},"down":{"uv":[7,0.5,7.5,1],"texture":"#0"}}},{"from":[7.899999999999999,5.197108684357442,7.174114697258869],"to":[8.924999999999999,8.197108684357442,8.674114697258869],"rotation":{"angle":0,"axis":"y","origin":[5.9125,-3.568749999999998,8]},"faces":{"north":{"uv":[4.3500000000000005,6.166666666666667,5.033333333333334,8.166666666666666],"rotation":180,"texture":"#8"},"east":{"uv":[2.1666666666666665,6,3.1666666666666665,8],"texture":"#8"},"south":{"uv":[4.3500000000000005,6.166666666666667,5.033333333333334,8.166666666666666],"rotation":180,"texture":"#8"},"west":{"uv":[2.3333333333333335,7,3.3333333333333335,9],"texture":"#8"},"up":{"uv":[3.766666666666667,4.010666666666666,4.45,5.010666666666666],"texture":"#8"}}},{"from":[7.906874999999991,7.364374999999978,6.97625],"to":[9.156874999999989,8.364374999999978,8.95125],"rotation":{"angle":22.5,"axis":"z","origin":[8.531874999999992,7.864374999999976,7.96375]},"faces":{"north":{"uv":[9.5,8.333333333333332,10.166666666666668,9.166666666666668],"rotation":270,"texture":"#6"},"east":{"uv":[7.333333333333333,5.666666666666667,6.666666666666667,7.666666666666667],"rotation":90,"texture":"#6"},"south":{"uv":[9.333333333333332,8,10.000000000000002,8.833333333333332],"rotation":90,"texture":"#6"},"west":{"uv":[3.6666666666666665,11.333333333333334,4.333333333333334,12.166666666666666],"rotation":90,"texture":"#6"},"up":{"uv":[7,5.666666666666667,7.833333333333333,7.666666666666667],"rotation":180,"texture":"#6"},"down":{"uv":[5,11.333333333333334,5.666666666666668,12.166666666666666],"rotation":90,"texture":"#6"}}},{"from":[8.706874999999997,6.726874999999978,7.03875],"to":[9.131874999999996,7.726874999999978,8.88875],"rotation":{"angle":0,"axis":"y","origin":[8.493749999999999,7.012500000000001,7.9125]},"faces":{"north":{"uv":[9.5,8.333333333333332,10.166666666666668,9.166666666666668],"rotation":270,"texture":"#6"},"east":{"uv":[7.333333333333333,5.666666666666667,6.666666666666667,7.666666666666667],"rotation":90,"texture":"#6"},"south":{"uv":[9.333333333333332,8,10.000000000000002,8.833333333333332],"rotation":90,"texture":"#6"},"west":{"uv":[5,11.333333333333334,5.666666666666668,12.166666666666666],"rotation":90,"texture":"#6"},"up":{"uv":[2.6666666666666665,11.833333333333334,3.3333333333333344,12.666666666666666],"rotation":90,"texture":"#6"},"down":{"uv":[2.6666666666666665,11.833333333333334,3.3333333333333344,12.666666666666666],"rotation":90,"texture":"#6"}}}],"textures":{"0":"minecraft:entity/animated/potd_ghost/potd_skeleton","1":"minecraft:entity/animated/potd_ghost/potd_skeleton_sword_blade","3":"minecraft:entity/animated/potd_ghost/potd_skeleton_sowrd","4":"minecraft:entity/animated/potd_ghost/potd_skeleton_helmet","6":"minecraft:entity/animated/potd_ghost/potd_skeleton_armour","7":"minecraft:entity/animated/potd_ghost/potd_skeleton_inner","8":"minecraft:entity/animated/potd_ghost/potd_skeleton_soldier"},"display":{"head":{"translation":[0,-6.4,0],"scale":[3.2,3.2,3.2],"rotation":[0,180,0]}},"texture_size":[48,48]}