{"elements":[{"from":[6.393749999999998,5.184608684357439,7.136614697258869],"to":[8.143749999999997,8.184608684357439,8.886614697258869],"rotation":{"angle":0,"axis":"y","origin":[10.143749999999997,-3.5812500000000007,8.0875]},"faces":{"north":{"uv":[3.6666666666666665,6.166666666666667,4.833333333333332,8.166666666666666],"rotation":180,"texture":"#5"},"east":{"uv":[3.6666666666666665,6.166666666666667,4.833333333333332,8.166666666666666],"rotation":180,"texture":"#5"},"south":{"uv":[3.6666666666666665,6.166666666666667,4.833333333333332,8.166666666666666],"rotation":180,"texture":"#5"},"west":{"uv":[1.1666666666666667,6,2.333333333333333,7.999999999999999],"texture":"#5"},"up":{"uv":[3.0833333333333335,4.010666666666666,3.3226666666666667,4.25],"texture":"#5"},"down":{"uv":[0.5,5.833333333333333,1.2180000000000004,7.301333333333335],"texture":"#5"}}},{"from":[6.336875000000003,7.3518749999999855,6.88875],"to":[7.586874999999999,8.351874999999986,9.21375],"rotation":{"angle":0,"axis":"y","origin":[10,-2.5000000000000018,8]},"faces":{"north":{"uv":[10.166666666666668,8.333333333333334,9.5,9.166666666666668],"rotation":90,"texture":"#6"},"east":{"uv":[4.333333333333335,11.333333333333334,3.6666666666666665,12.166666666666666],"rotation":270,"texture":"#6"},"south":{"uv":[10.000000000000002,8,9.333333333333334,8.833333333333334],"rotation":270,"texture":"#6"},"west":{"uv":[6.666666666666667,5.666666666666667,7.333333333333333,7.666666666666667],"rotation":270,"texture":"#6"}}},{"from":[10.736875000000001,7.773124999999995,6.71875],"to":[12.199375000000003,9.023124999999995,9.34375],"rotation":{"angle":22.5,"axis":"z","origin":[10,-2.5000000000000018,8]},"faces":{"north":{"uv":[10.833333333333334,8,10.166666666666666,8.833333333333334],"texture":"#6"},"south":{"uv":[7.666666666666667,8.166666666666666,7,9],"texture":"#6"},"west":{"uv":[8.166666666666666,8.5,9.166666666666666,9.333333333333334],"texture":"#6"},"up":{"uv":[6.666666666666667,5.666666666666667,7.641666666666668,7.416666666666667],"texture":"#6"}}},{"from":[14.670624999999985,6.3768749999999965,6.788125],"to":[15.670624999999985,7.6268749999999965,9.263125],"rotation":{"angle":45,"axis":"z","origin":[10,-2.5000000000000018,8]},"faces":{"north":{"uv":[7.500000000000001,8,6.833333333333333,8.833333333333334],"texture":"#6"},"south":{"uv":[10.500000000000002,8.333333333333334,9.833333333333334,9.166666666666668],"texture":"#6"},"west":{"uv":[9.333333333333334,8,10.333333333333334,8.833333333333334],"texture":"#6"},"up":{"uv":[6.666666666666667,5.666666666666667,7.333333333333333,7.666666666666667],"texture":"#6"}}},{"from":[6.361875000000001,6.714374999999986,7.013750000000001],"to":[6.786875,7.714374999999986,9.088750000000001],"rotation":{"angle":0,"axis":"y","origin":[10,-2.5000000000000018,8]},"faces":{"north":{"uv":[10.166666666666668,8.333333333333334,9.5,9.166666666666668],"rotation":90,"texture":"#6"},"east":{"uv":[5.666666666666668,11.333333333333334,5,12.166666666666666],"rotation":270,"texture":"#6"},"south":{"uv":[10.000000000000002,8,9.333333333333334,8.833333333333334],"rotation":270,"texture":"#6"},"west":{"uv":[6.666666666666667,5.666666666666667,7.333333333333333,7.666666666666667],"rotation":270,"texture":"#6"},"down":{"uv":[3.3333333333333344,11.833333333333334,2.6666666666666665,12.666666666666666],"rotation":270,"texture":"#6"}}}],"textures":{"0":"minecraft:entity/animated/rohan_soldier/rohan_shield","1":"minecraft:entity/animated/rohan_soldier/rohan_sword_blade","3":"minecraft:entity/animated/rohan_soldier/rohan_sword","4":"minecraft:entity/animated/rohan_soldier/rohan_helmet_noble","5":"minecraft:entity/animated/rohan_soldier/rohan_soldier_2","6":"minecraft:entity/animated/rohan_soldier/rohan_armour"},"display":{"head":{"translation":[0,-6.4,0],"scale":[3.2,3.2,3.2],"rotation":[0,180,0]}},"texture_size":[48,48]}