{
	"textures": {
		"0": "minecraft:item/perk_hats/barad_dur"
	},
	"elements": [
		{
			"from": [5.2459, 6.03279, 8],
			"to": [10.7541, 9.96721, 8],
			"light_emission": 15,
			"shade": false,
			"faces": {
				"north": {
					"uv": [7, 5.75, 8.75, 7],
					"texture": "#0"
				},
				"east": {
					"uv": [5.875, 8.5, 5.875, 9.75],
					"texture": "#0"
				},
				"south": {
					"uv": [7, 7.125, 8.75, 8.375],
					"texture": "#0"
				},
				"west": {
					"uv": [6, 8.5, 6, 9.75],
					"texture": "#0"
				},
				"up": {
					"uv": [13.375, 3.375, 11.625, 3.375],
					"texture": "#0"
				},
				"down": {
					"uv": [13.5, 10.875, 11.75, 10.875],
					"texture": "#0"
				}
			}
		}
	],
	"display": {
		"thirdperson_righthand": {
			"rotation": [0, 0, 0],
			"translation": [0.5, 56, 0],
			"scale": [2.54167, 2.54167, 2.54167]
		},
		"thirdperson_lefthand": {
			"rotation": [0, 0, 0],
			"translation": [0.5, 56, 0],
			"scale": [2.54167, 2.54167, 2.54167]
		},
		"firstperson_righthand": {
			"rotation": [0, 0, 0],
			"translation": [0.5, 56, 0],
			"scale": [2.54167, 2.54167, 2.54167]
		},
		"firstperson_lefthand": {
			"rotation": [0, 0, 0],
			"translation": [0.5, 56, 0],
			"scale": [2.54167, 2.54167, 2.54167]
		},
		"ground": {
			"rotation": [0, 0, 0],
			"translation": [0.5, 56, 0],
			"scale": [2.54167, 2.54167, 2.54167]
		},
		"gui": {
			"rotation": [-154, 30, -180],
			"translation": [-0.21651, 18.47103, 12.16204],
			"scale": [1.27083, 1.27083, 1.27083]
		},
		"head": {
			"rotation": [0, 0, 0],
			"translation": [0.75, 68.25, 0],
			"scale": [2.54167, 2.54167, 2.54167]
		},
		"fixed": {
			"rotation": [0, 0, 0],
			"translation": [0.5, 56, 0],
			"scale": [2.54167, 2.54167, 2.54167]
		}
	}
}