{
	"textures": {
		"0": "minecraft:item/perk_hats/barad_dur"
	},
	"elements": [
		{
			"from": [7.21311, 6.62295, 7.21311],
			"to": [8.78689, 9.37705, 8.78689],
			"light_emission": 0,
			"faces": {
				"north": {
					"uv": [7.875, 4.75, 8.375, 5.625],
					"texture": "#0"
				},
				"east": {
					"uv": [10.875, 3.5, 11.375, 4.375],
					"texture": "#0"
				},
				"south": {
					"uv": [4.25, 10.875, 4.75, 11.75],
					"texture": "#0"
				},
				"west": {
					"uv": [10.875, 4.5, 11.375, 5.375],
					"texture": "#0"
				},
				"up": {
					"uv": [12.125, 0.5, 11.625, 0],
					"texture": "#0"
				},
				"down": {
					"uv": [12.125, 0.625, 11.625, 1.125],
					"texture": "#0"
				}
			}
		}
	],
	"display": {
		"thirdperson_righthand": {
			"rotation": [0, 0, -42.5],
			"translation": [3.21574, 48.13315, 0],
			"scale": [2.54167, 2.54167, 2.54167]
		},
		"thirdperson_lefthand": {
			"rotation": [0, 0, -42.5],
			"translation": [3.21574, 48.13315, 0],
			"scale": [2.54167, 2.54167, 2.54167]
		},
		"firstperson_righthand": {
			"rotation": [0, 0, -42.5],
			"translation": [3.21574, 48.13315, 0],
			"scale": [2.54167, 2.54167, 2.54167]
		},
		"firstperson_lefthand": {
			"rotation": [0, 0, -42.5],
			"translation": [3.21574, 48.13315, 0],
			"scale": [2.54167, 2.54167, 2.54167]
		},
		"ground": {
			"rotation": [0, 0, -42.5],
			"translation": [3.21574, 48.13315, 0],
			"scale": [2.54167, 2.54167, 2.54167]
		},
		"gui": {
			"rotation": [-154, 30, 137.5],
			"translation": [-1.39246, 15.23332, 9.82752],
			"scale": [1.27083, 1.27083, 1.27083]
		},
		"head": {
			"rotation": [0, 0, -42.5],
			"translation": [3.46574, 60.38315, 0],
			"scale": [2.54167, 2.54167, 2.54167]
		},
		"fixed": {
			"rotation": [0, 0, -42.5],
			"translation": [3.21574, 48.13315, 0],
			"scale": [2.54167, 2.54167, 2.54167]
		}
	}
}