{
	"textures": {
		"0": "minecraft:item/perk_hats/barad_dur"
	},
	"elements": [
		{
			"from": [7.60656, 6.62295, 7.70492],
			"to": [8.39344, 9.37705, 8.29508],
			"light_emission": 0,
			"faces": {
				"north": {
					"uv": [9.75, 10.625, 10, 11.5],
					"texture": "#0"
				},
				"east": {
					"uv": [6.5, 11.625, 6.6875, 12.5],
					"texture": "#0"
				},
				"south": {
					"uv": [6.875, 11.625, 7.125, 12.5],
					"texture": "#0"
				},
				"west": {
					"uv": [11.625, 7, 11.8125, 7.875],
					"texture": "#0"
				},
				"up": {
					"uv": [10.75, 12.1875, 10.5, 12],
					"texture": "#0"
				},
				"down": {
					"uv": [11.125, 12, 10.875, 12.1875],
					"texture": "#0"
				}
			}
		}
	],
	"display": {
		"thirdperson_righthand": {
			"rotation": [0, 0, -3],
			"translation": [7.07496, 57.10756, 0],
			"scale": [2.54167, 2.54167, 2.54167]
		},
		"thirdperson_lefthand": {
			"rotation": [0, 0, -3],
			"translation": [7.07496, 57.10756, 0],
			"scale": [2.54167, 2.54167, 2.54167]
		},
		"firstperson_righthand": {
			"rotation": [0, 0, -3],
			"translation": [7.07496, 57.10756, 0],
			"scale": [2.54167, 2.54167, 2.54167]
		},
		"firstperson_lefthand": {
			"rotation": [0, 0, -3],
			"translation": [7.07496, 57.10756, 0],
			"scale": [2.54167, 2.54167, 2.54167]
		},
		"ground": {
			"rotation": [0, 0, -3],
			"translation": [7.07496, 57.10756, 0],
			"scale": [2.54167, 2.54167, 2.54167]
		},
		"gui": {
			"rotation": [-154, 30, 177],
			"translation": [-3.06355, 19.68933, 10.92742],
			"scale": [1.27083, 1.27083, 1.27083]
		},
		"head": {
			"rotation": [0, 0, -3],
			"translation": [7.32496, 69.35756, 0],
			"scale": [2.54167, 2.54167, 2.54167]
		},
		"fixed": {
			"rotation": [0, 0, -3],
			"translation": [7.07496, 57.10756, 0],
			"scale": [2.54167, 2.54167, 2.54167]
		}
	}
}