{
	"textures": {
		"0": "minecraft:item/perk_hats/barad_dur"
	},
	"elements": [
		{
			"from": [7.5082, 6.92418, 7.5082],
			"to": [8.4918, 9.07582, 8.4918],
			"light_emission": 0,
			"faces": {
				"north": {
					"uv": [1.5, 11.625, 1.8125, 12.30859],
					"texture": "#0"
				},
				"east": {
					"uv": [11.625, 1.875, 11.9375, 2.55859],
					"texture": "#0"
				},
				"south": {
					"uv": [2, 11.625, 2.3125, 12.30859],
					"texture": "#0"
				},
				"west": {
					"uv": [2.5, 11.625, 2.8125, 12.30859],
					"texture": "#0"
				},
				"up": {
					"uv": [1.4375, 6.6875, 1.125, 6.375],
					"texture": "#0"
				},
				"down": {
					"uv": [6.8125, 2.625, 6.5, 2.9375],
					"texture": "#0"
				}
			}
		}
	],
	"display": {
		"thirdperson_righthand": {
			"rotation": [0, 0, -20],
			"translation": [6.10294, 51.9567, 0],
			"scale": [2.54167, 2.54167, 2.54167]
		},
		"thirdperson_lefthand": {
			"rotation": [0, 0, -20],
			"translation": [6.10294, 51.9567, 0],
			"scale": [2.54167, 2.54167, 2.54167]
		},
		"firstperson_righthand": {
			"rotation": [0, 0, -20],
			"translation": [6.10294, 51.9567, 0],
			"scale": [2.54167, 2.54167, 2.54167]
		},
		"firstperson_lefthand": {
			"rotation": [0, 0, -20],
			"translation": [6.10294, 51.9567, 0],
			"scale": [2.54167, 2.54167, 2.54167]
		},
		"ground": {
			"rotation": [0, 0, -20],
			"translation": [6.10294, 51.9567, 0],
			"scale": [2.54167, 2.54167, 2.54167]
		},
		"gui": {
			"rotation": [-154, 30, 160],
			"translation": [-2.64265, 17.26802, 10.01684],
			"scale": [1.27083, 1.27083, 1.27083]
		},
		"head": {
			"rotation": [0, 0, -20],
			"translation": [6.35294, 64.2067, 0],
			"scale": [2.54167, 2.54167, 2.54167]
		},
		"fixed": {
			"rotation": [0, 0, -20],
			"translation": [6.10294, 51.9567, 0],
			"scale": [2.54167, 2.54167, 2.54167]
		}
	}
}