{
	"textures": {
		"0": "minecraft:item/perk_hats/barad_dur"
	},
	"elements": [
		{
			"from": [7.21311, 6.62295, 7.21311],
			"to": [8.78689, 9.37705, 8.78689],
			"light_emission": 0,
			"faces": {
				"north": {
					"uv": [5.875, 10.875, 6.375, 11.75],
					"texture": "#0"
				},
				"east": {
					"uv": [11, 7.375, 11.5, 8.25],
					"texture": "#0"
				},
				"south": {
					"uv": [11, 8.375, 11.5, 9.25],
					"texture": "#0"
				},
				"west": {
					"uv": [11, 9.375, 11.5, 10.25],
					"texture": "#0"
				},
				"up": {
					"uv": [13.875, 2.625, 13.375, 2.125],
					"texture": "#0"
				},
				"down": {
					"uv": [12.125, 1.25, 11.625, 1.75],
					"texture": "#0"
				}
			}
		}
	],
	"display": {
		"thirdperson_righthand": {
			"rotation": [0, 0, 42.5],
			"translation": [-2.21574, 48.15503, 0],
			"scale": [2.54167, 2.54167, 2.54167]
		},
		"thirdperson_lefthand": {
			"rotation": [0, 0, 42.5],
			"translation": [-2.21574, 48.15503, 0],
			"scale": [2.54167, 2.54167, 2.54167]
		},
		"firstperson_righthand": {
			"rotation": [0, 0, 42.5],
			"translation": [-2.21574, 48.15503, 0],
			"scale": [2.54167, 2.54167, 2.54167]
		},
		"firstperson_lefthand": {
			"rotation": [0, 0, 42.5],
			"translation": [-2.21574, 48.15503, 0],
			"scale": [2.54167, 2.54167, 2.54167]
		},
		"ground": {
			"rotation": [0, 0, 42.5],
			"translation": [-2.21574, 48.15503, 0],
			"scale": [2.54167, 2.54167, 2.54167]
		},
		"gui": {
			"rotation": [-154, 30, -137.5],
			"translation": [0.95944, 14.6479, 11.05276],
			"scale": [1.27083, 1.27083, 1.27083]
		},
		"head": {
			"rotation": [0, 0, 42.5],
			"translation": [-1.96574, 60.40503, 0],
			"scale": [2.54167, 2.54167, 2.54167]
		},
		"fixed": {
			"rotation": [0, 0, 42.5],
			"translation": [-2.21574, 48.15503, 0],
			"scale": [2.54167, 2.54167, 2.54167]
		}
	}
}