{
	"textures": {
		"0": "minecraft:item/perk_hats/barad_dur"
	},
	"elements": [
		{
			"from": [7.5082, 6.92418, 7.5082],
			"to": [8.4918, 9.07582, 8.4918],
			"light_emission": 0,
			"faces": {
				"north": {
					"uv": [11.625, 2.625, 11.9375, 3.30859],
					"texture": "#0"
				},
				"east": {
					"uv": [3, 11.625, 3.3125, 12.30859],
					"texture": "#0"
				},
				"south": {
					"uv": [11.625, 5.5, 11.9375, 6.18359],
					"texture": "#0"
				},
				"west": {
					"uv": [11.625, 6.25, 11.9375, 6.93359],
					"texture": "#0"
				},
				"up": {
					"uv": [9.1875, 8.3125, 8.875, 8],
					"texture": "#0"
				},
				"down": {
					"uv": [10.0625, 7.5, 9.75, 7.8125],
					"texture": "#0"
				}
			}
		}
	],
	"display": {
		"thirdperson_righthand": {
			"rotation": [0, 0, 20],
			"translation": [-5.10294, 51.97857, 0],
			"scale": [2.54167, 2.54167, 2.54167]
		},
		"thirdperson_lefthand": {
			"rotation": [0, 0, 20],
			"translation": [-5.10294, 51.97857, 0],
			"scale": [2.54167, 2.54167, 2.54167]
		},
		"firstperson_righthand": {
			"rotation": [0, 0, 20],
			"translation": [-5.10294, 51.97857, 0],
			"scale": [2.54167, 2.54167, 2.54167]
		},
		"firstperson_lefthand": {
			"rotation": [0, 0, 20],
			"translation": [-5.10294, 51.97857, 0],
			"scale": [2.54167, 2.54167, 2.54167]
		},
		"ground": {
			"rotation": [0, 0, 20],
			"translation": [-5.10294, 51.97857, 0],
			"scale": [2.54167, 2.54167, 2.54167]
		},
		"gui": {
			"rotation": [-154, 30, -160],
			"translation": [2.20964, 16.04977, 12.53958],
			"scale": [1.27083, 1.27083, 1.27083]
		},
		"head": {
			"rotation": [0, 0, 20],
			"translation": [-4.85294, 64.22857, 0],
			"scale": [2.54167, 2.54167, 2.54167]
		},
		"fixed": {
			"rotation": [0, 0, 20],
			"translation": [-5.10294, 51.97857, 0],
			"scale": [2.54167, 2.54167, 2.54167]
		}
	}
}