{
	"textures": {
		"0": "minecraft:item/perk_hats/barad_dur"
	},
	"elements": [
		{
			"from": [6.81967, 7.50896, 6.81967],
			"to": [9.18033, 8.49104, 9.18033],
			"light_emission": 0,
			"faces": {
				"north": {
					"uv": [11.625, 9, 12.375, 9.31201],
					"texture": "#0"
				},
				"east": {
					"uv": [11.625, 9.375, 12.375, 9.68701],
					"texture": "#0"
				},
				"south": {
					"uv": [11.625, 9.75, 12.375, 10.06201],
					"texture": "#0"
				},
				"west": {
					"uv": [10.5, 11.625, 11.25, 11.93701],
					"texture": "#0"
				},
				"up": {
					"uv": [11.5, 2.5, 10.75, 1.75],
					"texture": "#0"
				},
				"down": {
					"uv": [11.5, 2.625, 10.75, 3.375],
					"texture": "#0"
				}
			}
		}
	],
	"display": {
		"thirdperson_righthand": {
			"rotation": [0, 0, -35.5],
			"translation": [4.89098, 45.1751, 0],
			"scale": [2.54167, 2.54167, 2.54167]
		},
		"thirdperson_lefthand": {
			"rotation": [0, 0, -35.5],
			"translation": [4.89098, 45.1751, 0],
			"scale": [2.54167, 2.54167, 2.54167]
		},
		"firstperson_righthand": {
			"rotation": [0, 0, -35.5],
			"translation": [4.89098, 45.1751, 0],
			"scale": [2.54167, 2.54167, 2.54167]
		},
		"firstperson_lefthand": {
			"rotation": [0, 0, -35.5],
			"translation": [4.89098, 45.1751, 0],
			"scale": [2.54167, 2.54167, 2.54167]
		},
		"ground": {
			"rotation": [0, 0, -35.5],
			"translation": [4.89098, 45.1751, 0],
			"scale": [2.54167, 2.54167, 2.54167]
		},
		"gui": {
			"rotation": [-154, 30, 144.5],
			"translation": [-2.11786, 14.08757, 8.80273],
			"scale": [1.27083, 1.27083, 1.27083]
		},
		"head": {
			"rotation": [0, 0, -35.5],
			"translation": [5.14098, 57.4251, 0],
			"scale": [2.54167, 2.54167, 2.54167]
		},
		"fixed": {
			"rotation": [0, 0, -35.5],
			"translation": [4.89098, 45.1751, 0],
			"scale": [2.54167, 2.54167, 2.54167]
		}
	}
}