{
	"textures": {
		"0": "minecraft:item/perk_hats/barad_dur"
	},
	"elements": [
		{
			"from": [6.49385, 4.6104, 6.61527],
			"to": [9.50615, 11.3896, 9.38473],
			"light_emission": 0,
			"faces": {
				"north": {
					"uv": [7.625, 0, 8.49707, 2.15381],
					"texture": "#0"
				},
				"east": {
					"uv": [7.875, 2.375, 8.69043, 4.52881],
					"texture": "#0"
				},
				"south": {
					"uv": [8.375, 0, 9.24707, 2.15381],
					"texture": "#0"
				},
				"west": {
					"uv": [4.5, 8.5, 5.31543, 10.65381],
					"texture": "#0"
				},
				"up": {
					"uv": [11.87207, 11.19043, 11, 10.375],
					"texture": "#0"
				},
				"down": {
					"uv": [5.74707, 11.125, 4.875, 11.94043],
					"texture": "#0"
				}
			}
		}
	],
	"display": {
		"thirdperson_righthand": {
			"rotation": [0, 0, 0],
			"translation": [0.5, 39.61524, 0.17578],
			"scale": [2.54167, 2.54167, 2.54167]
		},
		"thirdperson_lefthand": {
			"rotation": [0, 0, 0],
			"translation": [0.5, 39.61524, 0.17578],
			"scale": [2.54167, 2.54167, 2.54167]
		},
		"firstperson_righthand": {
			"rotation": [0, 0, 0],
			"translation": [0.5, 39.61524, 0.17578],
			"scale": [2.54167, 2.54167, 2.54167]
		},
		"firstperson_lefthand": {
			"rotation": [0, 0, 0],
			"translation": [0.5, 39.61524, 0.17578],
			"scale": [2.54167, 2.54167, 2.54167]
		},
		"ground": {
			"rotation": [0, 0, 0],
			"translation": [0.5, 39.61524, 0.17578],
			"scale": [2.54167, 2.54167, 2.54167]
		},
		"gui": {
			"rotation": [-154, 30, -180],
			"translation": [-0.17256, 11.14113, 8.50233],
			"scale": [1.27083, 1.27083, 1.27083]
		},
		"head": {
			"rotation": [0, 0, 0],
			"translation": [0.75, 51.86524, 0.17578],
			"scale": [2.54167, 2.54167, 2.54167]
		},
		"fixed": {
			"rotation": [0, 0, 0],
			"translation": [0.5, 39.61524, 0.17578],
			"scale": [2.54167, 2.54167, 2.54167]
		}
	}
}