{
	"textures": {
		"0": "minecraft:item/perk_hats/barad_dur"
	},
	"elements": [
		{
			"from": [7.60656, 6.62295, 7.01639],
			"to": [8.39344, 9.37705, 8.98361],
			"light_emission": 0,
			"faces": {
				"north": {
					"uv": [9.375, 0, 9.125, 0.875],
					"texture": "#0"
				},
				"east": {
					"uv": [2.375, 4.75, 1.75, 5.625],
					"texture": "#0"
				},
				"south": {
					"uv": [0.25, 9.5, 0, 10.375],
					"texture": "#0"
				},
				"west": {
					"uv": [0.625, 4.25, 0, 5.125],
					"texture": "#0"
				},
				"up": {
					"uv": [10.375, 4.5, 10.625, 3.875],
					"texture": "#0"
				},
				"down": {
					"uv": [10.5, 7.5, 10.75, 8.125],
					"texture": "#0"
				}
			}
		}
	],
	"display": {
		"thirdperson_righthand": {
			"rotation": [0, 0, 0],
			"translation": [-7, 0.5, -0.5],
			"scale": [2.54167, 2.54167, 2.54167]
		},
		"thirdperson_lefthand": {
			"rotation": [0, 0, 0],
			"translation": [-7, 0.5, -0.5],
			"scale": [2.54167, 2.54167, 2.54167]
		},
		"firstperson_righthand": {
			"rotation": [0, 0, 0],
			"translation": [-7, 0.5, -0.5],
			"scale": [2.54167, 2.54167, 2.54167]
		},
		"firstperson_lefthand": {
			"rotation": [0, 0, 0],
			"translation": [-7, 0.5, -0.5],
			"scale": [2.54167, 2.54167, 2.54167]
		},
		"ground": {
			"rotation": [0, 0, 0],
			"translation": [-7, 0.5, -0.5],
			"scale": [2.54167, 2.54167, 2.54167]
		},
		"gui": {
			"rotation": [-154, 30, -180],
			"translation": [2.90609, -7.38736, 1.87708],
			"scale": [1.27083, 1.27083, 1.27083]
		},
		"head": {
			"rotation": [0, 0, 0],
			"translation": [-6.75, 12.75, -0.5],
			"scale": [2.54167, 2.54167, 2.54167]
		},
		"fixed": {
			"rotation": [0, 0, 0],
			"translation": [-7, 0.5, -0.5],
			"scale": [2.54167, 2.54167, 2.54167]
		}
	}
}