{
	"textures": {
		"0": "minecraft:item/perk_hats/barad_dur"
	},
	"elements": [
		{
			"from": [6.62295, 6.62295, 8],
			"to": [9.37705, 9.37705, 8],
			"light_emission": 0,
			"faces": {
				"north": {
					"uv": [15.75, 14.875, 14.875, 15.75],
					"texture": "#0"
				},
				"south": {
					"uv": [14.875, 14.875, 15.75, 15.75],
					"texture": "#0"
				}
			}
		}
	],
	"display": {
		"thirdperson_righthand": {
			"rotation": [0, 90, 0],
			"translation": [-1.64258, 31.44919, -4.56118],
			"scale": [2.54167, 2.54167, 2.54167]
		},
		"thirdperson_lefthand": {
			"rotation": [0, 90, 0],
			"translation": [-1.64258, 31.44919, -4.56118],
			"scale": [2.54167, 2.54167, 2.54167]
		},
		"firstperson_righthand": {
			"rotation": [0, 90, 0],
			"translation": [-1.64258, 31.44919, -4.56118],
			"scale": [2.54167, 2.54167, 2.54167]
		},
		"firstperson_lefthand": {
			"rotation": [0, 90, 0],
			"translation": [-1.64258, 31.44919, -4.56118],
			"scale": [2.54167, 2.54167, 2.54167]
		},
		"ground": {
			"rotation": [0, 90, 0],
			"translation": [-1.64258, 31.44919, -4.56118],
			"scale": [2.54167, 2.54167, 2.54167]
		},
		"gui": {
			"rotation": [-154, -60, -180],
			"translation": [-0.42904, 6.33735, 9.03746],
			"scale": [1.27083, 1.27083, 1.27083]
		},
		"head": {
			"rotation": [0, 90, 0],
			"translation": [-1.39258, 43.69919, -4.56118],
			"scale": [2.54167, 2.54167, 2.54167]
		},
		"fixed": {
			"rotation": [0, 90, 0],
			"translation": [-1.64258, 31.44919, -4.56118],
			"scale": [2.54167, 2.54167, 2.54167]
		}
	}
}