{
	"textures": {
		"0": "minecraft:item/perk_hats/barad_dur"
	},
	"elements": [
		{
			"from": [7.11475, 5.04918, 7.40984],
			"to": [8.88525, 10.95082, 8.59016],
			"light_emission": 0,
			"faces": {
				"north": {
					"uv": [9.6875, 0.75, 9.125, 2.625],
					"texture": "#0"
				},
				"east": {
					"uv": [2.125, 4.75, 1.75, 6.625],
					"texture": "#0"
				},
				"south": {
					"uv": [9.6875, 0.75, 9.125, 2.625],
					"texture": "#0"
				},
				"west": {
					"uv": [0.375, 4.25, 0, 6.125],
					"texture": "#0"
				},
				"up": {
					"uv": [10.375, 4.25, 10.9375, 3.875],
					"texture": "#0"
				},
				"down": {
					"uv": [9.75, 6.625, 10.3125, 7],
					"texture": "#0"
				}
			}
		}
	],
	"display": {
		"thirdperson_righthand": {
			"rotation": [0, 0, 0],
			"translation": [-5.93359, -0.5, 3],
			"scale": [2.54167, 2.54167, 2.54167]
		},
		"thirdperson_lefthand": {
			"rotation": [0, 0, 0],
			"translation": [-5.93359, -0.5, 3],
			"scale": [2.54167, 2.54167, 2.54167]
		},
		"firstperson_righthand": {
			"rotation": [0, 0, 0],
			"translation": [-5.93359, -0.5, 3],
			"scale": [2.54167, 2.54167, 2.54167]
		},
		"firstperson_lefthand": {
			"rotation": [0, 0, 0],
			"translation": [-5.93359, -0.5, 3],
			"scale": [2.54167, 2.54167, 2.54167]
		},
		"ground": {
			"rotation": [0, 0, 0],
			"translation": [-5.93359, -0.5, 3],
			"scale": [2.54167, 2.54167, 2.54167]
		},
		"gui": {
			"rotation": [-154, 30, -180],
			"translation": [3.31932, -7.05552, 0.05611],
			"scale": [1.27083, 1.27083, 1.27083]
		},
		"head": {
			"rotation": [0, 0, 0],
			"translation": [-5.68359, 11.75, 3],
			"scale": [2.54167, 2.54167, 2.54167]
		},
		"fixed": {
			"rotation": [0, 0, 0],
			"translation": [-5.93359, -0.5, 3],
			"scale": [2.54167, 2.54167, 2.54167]
		}
	}
}