{
	"textures": {
		"0": "minecraft:item/perk_hats/barad_dur"
	},
	"elements": [
		{
			"from": [7.5082, 5.83607, 7.40984],
			"to": [8.4918, 10.16393, 8.59016],
			"light_emission": 0,
			"faces": {
				"north": {
					"uv": [9.375, 1.875, 9.6875, 3.25],
					"texture": "#0"
				},
				"east": {
					"uv": [0, 4.25, 0.375, 5.625],
					"texture": "#0"
				},
				"south": {
					"uv": [9.75, 3.625, 10.0625, 5],
					"texture": "#0"
				},
				"west": {
					"uv": [1.75, 4.75, 2.125, 6.125],
					"texture": "#0"
				},
				"up": {
					"uv": [10.6875, 4.25, 10.375, 3.875],
					"texture": "#0"
				},
				"down": {
					"uv": [10.8125, 7.5, 10.5, 7.875],
					"texture": "#0"
				}
			}
		}
	],
	"display": {
		"thirdperson_righthand": {
			"rotation": [0, 0, 0],
			"translation": [7.93359, -8.5, 8],
			"scale": [2.54167, 2.54167, 2.54167]
		},
		"thirdperson_lefthand": {
			"rotation": [0, 0, 0],
			"translation": [7.93359, -8.5, 8],
			"scale": [2.54167, 2.54167, 2.54167]
		},
		"firstperson_righthand": {
			"rotation": [0, 0, 0],
			"translation": [7.93359, -8.5, 8],
			"scale": [2.54167, 2.54167, 2.54167]
		},
		"firstperson_lefthand": {
			"rotation": [0, 0, 0],
			"translation": [7.93359, -8.5, 8],
			"scale": [2.54167, 2.54167, 2.54167]
		},
		"ground": {
			"rotation": [0, 0, 0],
			"translation": [7.93359, -8.5, 8],
			"scale": [2.54167, 2.54167, 2.54167]
		},
		"gui": {
			"rotation": [-154, 30, -180],
			"translation": [-1.43535, -8.18185, -6.75926],
			"scale": [1.27083, 1.27083, 1.27083]
		},
		"head": {
			"rotation": [0, 0, 0],
			"translation": [8.18359, 3.75, 8],
			"scale": [2.54167, 2.54167, 2.54167]
		},
		"fixed": {
			"rotation": [0, 0, 0],
			"translation": [7.93359, -8.5, 8],
			"scale": [2.54167, 2.54167, 2.54167]
		}
	}
}