{
	"textures": {
		"0": "minecraft:item/perk_hats/barad_dur"
	},
	"elements": [
		{
			"from": [7.31148, 7.40984, 8],
			"to": [8.68852, 8.59016, 8],
			"light_emission": 0,
			"faces": {
				"north": {
					"uv": [0.4375, 9.75, 0, 10.125],
					"texture": "#0"
				},
				"south": {
					"uv": [0, 9.75, 0.4375, 10.125],
					"texture": "#0"
				}
			}
		}
	],
	"display": {
		"thirdperson_righthand": {
			"rotation": [0, 0, 0],
			"translation": [8.25, 1.5, 6.25],
			"scale": [2.54167, 2.54167, 2.54167]
		},
		"thirdperson_lefthand": {
			"rotation": [0, 0, 0],
			"translation": [8.25, 1.5, 6.25],
			"scale": [2.54167, 2.54167, 2.54167]
		},
		"firstperson_righthand": {
			"rotation": [0, 0, 0],
			"translation": [8.25, 1.5, 6.25],
			"scale": [2.54167, 2.54167, 2.54167]
		},
		"firstperson_lefthand": {
			"rotation": [0, 0, 0],
			"translation": [8.25, 1.5, 6.25],
			"scale": [2.54167, 2.54167, 2.54167]
		},
		"ground": {
			"rotation": [0, 0, 0],
			"translation": [8.25, 1.5, 6.25],
			"scale": [2.54167, 2.54167, 2.54167]
		},
		"gui": {
			"rotation": [-154, 30, -180],
			"translation": [-2.00985, -3.98539, -3.95742],
			"scale": [1.27083, 1.27083, 1.27083]
		},
		"head": {
			"rotation": [0, 0, 0],
			"translation": [8.5, 13.75, 6.25],
			"scale": [2.54167, 2.54167, 2.54167]
		},
		"fixed": {
			"rotation": [0, 0, 0],
			"translation": [8.25, 1.5, 6.25],
			"scale": [2.54167, 2.54167, 2.54167]
		}
	}
}