{
	"textures": {
		"0": "minecraft:item/perk_hats/barad_dur"
	},
	"elements": [
		{
			"from": [7.40984, 4.85246, 5.44262],
			"to": [8.59016, 11.14754, 10.55738],
			"light_emission": 0,
			"faces": {
				"north": {
					"uv": [9.75, 0.375, 10.125, 2.375],
					"texture": "#0"
				},
				"east": {
					"uv": [0, 4.25, 1.625, 6.25],
					"texture": "#0"
				},
				"south": {
					"uv": [12.5, 0, 12.875, 2],
					"texture": "#0"
				},
				"west": {
					"uv": [1.75, 4.75, 3.375, 6.75],
					"texture": "#0"
				},
				"up": {
					"uv": [10.75, 5.5, 10.375, 3.875],
					"texture": "#0"
				},
				"down": {
					"uv": [10.875, 7.5, 10.5, 9.125],
					"texture": "#0"
				}
			}
		}
	],
	"display": {
		"thirdperson_righthand": {
			"rotation": [0, 0, 0],
			"translation": [6.5, -11, -1.5],
			"scale": [2.54167, 2.54167, 2.54167]
		},
		"thirdperson_lefthand": {
			"rotation": [0, 0, 0],
			"translation": [6.5, -11, -1.5],
			"scale": [2.54167, 2.54167, 2.54167]
		},
		"firstperson_righthand": {
			"rotation": [0, 0, 0],
			"translation": [6.5, -11, -1.5],
			"scale": [2.54167, 2.54167, 2.54167]
		},
		"firstperson_lefthand": {
			"rotation": [0, 0, 0],
			"translation": [6.5, -11, -1.5],
			"scale": [2.54167, 2.54167, 2.54167]
		},
		"ground": {
			"rotation": [0, 0, 0],
			"translation": [6.5, -11, -1.5],
			"scale": [2.54167, 2.54167, 2.54167]
		},
		"gui": {
			"rotation": [-154, 30, -180],
			"translation": [-3.18958, -11.26574, -3.2878],
			"scale": [1.27083, 1.27083, 1.27083]
		},
		"head": {
			"rotation": [0, 0, 0],
			"translation": [6.75, 1.25, -1.5],
			"scale": [2.54167, 2.54167, 2.54167]
		},
		"fixed": {
			"rotation": [0, 0, 0],
			"translation": [6.5, -11, -1.5],
			"scale": [2.54167, 2.54167, 2.54167]
		}
	}
}