{
	"textures": {
		"0": "minecraft:item/perk_hats/barad_dur"
	},
	"elements": [
		{
			"from": [7.21311, 6.81967, 7.60656],
			"to": [8.78689, 9.18033, 8.39344],
			"light_emission": 0,
			"faces": {
				"north": {
					"uv": [6.125, 6.875, 6.625, 8],
					"texture": "#0"
				},
				"east": {
					"uv": [5.375, 0, 5.625, 1.125],
					"texture": "#0"
				},
				"south": {
					"uv": [7, 2.625, 7.5, 3.75],
					"texture": "#0"
				},
				"west": {
					"uv": [0, 6.375, 0.25, 7.5],
					"texture": "#0"
				},
				"up": {
					"uv": [10, 4.875, 9.5, 4.625],
					"texture": "#0"
				},
				"down": {
					"uv": [10, 8, 9.5, 8.25],
					"texture": "#0"
				}
			}
		}
	],
	"display": {
		"thirdperson_righthand": {
			"rotation": [0, 0, 0],
			"translation": [0, 3, 6],
			"scale": [2.54167, 2.54167, 2.54167]
		},
		"thirdperson_lefthand": {
			"rotation": [0, 0, 0],
			"translation": [0, 3, 6],
			"scale": [2.54167, 2.54167, 2.54167]
		},
		"firstperson_righthand": {
			"rotation": [0, 0, 0],
			"translation": [0, 3, 6],
			"scale": [2.54167, 2.54167, 2.54167]
		},
		"firstperson_lefthand": {
			"rotation": [0, 0, 0],
			"translation": [0, 3, 6],
			"scale": [2.54167, 2.54167, 2.54167]
		},
		"ground": {
			"rotation": [0, 0, 0],
			"translation": [0, 3, 6],
			"scale": [2.54167, 2.54167, 2.54167]
		},
		"gui": {
			"rotation": [-154, 30, -180],
			"translation": [1.5, -4.26289, -1.67758],
			"scale": [1.27083, 1.27083, 1.27083]
		},
		"head": {
			"rotation": [0, 0, 0],
			"translation": [0.25, 15.25, 6],
			"scale": [2.54167, 2.54167, 2.54167]
		},
		"fixed": {
			"rotation": [0, 0, 0],
			"translation": [0, 3, 6],
			"scale": [2.54167, 2.54167, 2.54167]
		}
	}
}