{
	"textures": {
		"0": "minecraft:item/perk_hats/barad_dur"
	},
	"elements": [
		{
			"from": [7.60656, 7.21311, 7.60656],
			"to": [8.39344, 8.78689, 8.39344],
			"light_emission": 0,
			"faces": {
				"north": {
					"uv": [9.75, 11.625, 10, 12.125],
					"texture": "#0"
				},
				"east": {
					"uv": [10.125, 11.75, 10.375, 12.25],
					"texture": "#0"
				},
				"south": {
					"uv": [4.25, 11.875, 4.5, 12.375],
					"texture": "#0"
				},
				"west": {
					"uv": [4.625, 11.875, 4.875, 12.375],
					"texture": "#0"
				},
				"up": {
					"uv": [2, 4.5, 1.75, 4.25],
					"texture": "#0"
				},
				"down": {
					"uv": [10.625, 2.625, 10.375, 2.875],
					"texture": "#0"
				}
			}
		}
	],
	"display": {
		"thirdperson_righthand": {
			"rotation": [0, 0, 0],
			"translation": [-4, -17, -7],
			"scale": [2.54167, 2.54167, 2.54167]
		},
		"thirdperson_lefthand": {
			"rotation": [0, 0, 0],
			"translation": [-4, -17, -7],
			"scale": [2.54167, 2.54167, 2.54167]
		},
		"firstperson_righthand": {
			"rotation": [0, 0, 0],
			"translation": [-4, -17, -7],
			"scale": [2.54167, 2.54167, 2.54167]
		},
		"firstperson_lefthand": {
			"rotation": [0, 0, 0],
			"translation": [-4, -17, -7],
			"scale": [2.54167, 2.54167, 2.54167]
		},
		"ground": {
			"rotation": [0, 0, 0],
			"translation": [-4, -17, -7],
			"scale": [2.54167, 2.54167, 2.54167]
		},
		"gui": {
			"rotation": [-154, 30, -180],
			"translation": [-0.01795, -16.15686, -0.10304],
			"scale": [1.27083, 1.27083, 1.27083]
		},
		"head": {
			"rotation": [0, 0, 0],
			"translation": [-3.75, -4.75, -7],
			"scale": [2.54167, 2.54167, 2.54167]
		},
		"fixed": {
			"rotation": [0, 0, 0],
			"translation": [-4, -17, -7],
			"scale": [2.54167, 2.54167, 2.54167]
		}
	}
}