{"elements":[{"from":[3.6568749999999923,7.435624999999995,6.6625],"to":[5.119374999999994,8.685624999999995,9.2875],"rotation":{"angle":-22.5,"axis":"z","origin":[5.856249999999995,-2.837500000000002,7.9125]},"faces":{"north":{"uv":[10.166666666666666,8,10.833333333333334,8.833333333333334],"texture":"#6"},"east":{"uv":[9.166666666666666,8.5,8.166666666666666,9.333333333333334],"texture":"#6"},"south":{"uv":[7,8.166666666666666,7.666666666666667,9],"texture":"#6"},"up":{"uv":[7.641666666666668,5.666666666666667,6.666666666666667,7.416666666666667],"texture":"#6"}}},{"from":[0.18562500000000437,6.039374999999996,6.7006250000000005],"to":[1.1856250000000044,7.289374999999996,9.175625],"rotation":{"angle":-45,"axis":"z","origin":[5.856249999999995,-2.837500000000002,7.9125]},"faces":{"north":{"uv":[6.833333333333333,8,7.500000000000001,8.833333333333334],"texture":"#6"},"east":{"uv":[10.333333333333334,8,9.333333333333334,8.833333333333334],"texture":"#6"},"south":{"uv":[9.833333333333334,8.333333333333334,10.500000000000002,9.166666666666668],"texture":"#6"},"up":{"uv":[7.333333333333333,5.666666666666667,6.666666666666667,7.666666666666667],"texture":"#6"}}},{"from":[8.269374999999995,7.0143749999999905,6.80125],"to":[9.519374999999991,8.01437499999999,9.126249999999999],"rotation":{"angle":0,"axis":"z","origin":[5.856249999999995,-2.837500000000002,7.9125]},"faces":{"north":{"uv":[9.5,8.333333333333334,10.166666666666668,9.166666666666668],"rotation":270,"texture":"#6"},"east":{"uv":[7.333333333333333,5.666666666666667,6.666666666666667,7.666666666666667],"rotation":90,"texture":"#6"},"south":{"uv":[9.333333333333334,8,10.000000000000002,8.833333333333334],"rotation":90,"texture":"#6"},"west":{"uv":[4.833333333333333,11.5,5.500000000000001,12.333333333333334],"rotation":90,"texture":"#6"},"down":{"uv":[3.6666666666666665,11.166666666666666,4.333333333333335,12],"rotation":90,"texture":"#6"}}},{"from":[9.069374999999994,6.376874999999991,6.9262500000000005],"to":[9.494374999999993,7.376874999999991,9.00125],"rotation":{"angle":0,"axis":"z","origin":[5.856249999999995,-2.837500000000002,7.9125]},"faces":{"north":{"uv":[9.5,8.333333333333334,10.166666666666668,9.166666666666668],"rotation":270,"texture":"#6"},"east":{"uv":[7.333333333333333,5.666666666666667,6.666666666666667,7.666666666666667],"rotation":90,"texture":"#6"},"south":{"uv":[9.333333333333334,8,10.000000000000002,8.833333333333334],"rotation":90,"texture":"#6"},"west":{"uv":[4.333333333333333,12,5.000000000000001,12.833333333333334],"rotation":90,"texture":"#6"},"up":{"uv":[7.333333333333333,5.666666666666667,6.666666666666667,7.666666666666667],"rotation":90,"texture":"#5"},"down":{"uv":[4.166666666666667,10.833333333333334,4.833333333333335,11.666666666666666],"rotation":90,"texture":"#6"}}},{"from":[7.618749999999999,4.965728352484904,7.036900237754223],"to":[9.368749999999999,7.965728352484904,8.786900237754223],"rotation":{"angle":0,"axis":"y","origin":[15.712499999999995,-3.825000000000001,8]},"faces":{"north":{"uv":[3.6666666666666665,6.166666666666667,4.833333333333332,8.166666666666666],"rotation":180,"texture":"#3"},"east":{"uv":[1.5,6,2.666666666666666,7.999999999999999],"texture":"#3"},"south":{"uv":[3.6666666666666665,6,4.833333333333332,7.999999999999999],"rotation":180,"texture":"#3"},"west":{"uv":[0.5,5.833333333333333,1.2180000000000004,7.301333333333335],"texture":"#3"},"up":{"uv":[1.8333333333333333,5.833333333333333,3.1666666666666674,8.166666666666664],"rotation":180,"texture":"#3"},"down":{"uv":[1.8333333333333333,5.833333333333333,3.1666666666666674,8.166666666666664],"rotation":180,"texture":"#3"}}}],"textures":{"0":"minecraft:entity/animated/rohan_soldier/rohan_spear","3":"minecraft:entity/animated/rohan_soldier/rohan_soldier_3","4":"minecraft:entity/animated/rohan_soldier/rohan_helmet_noble","5":"minecraft:entity/animated/rohan_soldier/rohan_shield_2","6":"minecraft:entity/animated/rohan_soldier/rohan_armour"},"display":{"head":{"translation":[0,-6.4,0],"scale":[3.2,3.2,3.2],"rotation":[0,180,0]}},"texture_size":[48,48]}