{"elements":[{"from":[7.042049635322835,7.586093693878111,7.307729999999999],"to":[8.052149635322834,9.606293693878122,8.72187],"rotation":{"angle":0,"axis":"y","origin":[7.092554635322834,8.932893693878114,8.3515]},"faces":{"north":{"uv":[8.371,1.7540000000000002,8.004,1.9375],"rotation":270,"texture":"#0"},"east":{"uv":[7.7540000000000004,7.2459999999999996,8.121,7.0040000000000004],"rotation":270,"texture":"#0"},"south":{"uv":[8.371,1.5040000000000002,8.004,1.6875],"rotation":90,"texture":"#0"},"west":{"uv":[0.004,7.8790000000000004,0.371,8.121],"rotation":270,"texture":"#0"},"up":{"uv":[6.1290000000000004,8.1875,6.3709999999999996,8.004],"rotation":270,"texture":"#0"},"down":{"uv":[8.004,5.6875,8.246,5.5040000000000004],"rotation":270,"texture":"#0"}}}],"textures":{"0":"minecraft:entity/animated/warg/warg_bright_4"},"display":{"head":{"translation":[0,-6.4,0],"scale":[3.2,3.2,3.2],"rotation":[0,180,0]}},"texture_size":[48,48]}