{"elements":[{"from":[7.129354800008056,8.037165106660062,8.013990263844992],"to":[9.058645800008058,10.017634506660066,8.041740263844993],"rotation":{"angle":0,"axis":"y","origin":[8.779061760538308,4.212998695563519,7.147845347406551]},"faces":{"north":{"uv":[1.8790000000000002,5.254,2.246,5.6209999999999996],"texture":"#0"},"south":{"uv":[2.504,5.7540000000000004,2.871,6.1209999999999996],"texture":"#0"}}}],"textures":{"0":"minecraft:entity/animated/warg/warg_bright_4"},"display":{"head":{"translation":[0,-6.4,0],"scale":[3.2,3.2,3.2],"rotation":[0,180,0]}},"texture_size":[48,48]}