{"elements":[{"from":[6.5770129700181315,8,-4.005945008900596],"to":[30.48551297001802,8,19.994054991099404],"rotation":{"angle":0,"axis":"y","origin":[104.76152542982067,8.000000000000004,21.092269230737486]},"faces":{"up":{"uv":[1.875,5.25,2.25,4.875],"texture":"#0"},"down":{"uv":[1.875,4.875,2.25,5.25],"texture":"#0"}}},{"from":[-14.485512970017965,8,-3.9940549910994605],"to":[9.422987029981925,8,20.00594500890054],"rotation":{"angle":0,"axis":"y","origin":[104.76152542982067,8.000000000000004,21.092269230737486]},"faces":{"up":{"uv":[4.875,2.625,5.25,2.25],"texture":"#0"},"down":{"uv":[4.875,2.25,5.25,2.625],"texture":"#0"}}}],"textures":{"0":"minecraft:entity/animated/smaug/smaug_fireworks"},"display":{"head":{"translation":[0,-6.4,0],"scale":[3.2,3.2,3.2],"rotation":[0,180,0]}}}