{"elements":[{"from":[7.167469390105225,8,-14.623402215447214],"to":[31.075969390105058,8,9.376597784552786],"rotation":{"angle":0,"axis":"y","origin":[84.63081366907039,8.000000000000004,-2.425000951927899]},"faces":{"up":{"uv":[5.53125,1.125,5.90625,0.75],"texture":"#0"},"down":{"uv":[5.53125,0.75,5.90625,1.125],"texture":"#0"}}},{"from":[7.1697137292511,8,6.579335864978191],"to":[31.07821372925099,8,30.57933586497819],"rotation":{"angle":0,"axis":"y","origin":[84.63081366907033,8.000000000000004,21.574999048072044]},"faces":{"up":{"uv":[0,5.96875,0.375,5.59375],"texture":"#0"},"down":{"uv":[0,5.59375,0.375,5.96875],"texture":"#0"}}},{"from":[-14.871082076187804,8,6.692322220039358],"to":[9.037417923812086,8,30.692322220039358],"rotation":{"angle":0,"axis":"y","origin":[84.63081366907033,8.000000000000004,21.574999048072044]},"faces":{"up":{"uv":[1.875,6,2.25,5.625],"texture":"#0"},"down":{"uv":[1.875,5.625,2.25,6],"texture":"#0"}}},{"from":[-14.873326415333679,8,-14.510415860386047],"to":[9.035173584666154,8,9.489584139613953],"rotation":{"angle":0,"axis":"y","origin":[84.63081366907039,8.000000000000004,-2.425000951927899]},"faces":{"up":{"uv":[5.625,2.625,6,2.25],"texture":"#0"},"down":{"uv":[5.625,2.25,6,2.625],"texture":"#0"}}}],"textures":{"0":"minecraft:entity/animated/smaug/smaug_fireworks"},"display":{"head":{"translation":[0,-6.4,0],"scale":[3.2,3.2,3.2],"rotation":[0,180,0]}}}