{"elements":[{"from":[-9.083519881633606,7.775000000000002,-15.27303816052708],"to":[14.824980118366227,7.775000000000002,8.72696183947292],"rotation":{"angle":0,"axis":"y","origin":[46.68727578340048,7.775000000000006,-3.0703016965412644]},"faces":{"up":{"uv":[1.5,5.875,1.875,5.5],"texture":"#0"},"down":{"uv":[1.5,5.5,1.875,5.875],"texture":"#0"}}},{"from":[7.263101711737477,8,-14.676501032526971],"to":[31.171601711737367,8,9.323498967473029],"rotation":{"angle":0,"axis":"y","origin":[5.575317192409386,8.000000000000004,25.094035087888642]},"faces":{"up":{"uv":[0.375,4.875,0.75,4.5],"texture":"#0"},"down":{"uv":[0.375,4.5,0.75,4.875],"texture":"#0"}}},{"from":[7.272919157628394,8,7.073520385851424],"to":[31.181419157628284,8,31.073520385851424],"rotation":{"angle":0,"axis":"y","origin":[5.575317192409386,8.000000000000004,25.094035087888642]},"faces":{"up":{"uv":[2.25,4.875,2.625,4.5],"texture":"#0"},"down":{"uv":[2.25,4.5,2.625,4.875],"texture":"#0"}}},{"from":[-14.664599523957008,8,7.082083380322587],"to":[9.243900476042882,8,31.082083380322587],"rotation":{"angle":0,"axis":"y","origin":[5.575317192409386,8.000000000000004,25.094035087888642]},"faces":{"up":{"uv":[2.625,4.875,3,4.5],"texture":"#0"},"down":{"uv":[2.625,4.5,3,4.875],"texture":"#0"}}}],"textures":{"0":"minecraft:entity/animated/smaug/smaug_fireworks"},"display":{"head":{"translation":[0,-6.4,0],"scale":[3.2,3.2,3.2],"rotation":[0,180,0]}}}