{"elements":[{"from":[-13.582785648195909,8,-15.911567412004842],"to":[10.325714351804152,8,8.088432587995186],"rotation":{"angle":0,"axis":"y","origin":[19.862499999999216,8.000000000000004,-8.518750000000011]},"faces":{"up":{"uv":[4.875,3,5.25,2.625],"texture":"#0"},"down":{"uv":[4.875,2.625,5.25,3],"texture":"#0"}}},{"from":[-13.582785648195909,8,6.0884325879951575],"to":[10.325714351804152,8,30.088432587995186],"rotation":{"angle":0,"axis":"y","origin":[19.862499999999216,8.000000000000004,-8.518750000000011]},"faces":{"up":{"uv":[12.828125,4.7109375,13.203125,4.3359375],"texture":"#0"},"down":{"uv":[12.828125,4.3359375,13.203125,4.7109375],"texture":"#0"}}},{"from":[7.908249999999896,8.500000000000004,-15.906250000000028],"to":[31.816749999999132,8.500000000000004,8.09375],"rotation":{"angle":0,"axis":"y","origin":[19.862499999999216,8.000000000000004,-8.518750000000011]},"faces":{"up":{"uv":[4.875,3.75,5.25,3.375],"texture":"#0"},"down":{"uv":[12.828125,4.3359375,13.203125,4.7109375],"texture":"#0"}}}],"textures":{"0":"minecraft:entity/animated/smaug/smaug_fireworks"},"display":{"head":{"translation":[0,-6.4,0],"scale":[3.2,3.2,3.2],"rotation":[0,180,0]}}}