{"elements":[{"from":[-2.376762473077406,8,-15.004241366375311],"to":[17.56923752692238,8,8.995758633624689],"rotation":{"angle":0,"axis":"y","origin":[15.137,3.0874999999999986,6]},"faces":{"up":{"uv":[1.375,10,1.0625,9.625],"texture":"#0"},"down":{"uv":[1.375,9.625,1.0625,10],"texture":"#0"}}},{"from":[-2.3854759057764596,8,6.756180767884047],"to":[17.560524094223325,8,30.756180767884047],"rotation":{"angle":0,"axis":"y","origin":[16.75000000000003,8,27.337500000000006]},"faces":{"up":{"uv":[9.96875,0.75,9.65625,0.375],"texture":"#0"},"down":{"uv":[9.96875,0.375,9.65625,0.75],"texture":"#0"}}}],"textures":{"0":"minecraft:entity/animated/smaug/smaug_fireworks"},"display":{"head":{"translation":[0,-6.4,0],"scale":[3.2,3.2,3.2],"rotation":[0,180,0]}}}