{"elements":[{"from":[-15.454249999999774,8,-4.000000000000057],"to":[8.454249999999774,8,20.000000000000057],"rotation":{"angle":0,"axis":"y","origin":[96.35017549101201,8.000000000000004,8.56654738091612]},"faces":{"up":{"uv":[2.25,6.375,2.625,6],"texture":"#0"},"down":{"uv":[2.25,6,2.625,6.375],"texture":"#0"}}},{"from":[6.5457500000002256,8,-4.000000000000057],"to":[30.454249999999774,8,20.000000000000057],"rotation":{"angle":0,"axis":"y","origin":[96.35017549101201,8.000000000000004,8.56654738091612]},"faces":{"up":{"uv":[12.3203125,5.4765625,12.6953125,5.1015625],"texture":"#0"},"down":{"uv":[12.3203125,5.1015625,12.6953125,5.4765625],"texture":"#0"}}}],"textures":{"0":"minecraft:entity/animated/smaug/smaug_fireworks"},"display":{"head":{"translation":[0,-6.4,0],"scale":[3.2,3.2,3.2],"rotation":[0,180,0]}}}