{"elements":[{"from":[6.7647642089873585,8,6.34913659592695],"to":[30.710764208987378,8,30.34913659592695],"rotation":{"angle":0,"axis":"y","origin":[16.112999999999985,3.0874999999999986,27.525000000000006]},"faces":{"up":{"uv":[1.5,3.625,1.875,3.25],"texture":"#0"},"down":{"uv":[1.5,3.25,1.875,3.625],"texture":"#0"}}},{"from":[-15.498356653924148,8,6.429186209072213],"to":[8.44764334607585,8,30.429186209072213],"rotation":{"angle":0,"axis":"y","origin":[-7.78700000000002,3.0874999999999986,27.525000000000006]},"faces":{"up":{"uv":[3.28125,1.125,3.65625,0.75],"texture":"#0"},"down":{"uv":[3.28125,0.75,3.65625,1.125],"texture":"#0"}}},{"from":[-15.451328948724097,8,-14.98649445863822],"to":[8.494671051275901,8,9.01350554136178],"rotation":{"angle":0,"axis":"y","origin":[-9.400000000000006,8,1.1000000000000227]},"faces":{"up":{"uv":[0,3.71875,0.375,3.34375],"texture":"#0"},"down":{"uv":[0,3.34375,0.375,3.71875],"texture":"#0"}}},{"from":[6.81179191418741,8,-15.066544071783483],"to":[30.75779191418738,8,8.933455928216517],"rotation":{"angle":0,"axis":"y","origin":[14.5,8,1.1000000000000227]},"faces":{"up":{"uv":[1.875,3.75,2.25,3.375],"texture":"#0"},"down":{"uv":[1.875,3.375,2.25,3.75],"texture":"#0"}}}],"textures":{"0":"minecraft:entity/animated/smaug/smaug_fireworks"},"display":{"head":{"translation":[0,-6.4,0],"scale":[3.2,3.2,3.2],"rotation":[0,180,0]}}}