{"elements":[{"from":[-3.954249999999888,8,-4],"to":[19.954249999999945,8,20],"rotation":{"angle":0,"axis":"y","origin":[204.77527183010432,8.000000000000004,7.812968563796289]},"faces":{"up":{"uv":[5.625,5.625,6,5.25],"texture":"#0"},"down":{"uv":[5.625,5.25,6,5.625],"texture":"#0"}}}],"textures":{"0":"minecraft:entity/animated/smaug/smaug_fireworks"},"display":{"head":{"translation":[0,-6.4,0],"scale":[3.2,3.2,3.2],"rotation":[0,180,0]}}}