{"elements":[{"from":[6.77429113080381,8,6.828456279707609],"to":[30.72029113080383,8,30.82845627970761],"rotation":{"angle":0,"axis":"y","origin":[18.48750000000001,8,23.075000000000045]},"faces":{"up":{"uv":[3.375,3.375,3.75,3],"texture":"#0"},"down":{"uv":[3.375,3,3.75,3.375],"texture":"#0"}}},{"from":[6.747114443864895,8,-15.15733270760316],"to":[30.693114443864886,8,8.84266729239684],"rotation":{"angle":0,"axis":"y","origin":[8.600499999999997,3.0874999999999986,-29.49999999999997]},"faces":{"up":{"uv":[3.46875,1.875,3.84375,1.5],"texture":"#0"},"down":{"uv":[3.46875,1.5,3.84375,1.875],"texture":"#0"}}},{"from":[-15.194549461283422,8,-15.10215167177617],"to":[8.751450538716561,8,8.89784832822383],"rotation":{"angle":0,"axis":"y","origin":[-15.262,3.0874999999999986,-29.49999999999997]},"faces":{"up":{"uv":[3.59375,0.375,3.96875,0],"texture":"#0"},"down":{"uv":[3.59375,0,3.96875,0.375],"texture":"#0"}}},{"from":[-15.167372774344507,8,6.8836373155346],"to":[8.778627225655477,8,30.8836373155346],"rotation":{"angle":0,"axis":"y","origin":[-5.374999999999986,8,23.075000000000045]},"faces":{"up":{"uv":[1.125,4,1.5,3.625],"texture":"#0"},"down":{"uv":[1.125,3.625,1.5,4],"texture":"#0"}}}],"textures":{"0":"minecraft:entity/animated/smaug/smaug_fireworks"},"display":{"head":{"translation":[0,-6.4,0],"scale":[3.2,3.2,3.2],"rotation":[0,180,0]}}}