{"elements":[{"from":[-15.829249999999888,7.9999999999999964,-15.900000000000034],"to":[8.079250000000059,7.9999999999999964,8.099999999999994],"rotation":{"angle":0,"axis":"y","origin":[-3.8749999999999716,8,-3.9000000000000057]},"faces":{"up":{"uv":[4.125,4.125,3.75,3.75],"texture":"#0"},"down":{"uv":[4.125,3.75,3.75,4.125],"texture":"#0"}}},{"from":[-0.06674999999978581,8.275000000000002,-15.700000000000017],"to":[23.84174999999945,8.275000000000002,8.300000000000011],"rotation":{"angle":0,"axis":"y","origin":[11.88750000000013,7.775000000000002,-8.3125]},"faces":{"up":{"uv":[12.4375,3.390625,12.0625,3.015625],"texture":"#0"},"down":{"uv":[12.4375,3.015625,12.0625,3.390625],"texture":"#0"}}},{"from":[-15.829249999999888,7.9999999999999964,5.725000000000023],"to":[8.079250000000059,7.9999999999999964,29.725000000000023],"rotation":{"angle":0,"axis":"y","origin":[-3.874999999999943,8,19.912499999999994]},"faces":{"up":{"uv":[4.21875,2.25,3.84375,1.875],"texture":"#0"},"down":{"uv":[4.21875,1.875,3.84375,2.25],"texture":"#0"}}},{"from":[6.108267491675917,7.9999999999999964,5.733017580810753],"to":[30.01676749167504,7.9999999999999964,29.733017580810753],"rotation":{"angle":0,"axis":"y","origin":[-3.874999999999943,8,19.912499999999994]},"faces":{"up":{"uv":[1.125,4.375,0.75,4],"texture":"#0"},"down":{"uv":[1.125,4,0.75,4.375],"texture":"#0"}}}],"textures":{"0":"minecraft:entity/animated/smaug/smaug_fireworks"},"display":{"head":{"translation":[0,-6.4,0],"scale":[3.2,3.2,3.2],"rotation":[0,180,0]}}}