{"elements":[{"from":[-14.579371477970483,7.999999999999998,7.00077600298647],"to":[9.165628522029806,7.999999999999998,31.00077600298647],"rotation":{"angle":0,"axis":"y","origin":[-10.487500000000011,8,26.575000000000045]},"faces":{"up":{"uv":[3.75,8.625,4.1171875,8.25],"texture":"#0"},"down":{"uv":[3.75,8.25,4.1171875,8.625],"texture":"#0"}}},{"from":[-14.64146439212206,7.999999999999998,-14.892929665515965],"to":[9.103535607878229,7.999999999999998,9.107070334484035],"rotation":{"angle":0,"axis":"y","origin":[-10.487500000000011,8,-10.18124999999992]},"faces":{"up":{"uv":[4.125,8.625,4.4921875,8.25],"texture":"#0"},"down":{"uv":[4.125,8.25,4.4921875,8.625],"texture":"#0"}}},{"from":[6.659927786568431,7.999999999999998,-14.92487829747597],"to":[30.40492778656872,7.999999999999998,9.07512170252403],"rotation":{"angle":0,"axis":"y","origin":[13.200000000000045,8,-10.18124999999992]},"faces":{"up":{"uv":[4.5,8.625,4.8671875,8.25],"texture":"#0"},"down":{"uv":[4.5,8.25,4.8671875,8.625],"texture":"#0"}}},{"from":[6.722020700720009,7.999999999999998,6.968827371026464],"to":[30.467020700720298,7.999999999999998,30.968827371026464],"rotation":{"angle":0,"axis":"y","origin":[4.349999999999966,8,18.587500000000063]},"faces":{"up":{"uv":[4.875,8.625,5.2421875,8.25],"texture":"#0"},"down":{"uv":[4.875,8.25,5.2421875,8.625],"texture":"#0"}}}],"textures":{"0":"minecraft:entity/animated/smaug/smaug_fireworks"},"display":{"head":{"translation":[0,-6.4,0],"scale":[3.2,3.2,3.2],"rotation":[0,180,0]}}}