{"elements":[{"from":[7.920749999999941,7.9999999999999964,-15.900000000000034],"to":[31.829249999999888,7.9999999999999964,8.099999999999994],"rotation":{"angle":0,"axis":"y","origin":[19.87499999999997,8,-3.9000000000000057]},"faces":{"up":{"uv":[3.75,4.125,4.125,3.75],"texture":"#0"},"down":{"uv":[3.75,3.75,4.125,4.125],"texture":"#0"}}},{"from":[-7.84174999999945,8.275000000000002,-15.700000000000017],"to":[16.066749999999786,8.275000000000002,8.300000000000011],"rotation":{"angle":0,"axis":"y","origin":[4.112499999999869,7.775000000000002,-8.3125]},"faces":{"up":{"uv":[12.0625,3.390625,12.4375,3.015625],"texture":"#0"},"down":{"uv":[12.0625,3.015625,12.4375,3.390625],"texture":"#0"}}},{"from":[7.920749999999941,7.9999999999999964,5.725000000000023],"to":[31.829249999999888,7.9999999999999964,29.725000000000023],"rotation":{"angle":0,"axis":"y","origin":[19.874999999999943,8,19.912499999999994]},"faces":{"up":{"uv":[3.84375,2.25,4.21875,1.875],"texture":"#0"},"down":{"uv":[3.84375,1.875,4.21875,2.25],"texture":"#0"}}},{"from":[-14.01676749167504,7.9999999999999964,5.733017580810753],"to":[9.891732508324083,7.9999999999999964,29.733017580810753],"rotation":{"angle":0,"axis":"y","origin":[19.874999999999943,8,19.912499999999994]},"faces":{"up":{"uv":[0.75,4.375,1.125,4],"texture":"#0"},"down":{"uv":[0.75,4,1.125,4.375],"texture":"#0"}}}],"textures":{"0":"minecraft:entity/animated/smaug/smaug_fireworks"},"display":{"head":{"translation":[0,-6.4,0],"scale":[3.2,3.2,3.2],"rotation":[0,180,0]}}}