{"elements":[{"from":[7.080548432419562,8.000000000000002,6.666461178535087],"to":[30.989048432419054,8.000000000000002,30.666461178535087],"rotation":{"angle":0,"axis":"y","origin":[236.61666666666486,8.000000000000005,16.212500000000034]},"faces":{"up":{"uv":[4.875,5.625,5.25,5.25],"texture":"#0"},"down":{"uv":[4.875,5.25,5.25,5.625],"texture":"#0"}}},{"from":[7.212416666666854,8.000000000000002,-14.637499999999989],"to":[31.120916666666346,8.000000000000002,9.36250000000004],"rotation":{"angle":0,"axis":"y","origin":[236.6166666666649,8.000000000000005,-7.599999999999966]},"faces":{"up":{"uv":[5.25,5.625,5.625,5.25],"texture":"#0"},"down":{"uv":[5.25,5.25,5.625,5.625],"texture":"#0"}}},{"from":[-14.571762934341677,8.000000000000002,-14.646237917438214],"to":[9.336737065657019,8.000000000000002,9.353762082561872],"rotation":{"angle":0,"axis":"y","origin":[236.6166666666649,8.000000000000005,-7.599999999999966]},"faces":{"up":{"uv":[5.34375,2.25,5.71875,1.875],"texture":"#0"},"down":{"uv":[5.34375,1.875,5.71875,2.25],"texture":"#0"}}}],"textures":{"0":"minecraft:entity/animated/smaug/smaug_fireworks"},"display":{"head":{"translation":[0,-6.4,0],"scale":[3.2,3.2,3.2],"rotation":[0,180,0]}}}