{"elements":[{"from":[-15.067538093212818,8.000000000000002,6.555265429818746],"to":[8.840961906787072,8.000000000000002,30.555265429818746],"rotation":{"angle":0,"axis":"y","origin":[-156.07054244604672,8.000000000000005,21.21666603204784]},"faces":{"up":{"uv":[6,4.5,5.625,4.125],"texture":"#0"},"down":{"uv":[6,4.125,5.625,4.5],"texture":"#0"}}},{"from":[-15.065293754066886,8.000000000000002,-14.647472650606659],"to":[8.843206245932947,8.000000000000002,9.352527349393341],"rotation":{"angle":0,"axis":"y","origin":[-156.07054244604677,8.000000000000005,-2.783333967952103]},"faces":{"up":{"uv":[6,4.875,5.625,4.5],"texture":"#0"},"down":{"uv":[6,4.5,5.625,4.875],"texture":"#0"}}},{"from":[6.801779197125313,8.000000000000002,-14.654031917983247],"to":[30.710279197125146,8.000000000000002,9.345968082016753],"rotation":{"angle":0,"axis":"y","origin":[-156.07054244604677,8.000000000000005,-2.783333967952103]},"faces":{"up":{"uv":[6,5.25,5.625,4.875],"texture":"#0"},"down":{"uv":[6,4.875,5.625,5.25],"texture":"#0"}}}],"textures":{"0":"minecraft:entity/animated/smaug/smaug_fireworks"},"display":{"head":{"translation":[0,-6.4,0],"scale":[3.2,3.2,3.2],"rotation":[0,180,0]}}}