{"elements":[{"from":[-14.633762336081645,7.9999999999999964,6.230799224220078],"to":[9.274737663918245,7.9999999999999964,30.230799224220306],"rotation":{"angle":0,"axis":"y","origin":[104.62374800604044,8,29.51714629232734]},"faces":{"up":{"uv":[1.5,5.125,1.875,4.75],"texture":"#0"},"down":{"uv":[1.5,4.75,1.875,5.125],"texture":"#0"}}},{"from":[6.418673451233531,7.9999999999999964,-14.831112806914064],"to":[30.32717345123342,7.9999999999999964,9.168887193085936],"rotation":{"angle":0,"axis":"y","origin":[104.62374800604042,8,5.55464629232776]},"faces":{"up":{"uv":[4.78125,1.125,5.15625,0.75],"texture":"#0"},"down":{"uv":[4.78125,0.75,5.15625,1.125],"texture":"#0"}}},{"from":[6.428763603954451,7.9999999999999964,6.818909206419249],"to":[30.33726360395434,7.9999999999999964,30.818909206419306],"rotation":{"angle":0,"axis":"y","origin":[104.62374800604044,8,29.51714629232734]},"faces":{"up":{"uv":[0,5.21875,0.375,4.84375],"texture":"#0"},"down":{"uv":[0,4.84375,0.375,5.21875],"texture":"#0"}}}],"textures":{"0":"minecraft:entity/animated/smaug/smaug_fireworks"},"display":{"head":{"translation":[0,-6.4,0],"scale":[3.2,3.2,3.2],"rotation":[0,180,0]}}}