{"elements":[{"from":[6.980862357028741,7.9999999999999964,-15.046706564118267],"to":[30.88936235702863,7.9999999999999964,8.953293435881733],"rotation":{"angle":0,"axis":"y","origin":[62.1257577422906,8,10.546901624768395]},"faces":{"up":{"uv":[4.5,4.875,4.875,4.5],"texture":"#0"},"down":{"uv":[4.5,4.5,4.875,4.875],"texture":"#0"}}},{"from":[6.991388840678212,7.9999999999999964,6.515816401142786],"to":[30.899888840678102,7.9999999999999964,30.515816401142786],"rotation":{"angle":0,"axis":"y","origin":[62.125757742290574,8,34.52190162476842]},"faces":{"up":{"uv":[4.59375,2.25,4.96875,1.875],"texture":"#0"},"down":{"uv":[4.59375,1.875,4.96875,2.25],"texture":"#0"}}},{"from":[-14.956656324556661,7.9999999999999964,-15.038143569646934],"to":[8.951843675443229,7.9999999999999964,8.961856430353066],"rotation":{"angle":0,"axis":"y","origin":[62.1257577422906,8,10.546901624768395]},"faces":{"up":{"uv":[0.75,5.125,1.125,4.75],"texture":"#0"},"down":{"uv":[0.75,4.75,1.125,5.125],"texture":"#0"}}}],"textures":{"0":"minecraft:entity/animated/smaug/smaug_fireworks"},"display":{"head":{"translation":[0,-6.4,0],"scale":[3.2,3.2,3.2],"rotation":[0,180,0]}}}