{"elements":[{"from":[6.752114344483488,7.9999999999999964,-15.00444172427052],"to":[30.66061434448261,7.9999999999999964,8.99555827572948],"rotation":{"angle":0,"axis":"y","origin":[-3.212500000000148,8,1.262500000000017]},"faces":{"up":{"uv":[1.875,4.375,1.5,4],"texture":"#0"},"down":{"uv":[1.875,4,1.5,4.375],"texture":"#0"}}},{"from":[6.742460522690948,7.9999999999999964,6.7830793371347795],"to":[30.6509605226899,7.9999999999999964,30.78307933713478],"rotation":{"angle":0,"axis":"y","origin":[-3.2125000000001194,8,25.26249999999996]},"faces":{"up":{"uv":[4.40625,1.125,4.03125,0.75],"texture":"#0"},"down":{"uv":[4.40625,0.75,4.03125,1.125],"texture":"#0"}}},{"from":[-15.195056968984886,7.9999999999999964,6.77506175632405],"to":[8.713443031015089,7.9999999999999964,30.77506175632405],"rotation":{"angle":0,"axis":"y","origin":[-3.2125000000001194,8,25.26249999999996]},"faces":{"up":{"uv":[0.375,4.46875,0,4.09375],"texture":"#0"},"down":{"uv":[0.375,4.09375,0,4.46875],"texture":"#0"}}},{"from":[-15.185403147192318,7.9999999999999964,-15.012459305081222],"to":[8.723096852807629,7.9999999999999964,8.987540694918778],"rotation":{"angle":0,"axis":"y","origin":[-3.212500000000148,8,1.262500000000017]},"faces":{"up":{"uv":[2.25,4.5,1.875,4.125],"texture":"#0"},"down":{"uv":[2.25,4.125,1.875,4.5],"texture":"#0"}}}],"textures":{"0":"minecraft:entity/animated/smaug/smaug_fireworks"},"display":{"head":{"translation":[0,-6.4,0],"scale":[3.2,3.2,3.2],"rotation":[0,180,0]}}}