{"elements":[{"from":[6.391464918831938,8.100466557622251,8.236013619185488],"to":[8.772264918831944,8.100466557622251,22.571033619185485],"rotation":{"angle":0,"axis":"y","origin":[8,8,8]},"faces":{"down":{"uv":[4.4765625,11.3125,4.4375,11.5390625],"texture":"#0"}}},{"from":[6.791466557622253,6.317903871686726,8.236013619185488],"to":[8.775466557622252,8.043983871686727,15.850233619185499],"rotation":{"angle":0,"axis":"y","origin":[8,-11.503281047145215,8]},"faces":{"south":{"uv":[10.09375,8.5,10.125,8.5234375],"texture":"#0"},"west":{"uv":[10.21875,6.4375,10.3359375,6.4609375],"texture":"#0"},"down":{"uv":[10.0625,2.125,10.03125,2.2421875],"texture":"#0"}}},{"from":[8.772264918831944,5.7196665576222445,8.236013619185488],"to":[8.772264918831944,8.100466557622251,22.571033619185485],"rotation":{"angle":0,"axis":"y","origin":[8,8,8]},"faces":{"west":{"uv":[11.34375,3.65625,11.5703125,3.6953125],"texture":"#0"}}}],"textures":{"0":"minecraft:entity/animated/smaug/smaug_fireworks"},"display":{"head":{"translation":[0,-6.4,0],"scale":[3.2,3.2,3.2],"rotation":[0,180,0]}}}