{"elements":[{"from":[-3.8696283748945177,8.025000000000002,-14.58530983817002],"to":[19.87537162510577,8.025000000000002,9.414690161829924],"rotation":{"angle":0,"axis":"y","origin":[-1.5366375337853526,7.612500000000001,-3.98485629480615]},"faces":{"up":{"uv":[0.375,8.625,0.7421875,8.25],"texture":"#0"},"down":{"uv":[0.375,8.25,0.7421875,8.625],"texture":"#0"}}}],"textures":{"0":"minecraft:entity/animated/smaug/smaug_fireworks"},"display":{"head":{"translation":[0,-6.4,0],"scale":[3.2,3.2,3.2],"rotation":[0,180,0]}}}