{"elements":[{"from":[6.813171005348806,7.9999999999999964,6.672430510612514],"to":[30.7216710053481,7.9999999999999964,30.672430510612514],"rotation":{"angle":0,"axis":"y","origin":[8.787500000000023,8,-1.737499999999784]},"faces":{"up":{"uv":[4.5,4.125,4.125,3.75],"texture":"#0"},"down":{"uv":[4.5,3.75,4.125,4.125],"texture":"#0"}}},{"from":[-15.124346486326715,7.9999999999999964,6.66441292980187],"to":[8.784153513672948,7.9999999999999964,30.66441292980187],"rotation":{"angle":0,"axis":"y","origin":[8.787500000000023,8,-1.737499999999784]},"faces":{"up":{"uv":[4.59375,1.875,4.21875,1.5],"texture":"#0"},"down":{"uv":[4.59375,1.5,4.21875,1.875],"texture":"#0"}}},{"from":[-15.11382000267713,7.9999999999999964,-14.898110035459183],"to":[8.794679997322532,7.9999999999999964,9.101889964540817],"rotation":{"angle":0,"axis":"y","origin":[8.787500000000023,8,-1.737499999999784]},"faces":{"up":{"uv":[4.71875,0.375,4.34375,0],"texture":"#0"},"down":{"uv":[4.71875,0,4.34375,0.375],"texture":"#0"}}},{"from":[6.823697488998391,7.9999999999999964,-14.890092454648538],"to":[30.73219748899757,7.9999999999999964,9.109907545351462],"rotation":{"angle":0,"axis":"y","origin":[8.787500000000023,8,-1.737499999999784]},"faces":{"up":{"uv":[1.5,4.75,1.125,4.375],"texture":"#0"},"down":{"uv":[1.5,4.375,1.125,4.75],"texture":"#0"}}}],"textures":{"0":"minecraft:entity/animated/smaug/smaug_fireworks"},"display":{"head":{"translation":[0,-6.4,0],"scale":[3.2,3.2,3.2],"rotation":[0,180,0]}}}