{"elements":[{"from":[-14.786779479688676,7.9999999999999964,6.815815071721403],"to":[9.121720520311214,7.9999999999999964,30.815815071721318],"rotation":{"angle":0,"axis":"y","origin":[-46.033646807234106,8,30.00944610687793]},"faces":{"up":{"uv":[3.375,4.875,3,4.5],"texture":"#0"},"down":{"uv":[3.375,4.5,3,4.875],"texture":"#0"}}},{"from":[-14.776362078771513,7.9999999999999964,-14.759207655557873],"to":[9.132137921228377,7.9999999999999964,9.240792344442127],"rotation":{"angle":0,"axis":"y","origin":[-46.03364680723408,8,6.046946106878352]},"faces":{"up":{"uv":[3.75,4.875,3.375,4.5],"texture":"#0"},"down":{"uv":[3.75,4.5,3.375,4.875],"texture":"#0"}}},{"from":[7.1611566028138895,7.9999999999999964,-14.75064466108671],"to":[31.06965660281378,7.9999999999999964,9.24935533891329],"rotation":{"angle":0,"axis":"y","origin":[-46.03364680723408,8,6.046946106878352]},"faces":{"up":{"uv":[4.125,4.875,3.75,4.5],"texture":"#0"},"down":{"uv":[4.125,4.5,3.75,4.875],"texture":"#0"}}},{"from":[7.150739201896727,8.149999999999997,6.8243780661925655],"to":[31.059239201896617,8.149999999999997,30.82437806619265],"rotation":{"angle":0,"axis":"y","origin":[-46.033646807234106,8,30.00944610687793]},"faces":{"up":{"uv":[4.5,4.875,4.125,4.5],"texture":"#0"},"down":{"uv":[4.5,4.5,4.125,4.875],"texture":"#0"}}}],"textures":{"0":"minecraft:entity/animated/smaug/smaug_fireworks"},"display":{"head":{"translation":[0,-6.4,0],"scale":[3.2,3.2,3.2],"rotation":[0,180,0]}}}