{"elements":[{"from":[-0.7886991085929207,9.886504046602056,-5.584721609709394],"to":[16.50800639075753,19.599343011758734,12.229357645246314],"rotation":{"angle":45,"axis":"x","origin":[7.513235253991828,3.205229042611686,1.3263664311101948]},"faces":{"north":{"uv":[5.90625,5.71875,4.8125,5.125],"rotation":180,"texture":"#0"},"east":{"uv":[4.8125,4,5.40625,5.125],"rotation":90,"texture":"#0"},"south":{"uv":[6.40625,0,5.3125,0.59375],"texture":"#0"},"west":{"uv":[0,4.96875,0.59375,6.09375],"rotation":270,"texture":"#0"},"up":{"uv":[1.59375,4.25,2.6875,5.375],"texture":"#0"},"down":{"uv":[3.71875,4.21875,4.8125,5.34375],"rotation":180,"texture":"#0"}}}],"textures":{"0":"minecraft:entity/animated/shelob/SPIDER"},"display":{"head":{"translation":[0,-6.4,0],"scale":[3.2,3.2,3.2],"rotation":[0,180,0]}},"texture_size":[512,512]}