{"elements":[{"from":[6.705472480165993,7.44066715388934,7.0645000000000024],"to":[8.070472480165993,10.170667153889354,8.9755],"rotation":{"angle":0,"axis":"y","origin":[6.773722480165992,9.260667153889344,8.475000000000001]},"faces":{"north":{"uv":[8.371,1.754,8.004,1.9375],"rotation":270,"texture":"#0"},"east":{"uv":[7.754,7.246,8.121,7.004],"rotation":270,"texture":"#0"},"south":{"uv":[8.371,1.504,8.004,1.6875],"rotation":90,"texture":"#0"},"west":{"uv":[0.004,7.879,0.371,8.121],"rotation":270,"texture":"#0"},"up":{"uv":[6.129,8.1875,6.371,8.004],"rotation":270,"texture":"#0"},"down":{"uv":[8.004,5.6875,8.246,5.504],"rotation":270,"texture":"#0"}}}],"textures":{"0":"minecraft:entity/animated/warg/warg_bright"},"display":{"head":{"translation":[0,-6.4,0],"scale":[3.2,3.2,3.2],"rotation":[0,180,0]}},"texture_size":[128,128]}