{"elements":[{"from":[6.000641635396965,3.0972894644165025,6.887499999999999],"to":[8.000641635396965,8.097289464416502,9],"rotation":{"angle":0,"axis":"y","origin":[8,8.0625,8]},"faces":{"north":{"uv":[1.375,9,2.25,11.5],"texture":"#0"},"east":{"uv":[12.75,9.125,13.80625,11.625],"texture":"#0"},"south":{"uv":[0,0,0,0],"texture":"#0"},"west":{"uv":[0,0,0,0],"texture":"#0"}}}],"textures":{"0":"minecraft:entity/animated/elf/elf"},"display":{"head":{"translation":[0,-6.4,0],"scale":[3.2,3.2,3.2],"rotation":[0,180,0]}},"texture_size":[64,64]}