{"elements":[{"from":[7.482061736244045,2.917623651388185,6.851317382071728],"to":[9.482061736244045,7.917623651388179,8.963817382071728],"rotation":{"angle":0,"axis":"y","origin":[7.49520337164101,8.245334186971679,7.988817382071728]},"faces":{"north":{"uv":[10.75,9.25,11.75,11.75],"texture":"#0"},"east":{"uv":[0,0,0,0],"texture":"#0"},"south":{"uv":[0,0,0,0],"texture":"#0"},"west":{"uv":[13.80625,9.125,12.75,11.625],"texture":"#0"}}}],"textures":{"0":"minecraft:entity/animated/elf/elf"},"display":{"head":{"translation":[0,-6.4,0],"scale":[3.2,3.2,3.2],"rotation":[0,180,0]}},"texture_size":[64,64]}