{"textures":{"3":"modelengine:entity/anduril_sword_details_b","4":"modelengine:entity/anduril_sword_blade_b","particle":"#3"},"elements":[{"from":[7.525,7.692189,5.7093697],"to":[8.424999,8.26719,10.25937],"faces":{"east":{"uv":[2.5,3.5,3.9893324,3.656],"tintindex":0,"rotation":0,"texture":"#3"},"south":{"uv":[3.0106676,5.5,3.375,5.75],"tintindex":0,"rotation":0,"texture":"#3"},"north":{"uv":[5.5,2.0106676,5.875,2.25],"tintindex":0,"rotation":0,"texture":"#3"},"west":{"uv":[4.0106673,0.0106675,5.5166674,0.1916675],"tintindex":0,"rotation":0,"texture":"#3"},"up":{"uv":[2.8,1.5166675,2.5,0.0106675],"tintindex":0,"rotation":0,"texture":"#3"},"down":{"uv":[2.8,1.75,2.5,3.2666676],"tintindex":0,"rotation":0,"texture":"#3"}}},{"from":[7.4,9.42935,9.8839],"to":[8.549999,10.22935,10.6839],"faces":{"east":{"uv":[0.5,5.75,0.75,5.9893327],"tintindex":0,"rotation":0,"texture":"#3"},"north":{"uv":[5.25,4.0106673,5.55,4.2666674],"tintindex":0,"rotation":0,"texture":"#3"},"west":{"uv":[1.0106674,5.75,1.25,5.9893327],"tintindex":0,"rotation":0,"texture":"#3"},"up":{"uv":[5.625,4.75,5.25,4.5],"tintindex":0,"rotation":0,"texture":"#3"},"down":{"uv":[5.75,5.0106673,5.25,5.25],"tintindex":0,"rotation":0,"texture":"#3"}},"rotation":{"origin":[7.975,8.93018,7.9875],"angle":45.0,"axis":"x"}},{"from":[7.4249997,2.1663895,7.28437],"to":[8.525,3.56639,8.68438],"faces":{"east":{"uv":[4.0106673,2.75,4.5,2.25],"tintindex":0,"rotation":0,"texture":"#3"},"south":{"uv":[4.25,3.4666674,4.45,3.0106676],"tintindex":0,"rotation":0,"texture":"#3"},"north":{"uv":[3.75,4.4666677,3.95,4.0106673],"tintindex":0,"rotation":0,"texture":"#3"},"west":{"uv":[3.0106676,4.5,3.5,4.0106673],"tintindex":0,"rotation":0,"texture":"#3"},"up":{"uv":[4.656,1.7166675,4.5,1.25],"tintindex":0,"rotation":0,"texture":"#3"},"down":{"uv":[4.656,0.5,4.5,0.9666675],"tintindex":0,"rotation":0,"texture":"#3"}},"rotation":{"origin":[7.975,2.8663893,7.98438],"angle":-45.0,"axis":"x"}},{"from":[7.4,9.433769,5.28668],"to":[8.549999,10.233769,6.0866804],"faces":{"east":{"uv":[0.0106675,5.75,0.25,5.9893327],"tintindex":0,"rotation":0,"texture":"#3"},"south":{"uv":[5.25,1.0106674,5.55,1.2666675],"tintindex":0,"rotation":0,"texture":"#3"},"north":{"uv":[5.375,0.5,5.625,0.75],"tintindex":0,"rotation":0,"texture":"#3"},"west":{"uv":[5.75,0.0106675,5.9893327,0.25],"tintindex":0,"rotation":0,"texture":"#3"},"up":{"uv":[5.75,1.75,5.375,1.5],"tintindex":0,"rotation":0,"texture":"#3"},"down":{"uv":[5.75,3.5,5.25,3.75],"tintindex":0,"rotation":0,"texture":"#3"}},"rotation":{"origin":[7.975,8.93018,7.9875],"angle":-45.0,"axis":"x"}},{"from":[7.85,8.14219,7.48437],"to":[8.1,22.86719,8.48438],"faces":{"east":{"uv":[0.25,0.5,0.5833325,5.3],"tintindex":0,"rotation":0,"texture":"#3"},"south":{"uv":[0.25,1.0106674,0.375,5.5],"tintindex":0,"rotation":0,"texture":"#3"},"north":{"uv":[0.25,1.0106674,0.375,5.5],"tintindex":0,"rotation":0,"texture":"#3"},"west":{"uv":[1.5,0.5,1.8333325,5.3],"tintindex":0,"rotation":0,"texture":"#3"},"up":{"uv":[0.25,1.125,0.625,1.25],"tintindex":0,"rotation":90,"texture":"#3"},"down":{"uv":[0.0106675,0.0106675,0.125,0.375],"tintindex":0,"rotation":0,"texture":"#3"}}},{"from":[7.975,7.71719,7.33437],"to":[7.975,27.14219,8.68438],"faces":{"east":{"uv":[4.4,0.05,3.344,13.65],"tintindex":0,"rotation":0,"texture":"#4"},"west":{"uv":[1.925,0.05,0.85,13.65],"tintindex":0,"rotation":0,"texture":"#4"}}},{"from":[7.45,7.73061,8.20765],"to":[8.5,8.93061,9.40765],"faces":{"east":{"uv":[3.75,4.75,4.125,5.125],"tintindex":0,"rotation":0,"texture":"#3"},"south":{"uv":[4.5,4.5,4.9893327,4.875],"tintindex":0,"rotation":0,"texture":"#3"},"north":{"uv":[4.5,3.75,4.9893327,4.125],"tintindex":0,"rotation":0,"texture":"#3"},"west":{"uv":[5.0106673,2.75,5.375,3.125],"tintindex":0,"rotation":0,"texture":"#3"},"up":{"uv":[5.25,2.375,4.75,2.0106676],"tintindex":0,"rotation":0,"texture":"#3"},"down":{"uv":[3.5,4.75,3.0106676,5.125],"tintindex":0,"rotation":0,"texture":"#3"}},"rotation":{"origin":[7.975,9.15518,7.9875],"angle":45.0,"axis":"x"}},{"from":[7.575,2.9921894,7.38437],"to":[8.375,7.7921896,8.58438],"faces":{"east":{"uv":[3.25,0.0106675,3.625,1.5],"tintindex":0,"rotation":0,"texture":"#3"},"south":{"uv":[2.5,4.0106673,2.75,5.5],"tintindex":0,"rotation":0,"texture":"#3"},"north":{"uv":[4.0106673,0.5,4.25,1.9893326],"tintindex":0,"rotation":0,"texture":"#3"},"west":{"uv":[3.25,1.75,3.625,3.25],"tintindex":0,"rotation":0,"texture":"#3"},"up":{"uv":[3.9893324,5.875,3.75,5.5],"tintindex":0,"rotation":0,"texture":"#3"},"down":{"uv":[5.5,5.5,5.25,5.875],"tintindex":0,"rotation":0,"texture":"#3"}}}],"display":{"head":{"rotation":[0.0,0.0,0.0]},"firstperson_righthand":{"rotation":[0.0,0.0,0.0]},"thirdperson_lefthand":{"rotation":[0.0,-0.0,-0.0]},"firstperson_lefthand":{"rotation":[0.0,-0.0,-0.0]},"fixed":{"rotation":[0.0,0.0,0.0]},"ground":{"rotation":[0.0,0.0,0.0]},"thirdperson_righthand":{"rotation":[0.0,0.0,0.0]},"gui":{"rotation":[-150.0,-45.0,180.0]}}}