{
	"format_version": "1.21.6",
	"credit": "Made with Blockbench",
	"textures": {
		"2": "item/seasonal_sign"
	},
	"elements": [
		{
			"from": [0.32929, 0.32929, 8],
			"to": [15.67071, 15.67071, 8],
			"faces": {
				"north": {"uv": [0, 0, 16, 16], "texture": "#2"},
				"east": {"uv": [0, 0, 0, 16], "texture": "#2"},
				"south": {"uv": [0, 0, 16, 16], "texture": "#2"},
				"west": {"uv": [0, 0, 0, 16], "texture": "#2"},
				"up": {"uv": [0, 0, 16, 0], "texture": "#2"},
				"down": {"uv": [0, 0, 16, 0], "texture": "#2"}
			}
		}
	],
	"display": {
		"thirdperson_righthand": {
			"rotation": [-180, 66, 172.5],
			"translation": [1.38379, -1.53003, -0.62902],
			"scale": [0.19816, 0.19816, 0.19816]
		},
		"thirdperson_lefthand": {
			"rotation": [-180, 66, 172.5],
			"translation": [1.38379, -1.53003, -0.62902],
			"scale": [0.19816, 0.19816, 0.19816]
		},
		"firstperson_righthand": {
			"rotation": [0, 0, -7.5],
			"translation": [2.51738, -0.75477, 2.24],
			"scale": [0.29202, 0.29202, 0.29202]
		},
		"firstperson_lefthand": {
			"rotation": [0, 0, -7.5],
			"translation": [2.51738, -0.75477, 2.24],
			"scale": [0.29202, 0.29202, 0.29202]
		},
		"ground": {
			"rotation": [0, 0, -7.5],
			"translation": [0.02173, -1.06847, 2.8],
			"scale": [0.36503, 0.36503, 0.36503]
		},
		"gui": {
			"rotation": [0, 0, -7.5],
			"translation": [0.03911, -5.07324, 5.04],
			"scale": [0.65705, 0.65705, 0.65705]
		},
		"head": {
			"rotation": [0, 0, -7.5],
			"scale": [0, 0, 0]
		},
		"fixed": {
			"rotation": [0, 0, -9.5],
			"translation": [0.08195, -12.62965, 33.46],
			"scale": [1.6, 1.6, 1.6]
		}
	}
}