{"elements":[{"from":[7.977499999999949,7.752536323007632,4.056307603254236],"to":[7.977499999999949,24.39253632300762,11.33630760325423],"rotation":{"angle":0,"axis":"y","origin":[7.977499999999949,8.272536323007614,7.69630760325423]},"faces":{"east":{"uv":[1.758,4.008,3.492,7.992],"texture":"#0"},"west":{"uv":[3.508,4.008,5.242,7.992],"texture":"#0"}}},{"from":[4.337499999999949,7.752536323007632,7.69630760325423],"to":[11.61749999999995,24.39253632300762,7.69630760325423],"rotation":{"angle":0,"axis":"y","origin":[7.977499999999949,8.272536323007614,7.69630760325423]},"faces":{"north":{"uv":[5.258,0.008,6.992,3.9920000000000004],"texture":"#0"},"south":{"uv":[5.258,4.008,6.992,7.992],"texture":"#0"}}}],"textures":{"0":"minecraft:entity/animated/balrog/balrog_whip","1":"minecraft:entity/animated/balrog/balrog"},"display":{"head":{"translation":[0,-6.4,0],"scale":[3.2,3.2,3.2],"rotation":[0,180,0]}},"texture_size":[544,544]}