{"elements":[{"from":[8.002500000000019,8.059999999999889,4.6299999999999955],"to":[8.002500000000019,24.699999999999903,11.909999999999997],"rotation":{"angle":0,"axis":"y","origin":[8.002500000000019,8.57999999999987,8.269999999999996]},"faces":{"east":{"uv":[1.758,4.008,3.492,7.992],"texture":"#0"},"west":{"uv":[3.508,4.008,5.242,7.992],"texture":"#0"}}},{"from":[4.3625000000000185,8.059999999999889,8.269999999999996],"to":[11.64250000000002,24.699999999999903,8.269999999999996],"rotation":{"angle":0,"axis":"y","origin":[8.002500000000019,8.57999999999987,8.269999999999996]},"faces":{"north":{"uv":[5.258,0.008,6.992,3.9920000000000004],"texture":"#0"},"south":{"uv":[5.258,4.008,6.992,7.992],"texture":"#0"}}}],"textures":{"0":"minecraft:entity/animated/balrog/balrog_whip","1":"minecraft:entity/animated/balrog/balrog"},"display":{"head":{"translation":[0,-6.4,0],"scale":[3.2,3.2,3.2],"rotation":[0,180,0]}},"texture_size":[544,544]}