{"elements":[{"from":[8.002499999999984,8.023318556678987,4.324954900383208],"to":[8.002499999999984,24.66331855667903,11.604954900383209],"rotation":{"angle":0,"axis":"y","origin":[8.002499999999984,8.543318556679026,7.9649549003832085]},"faces":{"east":{"uv":[1.758,4.008,3.492,7.992],"texture":"#0"},"west":{"uv":[3.508,4.008,5.242,7.992],"texture":"#0"}}},{"from":[4.362499999999983,8.023318556678987,7.9649549003832085],"to":[11.642499999999984,24.66331855667903,7.9649549003832085],"rotation":{"angle":0,"axis":"y","origin":[8.002499999999984,8.543318556679026,7.9649549003832085]},"faces":{"north":{"uv":[5.258,0.008,6.992,3.9920000000000004],"texture":"#0"},"south":{"uv":[5.258,4.008,6.992,7.992],"texture":"#0"}}}],"textures":{"0":"minecraft:entity/animated/balrog/balrog_whip","1":"minecraft:entity/animated/balrog/balrog"},"display":{"head":{"translation":[0,-6.4,0],"scale":[3.2,3.2,3.2],"rotation":[0,180,0]}},"texture_size":[544,544]}