{"elements":[{"from":[7.989999999999974,7.9998131085770865,4.382208782868922],"to":[7.989999999999974,24.639813108577073,11.662208782868923],"rotation":{"angle":0,"axis":"y","origin":[7.989999999999974,8.519813108577068,8.022208782868923]},"faces":{"east":{"uv":[1.758,4.008,3.492,7.992],"texture":"#0"},"west":{"uv":[3.508,4.008,5.242,7.992],"texture":"#0"}}},{"from":[4.349999999999973,7.9998131085770865,8.022208782868923],"to":[11.629999999999974,24.639813108577073,8.022208782868923],"rotation":{"angle":0,"axis":"y","origin":[7.989999999999974,8.519813108577068,8.022208782868923]},"faces":{"north":{"uv":[5.258,0.008,6.992,3.9920000000000004],"texture":"#0"},"south":{"uv":[5.258,4.008,6.992,7.992],"texture":"#0"}}}],"textures":{"0":"minecraft:entity/animated/balrog/balrog_whip","1":"minecraft:entity/animated/balrog/balrog"},"display":{"head":{"translation":[0,-6.4,0],"scale":[3.2,3.2,3.2],"rotation":[0,180,0]}},"texture_size":[544,544]}