{"elements":[{"from":[7.702500000000022,7.8623928927181055,5.077869837013921],"to":[7.702500000000022,24.50239289271815,12.357869837013922],"rotation":{"angle":0,"axis":"y","origin":[7.702500000000022,8.382392892718144,8.717869837013922]},"faces":{"east":{"uv":[1.758,4.008,3.492,7.992],"texture":"#0"},"west":{"uv":[3.508,4.008,5.242,7.992],"texture":"#0"}}},{"from":[4.062500000000021,7.8623928927181055,8.717869837013922],"to":[11.342500000000022,24.50239289271815,8.717869837013922],"rotation":{"angle":0,"axis":"y","origin":[7.702500000000022,8.382392892718144,8.717869837013922]},"faces":{"north":{"uv":[5.258,0.008,6.992,3.9920000000000004],"texture":"#0"},"south":{"uv":[5.258,4.008,6.992,7.992],"texture":"#0"}}}],"textures":{"0":"minecraft:entity/animated/balrog/balrog_whip","1":"minecraft:entity/animated/balrog/balrog"},"display":{"head":{"translation":[0,-6.4,0],"scale":[3.2,3.2,3.2],"rotation":[0,180,0]}},"texture_size":[544,544]}