{"elements":[{"from":[7.877499999999991,7.938402607844978,4.785939309831072],"to":[7.877499999999991,24.578402607844964,12.065939309831073],"rotation":{"angle":0,"axis":"y","origin":[7.877499999999991,8.45840260784496,8.425939309831065]},"faces":{"east":{"uv":[1.758,4.008,3.492,7.992],"texture":"#0"},"west":{"uv":[3.508,4.008,5.242,7.992],"texture":"#0"}}},{"from":[4.23749999999999,7.938402607844978,8.425939309831065],"to":[11.517499999999991,24.578402607844964,8.425939309831065],"rotation":{"angle":0,"axis":"y","origin":[7.877499999999991,8.45840260784496,8.425939309831065]},"faces":{"north":{"uv":[5.258,0.008,6.992,3.9920000000000004],"texture":"#0"},"south":{"uv":[5.258,4.008,6.992,7.992],"texture":"#0"}}}],"textures":{"0":"minecraft:entity/animated/balrog/balrog_whip","1":"minecraft:entity/animated/balrog/balrog"},"display":{"head":{"translation":[0,-6.4,0],"scale":[3.2,3.2,3.2],"rotation":[0,180,0]}},"texture_size":[544,544]}