{"elements":[{"from":[7.952499999999979,7.959667421285815,4.32130139209875],"to":[7.952499999999979,24.5996674212858,11.601301392098751],"rotation":{"angle":0,"axis":"y","origin":[7.952499999999979,8.479667421285797,7.961301392098758]},"faces":{"east":{"uv":[1.758,4.008,3.492,7.992],"texture":"#0"},"west":{"uv":[3.508,4.008,5.242,7.992],"texture":"#0"}}},{"from":[4.312499999999979,7.959667421285815,7.961301392098758],"to":[11.59249999999998,24.5996674212858,7.961301392098758],"rotation":{"angle":0,"axis":"y","origin":[7.952499999999979,8.479667421285797,7.961301392098758]},"faces":{"north":{"uv":[5.258,0.008,6.992,3.9920000000000004],"texture":"#0"},"south":{"uv":[5.258,4.008,6.992,7.992],"texture":"#0"}}}],"textures":{"0":"minecraft:entity/animated/balrog/balrog_whip","1":"minecraft:entity/animated/balrog/balrog"},"display":{"head":{"translation":[0,-6.4,0],"scale":[3.2,3.2,3.2],"rotation":[0,180,0]}},"texture_size":[544,544]}