{"elements":[{"from":[8.03999999999997,7.930706023018956,4.34158038148237],"to":[8.03999999999997,24.570706023018943,11.621580381482378],"rotation":{"angle":0,"axis":"y","origin":[8.03999999999997,8.450706023018938,7.981580381482377]},"faces":{"east":{"uv":[1.758,4.008,3.492,7.992],"texture":"#0"},"west":{"uv":[3.508,4.008,5.242,7.992],"texture":"#0"}}},{"from":[4.39999999999997,7.930706023018956,7.981580381482377],"to":[11.679999999999971,24.570706023018943,7.981580381482377],"rotation":{"angle":0,"axis":"y","origin":[8.03999999999997,8.450706023018938,7.981580381482377]},"faces":{"north":{"uv":[5.258,0.008,6.992,3.9920000000000004],"texture":"#0"},"south":{"uv":[5.258,4.008,6.992,7.992],"texture":"#0"}}}],"textures":{"0":"minecraft:entity/animated/balrog/balrog_whip","1":"minecraft:entity/animated/balrog/balrog"},"display":{"head":{"translation":[0,-6.4,0],"scale":[3.2,3.2,3.2],"rotation":[0,180,0]}},"texture_size":[544,544]}