{"elements":[{"from":[8.002499999999998,7.967636313756486,4.348092188144889],"to":[8.002499999999998,24.60763631375653,11.62809218814489],"rotation":{"angle":0,"axis":"y","origin":[8.002499999999998,8.487636313756525,7.98809218814489]},"faces":{"east":{"uv":[1.758,4.008,3.492,7.992],"texture":"#0"},"west":{"uv":[3.508,4.008,5.242,7.992],"texture":"#0"}}},{"from":[4.362499999999997,7.967636313756486,7.98809218814489],"to":[11.642499999999998,24.60763631375653,7.98809218814489],"rotation":{"angle":0,"axis":"y","origin":[8.002499999999998,8.487636313756525,7.98809218814489]},"faces":{"north":{"uv":[5.258,0.008,6.992,3.9920000000000004],"texture":"#0"},"south":{"uv":[5.258,4.008,6.992,7.992],"texture":"#0"}}}],"textures":{"0":"minecraft:entity/animated/balrog/balrog_whip","1":"minecraft:entity/animated/balrog/balrog"},"display":{"head":{"translation":[0,-6.4,0],"scale":[3.2,3.2,3.2],"rotation":[0,180,0]}},"texture_size":[544,544]}