{"elements":[{"from":[8.015000000000008,8.035000000000068,4.6299999999999955],"to":[8.015000000000008,24.675000000000082,11.909999999999997],"rotation":{"angle":0,"axis":"y","origin":[8.015000000000008,8.555000000000078,8.269999999999996]},"faces":{"east":{"uv":[1.758,4.008,3.492,7.992],"texture":"#0"},"west":{"uv":[3.508,4.008,5.242,7.992],"texture":"#0"}}},{"from":[4.375000000000007,8.035000000000068,8.269999999999996],"to":[11.655000000000008,24.675000000000082,8.269999999999996],"rotation":{"angle":0,"axis":"y","origin":[8.015000000000008,8.555000000000078,8.269999999999996]},"faces":{"north":{"uv":[5.258,0.008,6.992,3.9920000000000004],"texture":"#0"},"south":{"uv":[5.258,4.008,6.992,7.992],"texture":"#0"}}}],"textures":{"0":"minecraft:entity/animated/balrog/balrog_whip","1":"minecraft:entity/animated/balrog/balrog"},"display":{"head":{"translation":[0,-6.4,0],"scale":[3.2,3.2,3.2],"rotation":[0,180,0]}},"texture_size":[544,544]}