{"elements":[{"from":[7.977499999999971,8.000843121693947,4.783213098120708],"to":[7.977499999999971,24.640843121693933,12.063213098120709],"rotation":{"angle":0,"axis":"y","origin":[7.977499999999971,8.520843121693929,8.423213098120709]},"faces":{"east":{"uv":[1.758,4.008,3.492,7.992],"texture":"#0"},"west":{"uv":[3.508,4.008,5.242,7.992],"texture":"#0"}}},{"from":[4.33749999999997,8.000843121693947,8.423213098120709],"to":[11.617499999999971,24.640843121693933,8.423213098120709],"rotation":{"angle":0,"axis":"y","origin":[7.977499999999971,8.520843121693929,8.423213098120709]},"faces":{"north":{"uv":[5.258,0.008,6.992,3.9920000000000004],"texture":"#0"},"south":{"uv":[5.258,4.008,6.992,7.992],"texture":"#0"}}}],"textures":{"0":"minecraft:entity/animated/balrog/balrog_whip","1":"minecraft:entity/animated/balrog/balrog"},"display":{"head":{"translation":[0,-6.4,0],"scale":[3.2,3.2,3.2],"rotation":[0,180,0]}},"texture_size":[544,544]}