{"elements":[{"from":[8.002499999999976,8.00435452306948,4.480063213069297],"to":[8.002499999999976,24.644354523069467,11.760063213069298],"rotation":{"angle":0,"axis":"y","origin":[8.002499999999976,8.524354523069462,8.120063213069297]},"faces":{"east":{"uv":[1.758,4.008,3.492,7.992],"texture":"#0"},"west":{"uv":[3.508,4.008,5.242,7.992],"texture":"#0"}}},{"from":[4.362499999999976,8.00435452306948,8.120063213069297],"to":[11.642499999999977,24.644354523069467,8.120063213069297],"rotation":{"angle":0,"axis":"y","origin":[8.002499999999976,8.524354523069462,8.120063213069297]},"faces":{"north":{"uv":[5.258,0.008,6.992,3.9920000000000004],"texture":"#0"},"south":{"uv":[5.258,4.008,6.992,7.992],"texture":"#0"}}}],"textures":{"0":"minecraft:entity/animated/balrog/balrog_whip","1":"minecraft:entity/animated/balrog/balrog"},"display":{"head":{"translation":[0,-6.4,0],"scale":[3.2,3.2,3.2],"rotation":[0,180,0]}},"texture_size":[544,544]}