{"elements":[{"from":[7.839999999999975,8.260000000000048,4.109999999999999],"to":[7.839999999999975,24.90000000000005,11.39],"rotation":{"angle":0,"axis":"y","origin":[7.839999999999975,8.780000000000044,7.75]},"faces":{"east":{"uv":[1.758,4.008,3.492,7.992],"texture":"#0"},"west":{"uv":[3.508,4.008,5.242,7.992],"texture":"#0"}}},{"from":[4.199999999999974,8.260000000000048,7.75],"to":[11.479999999999976,24.90000000000005,7.75],"rotation":{"angle":0,"axis":"y","origin":[7.839999999999975,8.780000000000044,7.75]},"faces":{"north":{"uv":[5.258,0.008,6.992,3.9920000000000004],"texture":"#0"},"south":{"uv":[5.258,4.008,6.992,7.992],"texture":"#0"}}}],"textures":{"0":"minecraft:entity/animated/balrog/balrog_whip","1":"minecraft:entity/animated/balrog/balrog"},"display":{"head":{"translation":[0,-6.4,0],"scale":[3.2,3.2,3.2],"rotation":[0,180,0]}},"texture_size":[544,544]}