{"elements":[{"from":[6.25,8,5.75],"to":[10.25,12,9.75],"rotation":{"angle":0,"axis":"y","origin":[2.5,4,5.5]},"faces":{"north":{"uv":[6.020618556701031,12.19047619047619,7.175257731958763,15.746031746031745],"rotation":90,"texture":"#8"},"east":{"uv":[7.257731958762887,12.19047619047619,8.412371134020619,15.746031746031745],"texture":"#8"},"south":{"uv":[7.257731958762887,8.38095238095238,8.412371134020619,11.936507936507937],"texture":"#8"},"west":{"uv":[6.020618556701031,8.38095238095238,7.175257731958763,11.936507936507937],"texture":"#8"},"up":{"uv":[7.257731958762887,12.19047619047619,8.412371134020619,15.746031746031745],"rotation":90,"texture":"#8"},"down":{"uv":[7.257731958762887,12.444444444444445,8.412371134020619,16.253968253968253],"rotation":90,"texture":"#8"}}}],"textures":{"8":"entity/animated/uruk/birch_fence_post"},"display":{"head":{"translation":[0,-6.4,0],"scale":[3.2,3.2,3.2],"rotation":[0,180,0]}},"texture_size":[194,63]}