{
	"credit": "Made with Blockbench",
	"elements": [
		{
			"from": [0, 7.9995, 0],
			"to": [15.999, 7.9995, 15.999],
			"rotation": {"angle": 0, "axis": "x", "origin": [7.9995, 7.9995, 8]},
			"faces": {
				"up": {"uv": [0.01667, 0.1375, 0.15, 0.2375], "rotation": 180, "texture": "#0"}
			}
		},
		{
			"from": [0, 7.9995, 0],
			"to": [15.999, 7.9995, 15.999],
			"rotation": {"angle": 0, "axis": "x", "origin": [7.9995, 7.9995, 8]},
			"faces": {
				"up": {"uv": [0.18333, 0.1375, 0.31667, 0.2375], "rotation": 180, "texture": "#0"}
			}
		},
		{
			"from": [0, 7.9995, 0],
			"to": [15.999, 7.9995, 15.999],
			"rotation": {"angle": 0, "axis": "x", "origin": [7.9995, 7.9995, 8]},
			"faces": {
				"up": {"uv": [0.35, 0.1375, 0.48333, 0.2375], "rotation": 180, "texture": "#0"}
			}
		},
		{
			"from": [0, 7.9995, 0],
			"to": [15.999, 7.9995, 15.999],
			"rotation": {"angle": 0, "axis": "x", "origin": [7.9995, 7.9995, 8]},
			"faces": {
				"up": {"uv": [0.51667, 0.1375, 0.65, 0.2375], "rotation": 180, "texture": "#0"}
			}
		}
	]
}