{"elements":[{"from":[-14.862319774484604,8.000000000000002,6.69434474390053],"to":[9.046180225514945,8.000000000000002,30.694344743899705],"rotation":{"angle":0,"axis":"y","origin":[-102.69866199581804,8.000000000000005,40.164903744840274]},"faces":{"up":{"uv":[6.28125,0.75,5.90625,0.375],"texture":"#3"},"down":{"uv":[6.28125,0.375,5.90625,0.75],"texture":"#3"}}},{"from":[-14.69910848189943,8.000000000000002,-13.958358562324321],"to":[9.20939151810046,8.000000000000002,10.041641437675679],"rotation":{"angle":0,"axis":"y","origin":[-114.58617282675789,8.000000000000005,4.766663771219299]},"faces":{"up":{"uv":[6.28125,1.5,5.90625,1.125],"texture":"#3"},"down":{"uv":[6.28125,1.125,5.90625,1.5],"texture":"#3"}}},{"from":[6.742164997666521,8.000000000000002,-13.958228740407407],"to":[30.65066499766641,8.000000000000002,10.041771259592593],"rotation":{"angle":0,"axis":"y","origin":[-114.58617282675789,8.000000000000005,4.766663771219299]},"faces":{"up":{"uv":[0.75,6.375,0.375,6],"texture":"#3"},"down":{"uv":[0.75,6,0.375,6.375],"texture":"#3"}}}],"textures":{"3":"minecraft:entity/animated/smaug/smaug"},"display":{"head":{"translation":[0,-6.4,0],"scale":[3.2,3.2,3.2],"rotation":[0,180,0]}}}