{"elements":[{"from":[7.532019011411933,8,-15.070034053535437],"to":[31.27701901141225,8,6.225965946464328],"rotation":{"angle":0,"axis":"y","origin":[17.47583374705225,8.000000000000002,-6.531372120988152]},"faces":{"up":{"uv":[5.96875,9.7109375,6.3359375,9.375],"texture":"#3"},"down":{"uv":[5.96875,9.375,6.3359375,9.7109375],"texture":"#3"}}},{"from":[-14.616253714209222,8,6.922545588580647],"to":[9.128746285790939,8,30.92254558858059],"rotation":{"angle":0,"axis":"y","origin":[2.4133337470522633,8.000000000000002,21.431127879011285]},"faces":{"up":{"uv":[8.625,3.75,8.9921875,3.375],"texture":"#3"},"down":{"uv":[8.625,3.375,8.9921875,3.75],"texture":"#3"}}},{"from":[-14.770765297202985,8,-15.100511535044404],"to":[8.974234702797048,8,8.899488464955368],"rotation":{"angle":0,"axis":"y","origin":[-6.086666252947737,8.000000000000002,-6.531372120988152]},"faces":{"up":{"uv":[8.625,4.125,8.9921875,3.75],"texture":"#3"},"down":{"uv":[8.625,3.75,8.9921875,4.125],"texture":"#3"}}}],"textures":{"3":"minecraft:entity/animated/smaug/smaug"},"display":{"head":{"translation":[0,-6.4,0],"scale":[3.2,3.2,3.2],"rotation":[0,180,0]}}}