{"elements":[{"from":[-14.710764208987378,8,6.34913659592695],"to":[9.235235791012641,8,30.34913659592695],"rotation":{"angle":0,"axis":"y","origin":[-0.11299999999998533,3.0874999999999986,27.525000000000006]},"faces":{"up":{"uv":[4.125,6.375,3.75,6],"texture":"#0"},"down":{"uv":[6.375,3.75,6,4.125],"texture":"#0"}}},{"from":[7.55235665392415,8,6.429186209072213],"to":[31.498356653924148,8,30.429186209072213],"rotation":{"angle":0,"axis":"y","origin":[23.78700000000002,3.0874999999999986,27.525000000000006]},"faces":{"up":{"uv":[4.5,6.375,4.125,6],"texture":"#0"},"down":{"uv":[6.375,4.125,6,4.5],"texture":"#0"}}},{"from":[7.505328948724099,8,-14.98649445863822],"to":[31.451328948724097,8,9.01350554136178],"rotation":{"angle":0,"axis":"y","origin":[25.400000000000006,8,1.1000000000000227]},"faces":{"up":{"uv":[4.875,6.375,4.5,6],"texture":"#0"},"down":{"uv":[6.375,4.5,6,4.875],"texture":"#0"}}},{"from":[-14.75779191418738,8,-15.066544071783483],"to":[9.18820808581259,8,8.933455928216517],"rotation":{"angle":0,"axis":"y","origin":[1.5,8,1.1000000000000227]},"faces":{"up":{"uv":[5.25,6.375,4.875,6],"texture":"#0"},"down":{"uv":[6.375,4.875,6,5.25],"texture":"#0"}}}],"textures":{"0":"minecraft:entity/animated/smaug"},"display":{"head":{"translation":[0,-6.4,0],"scale":[3.2,3.2,3.2],"rotation":[0,180,0]}},"texture_size":[2048,2048]}