{"elements":[{"from":[7.070750000000032,8,6.4525000000001],"to":[30.979249999999695,8,28.272500000000093],"rotation":{"angle":0,"axis":"y","origin":[7.13525297305074,8.000000000000004,-44.374264905009056]},"faces":{"up":{"uv":[1.5,9.93359375,1.125,9.59375],"texture":"#0"},"down":{"uv":[1.875,9.59375,1.5,9.93359375],"texture":"#0"}}},{"from":[-14.866767491675006,8,-14.751982419188948],"to":[9.041732508324174,8,9.248017580811052],"rotation":{"angle":0,"axis":"y","origin":[7.13525297305074,8.000000000000004,-44.374264905009056]},"faces":{"up":{"uv":[4.5,4.125,4.125,3.75],"texture":"#0"},"down":{"uv":[4.5,4.125,4.125,4.5],"texture":"#0"}}},{"from":[7.070750000000032,8,-14.759999999999593],"to":[30.979249999999695,8,9.240000000000407],"rotation":{"angle":0,"axis":"y","origin":[7.13525297305074,8.000000000000004,-44.374264905009056]},"faces":{"up":{"uv":[4.546875,1.5,4.171875,1.125],"texture":"#0"},"down":{"uv":[1.5,4.34375,1.125,4.71875],"texture":"#0"}}}],"textures":{"0":"minecraft:entity/animated/smaug"},"display":{"head":{"translation":[0,-6.4,0],"scale":[3.2,3.2,3.2],"rotation":[0,180,0]}},"texture_size":[2048,2048]}