{"elements":[{"from":[6.953819774485055,8.000000000000002,6.69434474390053],"to":[30.862319774484604,8.000000000000002,30.69434474390019],"rotation":{"angle":0,"axis":"y","origin":[118.69866199581804,8.000000000000005,40.16490374484076]},"faces":{"up":{"uv":[6.2578125,0.375,5.8828125,0],"texture":"#0"},"down":{"uv":[6.2578125,0.375,5.8828125,0.75],"texture":"#0"}}},{"from":[6.79060848189954,8.000000000000002,-13.958358562324321],"to":[30.69910848189943,8.000000000000002,10.041641437675679],"rotation":{"angle":0,"axis":"y","origin":[130.58617282675795,8.000000000000005,4.766663771219299]},"faces":{"up":{"uv":[6.2578125,1.125,5.8828125,0.75],"texture":"#0"},"down":{"uv":[0.375,6,0,6.375],"texture":"#0"}}},{"from":[-14.65066499766641,8.000000000000002,-13.958228740407407],"to":[9.25783500233348,8.000000000000002,10.041771259592593],"rotation":{"angle":0,"axis":"y","origin":[130.58617282675795,8.000000000000005,4.766663771219299]},"faces":{"up":{"uv":[0.75,6.375,0.375,6],"texture":"#0"},"down":{"uv":[1.125,6,0.75,6.375],"texture":"#0"}}}],"textures":{"0":"minecraft:entity/animated/smaug"},"display":{"head":{"translation":[0,-6.4,0],"scale":[3.2,3.2,3.2],"rotation":[0,180,0]}},"texture_size":[2048,2048]}