{"elements":[{"from":[-3.954249999999604,8,-4.000000000000043],"to":[19.954249999999604,8,20.00000000000003],"rotation":{"angle":0,"axis":"y","origin":[-252.62167960100646,8.000000000000004,3.046237917438191]},"faces":{"up":{"uv":[4.5,7.875,4.125,7.5],"texture":"#0"},"down":{"uv":[7.875,4.125,7.5,4.5],"texture":"#0"}}}],"textures":{"0":"minecraft:entity/animated/smaug"},"display":{"head":{"translation":[0,-6.4,0],"scale":[3.2,3.2,3.2],"rotation":[0,180,0]}},"texture_size":[2048,2048]}