{"elements":[{"from":[-14.810485121003296,8.000000000000002,-14.710994080643218],"to":[9.098014878996594,8.000000000000002,9.289005919356782],"rotation":{"angle":0,"axis":"y","origin":[-70.7278394934246,8.000000000000005,4.2541637712192255]},"faces":{"up":{"uv":[8.25,2.625,7.875,2.25],"texture":"#0"},"down":{"uv":[3,7.875,2.625,8.25],"texture":"#0"}}},{"from":[7.230310684435608,8.000000000000002,-14.598007725582079],"to":[31.138810684435498,8.000000000000002,9.401992274417921],"rotation":{"angle":0,"axis":"y","origin":[-70.7278394934246,8.000000000000005,4.2541637712192255]},"faces":{"up":{"uv":[8.25,3,7.875,2.625],"texture":"#0"},"down":{"uv":[3.375,7.875,3,8.25],"texture":"#0"}}},{"from":[7.067099391850434,8.000000000000002,6.054695580642829],"to":[30.975599391849983,8.000000000000002,30.054695580642772],"rotation":{"angle":0,"axis":"y","origin":[-58.840328662484694,8.000000000000005,39.65240374484068]},"faces":{"up":{"uv":[8.25,3.375,7.875,3],"texture":"#0"},"down":{"uv":[3.75,7.875,3.375,8.25],"texture":"#0"}}}],"textures":{"0":"minecraft:entity/animated/smaug"},"display":{"head":{"translation":[0,-6.4,0],"scale":[3.2,3.2,3.2],"rotation":[0,180,0]}},"texture_size":[2048,2048]}