{"elements":[{"from":[-14.72029113080383,8,6.828456279707609],"to":[9.22570886919619,8,30.82845627970761],"rotation":{"angle":0,"axis":"y","origin":[-2.4875000000000114,8,23.075000000000045]},"faces":{"up":{"uv":[3.75,3.375,3.375,3],"texture":"#3"},"down":{"uv":[3.75,3,3.375,3.375],"texture":"#3"}}},{"from":[-14.693114443864886,8,-15.15733270760316],"to":[9.252885556135105,8,8.84266729239684],"rotation":{"angle":0,"axis":"y","origin":[7.399500000000003,3.0874999999999986,-29.49999999999997]},"faces":{"up":{"uv":[3.84375,1.875,3.46875,1.5],"texture":"#3"},"down":{"uv":[3.84375,1.5,3.46875,1.875],"texture":"#3"}}},{"from":[7.248549461283439,8,-15.10215167177617],"to":[31.194549461283422,8,8.89784832822383],"rotation":{"angle":0,"axis":"y","origin":[31.262,3.0874999999999986,-29.49999999999997]},"faces":{"up":{"uv":[3.96875,0.375,3.59375,0],"texture":"#3"},"down":{"uv":[3.96875,0,3.59375,0.375],"texture":"#3"}}},{"from":[7.221372774344523,8,6.8836373155346],"to":[31.167372774344507,8,30.8836373155346],"rotation":{"angle":0,"axis":"y","origin":[21.374999999999986,8,23.075000000000045]},"faces":{"up":{"uv":[1.5,4,1.125,3.625],"texture":"#3"},"down":{"uv":[1.5,3.625,1.125,4],"texture":"#3"}}}],"textures":{"3":"minecraft:entity/animated/smaug/smaug"},"display":{"head":{"translation":[0,-6.4,0],"scale":[3.2,3.2,3.2],"rotation":[0,180,0]}}}