{"elements":[{"from":[8.127145711102115,5.810921394290107,8.252350902719549],"to":[8.127145711102115,8.76311339429011,26.77735570271957],"rotation":{"angle":0,"axis":"y","origin":[8,8,8]},"faces":{"west":{"uv":[10.7734375,2.015625,11.0625,2.0625],"texture":"#0"}}},{"from":[5.666985711102116,6.6227741942901,8.252350902719549],"to":[8.127145711102116,8.763113394290105,18.44356370271957],"rotation":{"angle":0,"axis":"y","origin":[8,8,8]},"faces":{"south":{"uv":[10.6953125,2.6953125,10.734375,2.73046875],"texture":"#0"},"west":{"uv":[11.3203125,1.40625,11.48046875,1.44140625],"texture":"#0"},"down":{"uv":[3.984375,10.796875,3.9453125,10.95703125],"texture":"#0"}}},{"from":[5.1749537111021136,8.763113394290105,8.252350902719549],"to":[8.127145711102116,8.763113394290105,26.77735570271957],"rotation":{"angle":0,"axis":"y","origin":[8,8,8]},"faces":{"down":{"uv":[9.53125,9.75,9.484375,10.0390625],"texture":"#0"}}}],"textures":{"0":"minecraft:entity/animated/smaug"},"display":{"head":{"translation":[0,-6.4,0],"scale":[3.2,3.2,3.2],"rotation":[0,180,0]}},"texture_size":[2048,2048]}