{"elements":[{"from":[7.227735081168058,8.100466557622251,8.236013619185488],"to":[9.60853508116806,8.100466557622251,22.571033619185485],"rotation":{"angle":0,"axis":"y","origin":[8,8,8]},"faces":{"down":{"uv":[2.953125,11.2109375,2.9140625,11.43359375],"texture":"#0"}}},{"from":[7.224533442377748,6.317903871686726,8.236013619185488],"to":[9.208533442377748,8.043983871686727,15.850233619185495],"rotation":{"angle":0,"axis":"y","origin":[8,-11.503281047145215,8]},"faces":{"east":{"uv":[10.5703125,8.7421875,10.6875,8.76953125],"texture":"#0"},"south":{"uv":[0.90625,10.3671875,0.9375,10.39453125],"texture":"#0"},"down":{"uv":[10.09375,7.3125,10.0625,7.4296875],"texture":"#0"}}},{"from":[7.227735081168056,5.7196665576222445,8.236013619185488],"to":[7.227735081168056,8.100466557622251,22.571033619185485],"rotation":{"angle":0,"axis":"y","origin":[8,8,8]},"faces":{"east":{"uv":[9.7421875,6.3359375,9.96484375,6.375],"texture":"#0"}}}],"textures":{"0":"minecraft:entity/animated/smaug"},"display":{"head":{"translation":[0,-6.4,0],"scale":[3.2,3.2,3.2],"rotation":[0,180,0]}},"texture_size":[2048,2048]}