{"elements":[{"from":[-13.582785648195909,8,-15.911567412004842],"to":[10.325714351803924,8,8.088432587995186],"rotation":{"angle":0,"axis":"y","origin":[19.862499999999272,8.000000000000004,-8.518750000000011]},"faces":{"up":{"uv":[0.375,5.25,0,4.875],"texture":"#0"},"down":{"uv":[0.75,4.875,0.375,5.25],"texture":"#0"}}},{"from":[7.776381765752603,8,5.397711178535047],"to":[31.684881765751868,8,29.397711178535047],"rotation":{"angle":0,"axis":"y","origin":[19.862499999999216,8.000000000000004,15.293749999999989]},"faces":{"up":{"uv":[1.125,5.25,0.75,4.875],"texture":"#0"},"down":{"uv":[5.25,1.5,4.875,1.875],"texture":"#0"}}},{"from":[-13.714653882443201,8,5.392393766530233],"to":[10.193846117556603,8,29.392393766530233],"rotation":{"angle":0,"axis":"y","origin":[19.862499999999216,8.000000000000004,15.293749999999989]},"faces":{"up":{"uv":[5.25,2.25,4.875,1.875],"texture":"#0"},"down":{"uv":[2.625,4.875,2.25,5.25],"texture":"#0"}}},{"from":[7.908249999999896,8,-15.906250000000028],"to":[31.81674999999919,8,8.09375],"rotation":{"angle":0,"axis":"y","origin":[19.862499999999272,8.000000000000004,-8.518750000000011]},"faces":{"up":{"uv":[5.25,2.625,4.875,2.25],"texture":"#0"},"down":{"uv":[3,4.875,2.625,5.25],"texture":"#0"}}}],"textures":{"0":"minecraft:entity/animated/smaug"},"display":{"head":{"translation":[0,-6.4,0],"scale":[3.2,3.2,3.2],"rotation":[0,180,0]}},"texture_size":[2048,2048]}