{"elements":[{"from":[-3.875371625105771,8.025000000000002,-14.58530983817002],"to":[19.869628374894518,8.025000000000002,9.414690161829924],"rotation":{"angle":0,"axis":"y","origin":[17.536637533785353,7.612500000000001,-3.98485629480615]},"faces":{"up":{"uv":[0.7421875,8.625,0.375,8.25],"texture":"#3"},"down":{"uv":[0.7421875,8.25,0.375,8.625],"texture":"#3"}}}],"textures":{"3":"minecraft:entity/animated/smaug/smaug"},"display":{"head":{"translation":[0,-6.4,0],"scale":[3.2,3.2,3.2],"rotation":[0,180,0]}}}