{"elements":[{"from":[-15.27701901141225,8,-15.070034053535949],"to":[8.467980988588067,8,6.2259659464642425],"rotation":{"angle":0,"axis":"y","origin":[-1.4758337470522491,8.000000000000002,-6.531372120988664]},"faces":{"up":{"uv":[10.11328125,3.29296875,9.7421875,2.9609375],"texture":"#0"},"down":{"uv":[10.11328125,3.296875,9.7421875,3.62890625],"texture":"#0"}}},{"from":[6.871253714209061,8,6.92254558858059],"to":[30.616253714209236,8,30.92254558858062],"rotation":{"angle":0,"axis":"y","origin":[13.586666252947722,8.000000000000002,21.431127879011314]},"faces":{"up":{"uv":[0.37109375,9.75,0,9.375],"texture":"#0"},"down":{"uv":[0.74609375,9.375,0.375,9.75],"texture":"#0"}}},{"from":[7.025765297202952,8,-15.100511535044916],"to":[30.770765297203,8,8.899488464955425],"rotation":{"angle":0,"axis":"y","origin":[22.08666625294775,8.000000000000002,-6.531372120988664]},"faces":{"up":{"uv":[1.12109375,9.75,0.75,9.375],"texture":"#0"},"down":{"uv":[9.74609375,1.5,9.375,1.875],"texture":"#0"}}}],"textures":{"0":"minecraft:entity/animated/smaug"},"display":{"head":{"translation":[0,-6.4,0],"scale":[3.2,3.2,3.2],"rotation":[0,180,0]}},"texture_size":[2048,2048]}