{"elements":[{"from":[-3.875371625105771,7.975,6.585309838170133],"to":[19.869628374894518,7.975,30.58530983817019],"rotation":{"angle":0,"axis":"y","origin":[-1.5366375337853526,7.612500000000001,19.62764370519369]},"faces":{"up":{"uv":[1.87109375,8.46875,1.5,8.09375],"texture":"#0"},"down":{"uv":[2.24609375,8.09375,1.875,8.46875],"texture":"#0"}}},{"from":[-3.8696283748945177,8.025000000000002,-14.585309838170133],"to":[19.87537162510577,8.025000000000002,9.414690161829924],"rotation":{"angle":0,"axis":"y","origin":[-1.5366375337853526,7.612500000000001,-3.98485629480615]},"faces":{"up":{"uv":[8.50390625,0.375,8.1328125,0],"texture":"#0"},"down":{"uv":[8.50390625,0.375,8.1328125,0.75],"texture":"#0"}}}],"textures":{"0":"minecraft:entity/animated/smaug"},"display":{"head":{"translation":[0,-6.4,0],"scale":[3.2,3.2,3.2],"rotation":[0,180,0]}},"texture_size":[2048,2048]}