{"elements":[{"from":[-14.665941856021618,8,6.504466687779114],"to":[9.242558143978215,8,30.504466687779114],"rotation":{"angle":0,"axis":"y","origin":[-177.28124999999892,8.000000000000004,16.006249999999994]},"faces":{"up":{"uv":[0.75,7.875,0.375,7.5],"texture":"#0"},"down":{"uv":[1.125,7.5,0.75,7.875],"texture":"#0"}}},{"from":[7.150890096663375,8,-14.741765104521093],"to":[31.059390096663208,8,9.258234895478921],"rotation":{"angle":0,"axis":"y","origin":[-177.28124999999898,8.000000000000004,-7.806250000000006]},"faces":{"up":{"uv":[7.875,1.875,7.5,1.5],"texture":"#0"},"down":{"uv":[7.875,1.875,7.5,2.25],"texture":"#0"}}},{"from":[7.282758330910667,8,6.562196074013968],"to":[31.1912583309105,8,30.56219607401397],"rotation":{"angle":0,"axis":"y","origin":[-177.28124999999892,8.000000000000004,16.006249999999994]},"faces":{"up":{"uv":[2.625,7.875,2.25,7.5],"texture":"#0"},"down":{"uv":[7.875,2.25,7.5,2.625],"texture":"#0"}}},{"from":[-14.79781009026891,8,-14.79949449075599],"to":[9.110689909730922,8,9.200505509244067],"rotation":{"angle":0,"axis":"y","origin":[-177.28124999999898,8.000000000000004,-7.806250000000006]},"faces":{"up":{"uv":[3,7.875,2.625,7.5],"texture":"#0"},"down":{"uv":[7.875,2.625,7.5,3],"texture":"#0"}}}],"textures":{"0":"minecraft:entity/animated/smaug"},"display":{"head":{"translation":[0,-6.4,0],"scale":[3.2,3.2,3.2],"rotation":[0,180,0]}},"texture_size":[2048,2048]}