{"elements":[{"from":[6.390460510892774,6.136479105095834,-4.637531476730931],"to":[11.722460510892775,11.615729105095836,19.278968523269082],"rotation":{"angle":0,"axis":"y","origin":[6.948631013910946,8,-1.5991990944604417]},"faces":{"north":{"uv":[10.3515625,6.9765625,10.43359375,7.0625],"texture":"#0"},"east":{"uv":[10.7421875,3.40625,11.1171875,3.4921875],"texture":"#0"},"south":{"uv":[10.5,11.390625,10.58203125,11.4765625],"texture":"#0"},"west":{"uv":[10.828125,8.2421875,11.203125,8.328125],"texture":"#0"},"up":{"uv":[0.50390625,11.2421875,0.421875,10.8671875],"texture":"#0"},"down":{"uv":[2.82421875,10.875,2.7421875,11.25],"texture":"#0"}}},{"from":[9.846960510892771,9.267479105095834,-5.412531476730919],"to":[9.846960510892771,16.986479105095828,14.473968523269093],"rotation":{"angle":0,"axis":"y","origin":[6.948631013910946,8,-1.5991990944604417]},"faces":{"west":{"uv":[2.1875,10.6953125,2.5,10.81640625],"texture":"#0"}}},{"from":[11.672219924540613,3.4888036234225277,18.038468523269078],"to":[11.672219924540613,10.704053623422533,23.549218523269115],"rotation":{"angle":22.5,"axis":"z","origin":[11.672219924540611,7.096428623422533,20.793843523269093]},"faces":{"east":{"uv":[6.5,11.3359375,6.5859375,11.44921875],"texture":"#0"}}},{"from":[10.966876332663471,1.7499446816155864,-5.924031476730924],"to":[10.966876332663471,8.965194681615591,18.0492185232691],"rotation":{"angle":22.5,"axis":"z","origin":[6.948631013910946,8,-1.5991990944604417]},"faces":{"east":{"uv":[10.578125,1.796875,10.953125,1.91015625],"texture":"#0"}}}],"textures":{"0":"minecraft:entity/animated/smaug"},"display":{"head":{"translation":[0,-6.4,0],"scale":[3.2,3.2,3.2],"rotation":[0,180,0]}},"texture_size":[2048,2048]}