{"elements":[{"from":[-14.884935768225375,8,6.629528714526657],"to":[9.023564231774458,8,30.629528714526657],"rotation":{"angle":0,"axis":"y","origin":[-133.5937499999991,8.000000000000004,16.21874999999997]},"faces":{"up":{"uv":[7.546875,1.5,7.171875,1.125],"texture":"#0"},"down":{"uv":[1.5,7.34375,1.125,7.71875],"texture":"#0"}}},{"from":[-15.016804002472668,8,-14.674432464008348],"to":[8.891695997527165,8,9.32556753599161],"rotation":{"angle":0,"axis":"y","origin":[-133.59374999999915,8.000000000000004,-7.593750000000028]},"faces":{"up":{"uv":[1.875,7.71875,1.5,7.34375],"texture":"#0"},"down":{"uv":[2.25,7.34375,1.875,7.71875],"texture":"#0"}}},{"from":[7.02261695853872,8,-14.580435223379325],"to":[30.931116958538553,8,9.419564776620632],"rotation":{"angle":0,"axis":"y","origin":[-133.59374999999915,8.000000000000004,-7.593750000000028]},"faces":{"up":{"uv":[7.7578125,0.375,7.3828125,0],"texture":"#0"},"down":{"uv":[7.7578125,0.375,7.3828125,0.75],"texture":"#0"}}},{"from":[7.154485192786012,8,6.723525955155679],"to":[31.062985192785845,8,30.72352595515568],"rotation":{"angle":0,"axis":"y","origin":[-133.5937499999991,8.000000000000004,16.21874999999997]},"faces":{"up":{"uv":[7.7578125,1.125,7.3828125,0.75],"texture":"#0"},"down":{"uv":[0.375,7.5,0,7.875],"texture":"#0"}}}],"textures":{"0":"minecraft:entity/animated/smaug"},"display":{"head":{"translation":[0,-6.4,0],"scale":[3.2,3.2,3.2],"rotation":[0,180,0]}},"texture_size":[2048,2048]}