{"elements":[{"from":[7.920749999999941,7.9999999999999964,-15.900000000000034],"to":[31.829249999999888,7.9999999999999964,8.099999999999994],"rotation":{"angle":0,"axis":"y","origin":[19.87499999999997,8,-3.9000000000000057]},"faces":{"up":{"uv":[2.625,4.125,2.25,3.75],"texture":"#0"},"down":{"uv":[4.125,2.25,3.75,2.625],"texture":"#0"}}},{"from":[7.920749999999941,7.9999999999999964,5.725000000000023],"to":[31.829249999999888,7.9999999999999964,29.725000000000023],"rotation":{"angle":0,"axis":"y","origin":[19.874999999999943,8,19.912499999999994]},"faces":{"up":{"uv":[3,4.125,2.625,3.75],"texture":"#0"},"down":{"uv":[4.125,2.625,3.75,3],"texture":"#0"}}},{"from":[-14.016767491675097,7.9999999999999964,5.733017580810753],"to":[9.891732508324083,7.9999999999999964,29.733017580810753],"rotation":{"angle":0,"axis":"y","origin":[19.874999999999943,8,19.912499999999994]},"faces":{"up":{"uv":[3.375,4.125,3,3.75],"texture":"#0"},"down":{"uv":[4.125,3,3.75,3.375],"texture":"#0"}}}],"textures":{"0":"minecraft:entity/animated/smaug"},"display":{"head":{"translation":[0,-6.4,0],"scale":[3.2,3.2,3.2],"rotation":[0,180,0]}},"texture_size":[2048,2048]}