{"elements":[{"from":[-15.829249999999888,7.9999999999999964,-15.900000000000034],"to":[8.079250000000059,7.9999999999999964,8.099999999999994],"rotation":{"angle":0,"axis":"y","origin":[-3.8749999999999716,8,-3.9000000000000057]},"faces":{"up":{"uv":[6.75,4.5,6.375,4.125],"texture":"#0"},"down":{"uv":[4.875,6.375,4.5,6.75],"texture":"#0"}}},{"from":[-15.829249999999888,7.9999999999999964,5.725000000000023],"to":[8.079250000000059,7.9999999999999964,29.725000000000023],"rotation":{"angle":0,"axis":"y","origin":[-3.874999999999943,8,19.912499999999994]},"faces":{"up":{"uv":[6.75,4.875,6.375,4.5],"texture":"#0"},"down":{"uv":[5.25,6.375,4.875,6.75],"texture":"#0"}}},{"from":[6.108267491675917,7.9999999999999964,5.733017580810753],"to":[30.016767491675097,7.9999999999999964,29.733017580810753],"rotation":{"angle":0,"axis":"y","origin":[-3.874999999999943,8,19.912499999999994]},"faces":{"up":{"uv":[6.75,5.25,6.375,4.875],"texture":"#0"},"down":{"uv":[5.625,6.375,5.25,6.75],"texture":"#0"}}}],"textures":{"0":"minecraft:entity/animated/smaug"},"display":{"head":{"translation":[0,-6.4,0],"scale":[3.2,3.2,3.2],"rotation":[0,180,0]}},"texture_size":[2048,2048]}