{"elements":[{"from":[-3.9542499999997744,8,-4],"to":[19.954249999999774,8,20.000000000000057],"rotation":{"angle":0,"axis":"y","origin":[107.85017549101201,8.000000000000004,8.56654738091612]},"faces":{"up":{"uv":[6.375,1.875,6,1.5],"texture":"#0"},"down":{"uv":[6.375,1.875,6,2.25],"texture":"#0"}}}],"textures":{"0":"minecraft:entity/animated/smaug"},"display":{"head":{"translation":[0,-6.4,0],"scale":[3.2,3.2,3.2],"rotation":[0,180,0]}},"texture_size":[2048,2048]}