{"elements":[{"from":[6.834371477970194,7.999999999999998,7.00077600298647],"to":[30.579371477970483,7.999999999999998,31.00077600298647],"rotation":{"angle":0,"axis":"y","origin":[26.48750000000001,8,26.575000000000045]},"faces":{"up":{"uv":[4.1171875,8.625,3.75,8.25],"texture":"#3"},"down":{"uv":[4.1171875,8.25,3.75,8.625],"texture":"#3"}}},{"from":[6.896464392121771,7.999999999999998,-14.892929665515965],"to":[30.64146439212206,7.999999999999998,9.107070334484035],"rotation":{"angle":0,"axis":"y","origin":[26.48750000000001,8,-10.18124999999992]},"faces":{"up":{"uv":[4.4921875,8.625,4.125,8.25],"texture":"#3"},"down":{"uv":[4.4921875,8.25,4.125,8.625],"texture":"#3"}}},{"from":[-14.40492778656872,7.999999999999998,-14.92487829747597],"to":[9.340072213431569,7.999999999999998,9.07512170252403],"rotation":{"angle":0,"axis":"y","origin":[2.7999999999999545,8,-10.18124999999992]},"faces":{"up":{"uv":[4.8671875,8.625,4.5,8.25],"texture":"#3"},"down":{"uv":[4.8671875,8.25,4.5,8.625],"texture":"#3"}}},{"from":[-14.467020700720298,7.999999999999998,6.968827371026464],"to":[9.277979299279991,7.999999999999998,30.968827371026464],"rotation":{"angle":0,"axis":"y","origin":[11.650000000000034,8,18.587500000000063]},"faces":{"up":{"uv":[5.2421875,8.625,4.875,8.25],"texture":"#3"},"down":{"uv":[5.2421875,8.25,4.875,8.625],"texture":"#3"}}}],"textures":{"3":"minecraft:entity/animated/smaug/smaug"},"display":{"head":{"translation":[0,-6.4,0],"scale":[3.2,3.2,3.2],"rotation":[0,180,0]}}}