{"elements":[{"from":[-14.485512970018021,8,-4.005945008900596],"to":[9.422987029981869,8,19.994054991099404],"rotation":{"angle":0,"axis":"y","origin":[-88.76152542982072,8.000000000000004,21.092269230737486]},"faces":{"up":{"uv":[7.5,2.25,7.125,1.875],"texture":"#0"},"down":{"uv":[2.625,7.125,2.25,7.5],"texture":"#0"}}},{"from":[6.577012970018075,8,-3.9940549910994605],"to":[30.485512970017965,8,20.00594500890054],"rotation":{"angle":0,"axis":"y","origin":[-88.76152542982072,8.000000000000004,21.092269230737486]},"faces":{"up":{"uv":[7.5,2.625,7.125,2.25],"texture":"#0"},"down":{"uv":[3,7.125,2.625,7.5],"texture":"#0"}}}],"textures":{"0":"minecraft:entity/animated/smaug"},"display":{"head":{"translation":[0,-6.4,0],"scale":[3.2,3.2,3.2],"rotation":[0,180,0]}},"texture_size":[2048,2048]}