{"elements":[{"from":[6.762503756813658,8,6.494471383296997],"to":[30.671003756813548,8,30.494471383296997],"rotation":{"angle":0,"axis":"y","origin":[128.1933136690701,8.000000000000004,21.249999048072027]},"faces":{"up":{"uv":[5.625,3,6,2.625],"texture":"#3"},"down":{"uv":[5.625,2.625,6,3],"texture":"#3"}}},{"from":[-14.678769722752293,8,6.494601205213911],"to":[9.229730277247597,8,30.49460120521391],"rotation":{"angle":0,"axis":"y","origin":[128.1933136690701,8.000000000000004,21.249999048072027]},"faces":{"up":{"uv":[5.625,3.375,6,3],"texture":"#3"},"down":{"uv":[5.625,3,6,3.375],"texture":"#3"}}},{"from":[-14.681014061898168,8,-14.708136875211494],"to":[9.227485938101665,8,9.291863124788506],"rotation":{"angle":0,"axis":"y","origin":[128.19331366907016,8.000000000000004,-2.750000951927916]},"faces":{"up":{"uv":[5.625,3.75,6,3.375],"texture":"#3"},"down":{"uv":[5.625,3.375,6,3.75],"texture":"#3"}}},{"from":[6.760259417667783,8,-14.708266697128408],"to":[30.668759417667616,8,9.291733302871592],"rotation":{"angle":0,"axis":"y","origin":[128.19331366907016,8.000000000000004,-2.750000951927916]},"faces":{"up":{"uv":[5.625,4.125,6,3.75],"texture":"#3"},"down":{"uv":[5.625,3.75,6,4.125],"texture":"#3"}}}],"textures":{"3":"minecraft:entity/animated/smaug/smaug"},"display":{"head":{"translation":[0,-6.4,0],"scale":[3.2,3.2,3.2],"rotation":[0,180,0]}}}