{"elements":[{"from":[6.980862357028741,7.9999999999999964,-15.046706564118267],"to":[30.88936235702863,7.9999999999999964,8.953293435881733],"rotation":{"angle":0,"axis":"y","origin":[62.12575774229066,8,10.546901624768395]},"faces":{"up":{"uv":[3.375,4.875,3,4.5],"texture":"#0"},"down":{"uv":[4.875,3,4.5,3.375],"texture":"#0"}}},{"from":[6.991388840678212,7.9999999999999964,6.515816401142786],"to":[30.899888840678102,7.9999999999999964,30.515816401142786],"rotation":{"angle":0,"axis":"y","origin":[62.12575774229063,8,34.52190162476842]},"faces":{"up":{"uv":[3.75,4.875,3.375,4.5],"texture":"#0"},"down":{"uv":[4.875,3.375,4.5,3.75],"texture":"#0"}}},{"from":[-14.956656324556661,7.9999999999999964,-15.038143569646934],"to":[8.951843675443229,7.9999999999999964,8.961856430353066],"rotation":{"angle":0,"axis":"y","origin":[62.12575774229066,8,10.546901624768395]},"faces":{"up":{"uv":[4.125,4.875,3.75,4.5],"texture":"#0"},"down":{"uv":[4.875,3.75,4.5,4.125],"texture":"#0"}}}],"textures":{"0":"minecraft:entity/animated/smaug"},"display":{"head":{"translation":[0,-6.4,0],"scale":[3.2,3.2,3.2],"rotation":[0,180,0]}},"texture_size":[2048,2048]}