{"elements":[{"from":[6.8530000000000015,8.011979105095836,5.428160494700709],"to":[9.302000000000003,8.011979105095836,8.233660494700715],"rotation":{"angle":0,"axis":"y","origin":[8,5.1324999999999985,17.72625]},"faces":{"down":{"uv":[4.1953125,11.46875,4.15625,11.515625],"texture":"#3"}}}],"textures":{"3":"minecraft:entity/animated/smaug/smaug"},"display":{"head":{"translation":[0,-6.4,0],"scale":[3.2,3.2,3.2],"rotation":[0,180,0]}}}