{"elements":[{"from":[-1.8725000000001586,8,-2.243750000000034],"to":[21.87250000000016,8,21.756249999999966],"rotation":{"angle":0,"axis":"y","origin":[8.184365785184923,8.000000000000002,13.88798302765747]},"faces":{"up":{"uv":[8.625,4.5,8.9921875,4.125],"texture":"#3"},"down":{"uv":[8.625,4.125,8.9921875,4.5],"texture":"#3"}}}],"textures":{"3":"minecraft:entity/animated/smaug/smaug"},"display":{"head":{"translation":[0,-6.4,0],"scale":[3.2,3.2,3.2],"rotation":[0,180,0]}}}