{"elements":[{"from":[6.938618773689939,7.999999999999998,6.986077097907923],"to":[30.683618773690227,7.999999999999998,30.986077097907952],"rotation":{"angle":0,"axis":"y","origin":[13.337500000000063,8,17.637499999999903]},"faces":{"up":{"uv":[4.49609375,8.625,4.125,8.25],"texture":"#0"},"down":{"uv":[8.62109375,4.125,8.25,4.5],"texture":"#0"}}},{"from":[-14.362773405000553,7.999999999999998,7.0180257298681],"to":[9.382226594999736,7.999999999999998,31.01802572986813],"rotation":{"angle":0,"axis":"y","origin":[-10.349999999999994,8,17.637499999999903]},"faces":{"up":{"uv":[4.87109375,8.625,4.5,8.25],"texture":"#0"},"down":{"uv":[8.62109375,4.5,8.25,4.875],"texture":"#0"}}},{"from":[6.784107190696176,7.999999999999998,-15.036980025717185],"to":[30.529107190696465,7.999999999999998,8.963019974282759],"rotation":{"angle":0,"axis":"y","origin":[13.337500000000063,8,-6.325000000000074]},"faces":{"up":{"uv":[5.24609375,8.625,4.875,8.25],"texture":"#0"},"down":{"uv":[8.62109375,4.875,8.25,5.25],"texture":"#0"}}},{"from":[-14.517284987994316,7.999999999999998,-15.005031393757179],"to":[9.227715012005973,7.999999999999998,8.994968606242935],"rotation":{"angle":0,"axis":"y","origin":[-10.349999999999994,8,-6.325000000000074]},"faces":{"up":{"uv":[5.62109375,8.625,5.25,8.25],"texture":"#0"},"down":{"uv":[8.62109375,5.25,8.25,5.625],"texture":"#0"}}}],"textures":{"0":"minecraft:entity/animated/smaug"},"display":{"head":{"translation":[0,-6.4,0],"scale":[3.2,3.2,3.2],"rotation":[0,180,0]}},"texture_size":[2048,2048]}