{"elements":[{"from":[-3.954249999999945,8,-4],"to":[19.954249999999888,8,20],"rotation":{"angle":0,"axis":"y","origin":[-188.77527183010437,8.000000000000004,7.812968563796289]},"faces":{"up":{"uv":[8.25,2.25,7.875,1.875],"texture":"#0"},"down":{"uv":[2.625,7.875,2.25,8.25],"texture":"#0"}}}],"textures":{"0":"minecraft:entity/animated/smaug"},"display":{"head":{"translation":[0,-6.4,0],"scale":[3.2,3.2,3.2],"rotation":[0,180,0]}},"texture_size":[2048,2048]}