{"elements":[{"from":[-14.66061434448261,7.9999999999999964,-15.00444172427052],"to":[9.247885655516512,7.9999999999999964,8.99555827572948],"rotation":{"angle":0,"axis":"y","origin":[19.212500000000148,8,1.262500000000017]},"faces":{"up":{"uv":[1.5,4.375,1.875,4],"texture":"#3"},"down":{"uv":[1.5,4,1.875,4.375],"texture":"#3"}}},{"from":[-14.6509605226899,7.9999999999999964,6.7830793371347795],"to":[9.257539477309052,7.9999999999999964,30.78307933713478],"rotation":{"angle":0,"axis":"y","origin":[19.21250000000012,8,25.26249999999996]},"faces":{"up":{"uv":[4.03125,1.125,4.40625,0.75],"texture":"#3"},"down":{"uv":[4.03125,0.75,4.40625,1.125],"texture":"#3"}}},{"from":[7.286556968984911,7.9999999999999964,6.77506175632405],"to":[31.195056968984886,7.9999999999999964,30.77506175632405],"rotation":{"angle":0,"axis":"y","origin":[19.21250000000012,8,25.26249999999996]},"faces":{"up":{"uv":[0,4.46875,0.375,4.09375],"texture":"#3"},"down":{"uv":[0,4.09375,0.375,4.46875],"texture":"#3"}}},{"from":[7.276903147192371,7.9999999999999964,-15.012459305081222],"to":[31.185403147192318,7.9999999999999964,8.987540694918778],"rotation":{"angle":0,"axis":"y","origin":[19.212500000000148,8,1.262500000000017]},"faces":{"up":{"uv":[1.875,4.5,2.25,4.125],"texture":"#3"},"down":{"uv":[1.875,4.125,2.25,4.5],"texture":"#3"}}}],"textures":{"3":"minecraft:entity/animated/smaug/smaug"},"display":{"head":{"translation":[0,-6.4,0],"scale":[3.2,3.2,3.2],"rotation":[0,180,0]}}}