{"elements":[{"from":[-14.710764208987378,8,6.34913659592695],"to":[9.235235791012641,8,30.34913659592695],"rotation":{"angle":0,"axis":"y","origin":[-0.11299999999998533,3.0874999999999986,27.525000000000006]},"faces":{"up":{"uv":[1.875,3.625,1.5,3.25],"texture":"#3"},"down":{"uv":[1.875,3.25,1.5,3.625],"texture":"#3"}}},{"from":[7.55235665392415,8,6.429186209072213],"to":[31.498356653924148,8,30.429186209072213],"rotation":{"angle":0,"axis":"y","origin":[23.78700000000002,3.0874999999999986,27.525000000000006]},"faces":{"up":{"uv":[3.65625,1.125,3.28125,0.75],"texture":"#3"},"down":{"uv":[3.65625,0.75,3.28125,1.125],"texture":"#3"}}},{"from":[7.505328948724099,8,-14.98649445863822],"to":[31.451328948724097,8,9.01350554136178],"rotation":{"angle":0,"axis":"y","origin":[25.400000000000006,8,1.1000000000000227]},"faces":{"up":{"uv":[0.375,3.71875,0,3.34375],"texture":"#3"},"down":{"uv":[0.375,3.34375,0,3.71875],"texture":"#3"}}},{"from":[-14.75779191418738,8,-15.066544071783483],"to":[9.18820808581259,8,8.933455928216517],"rotation":{"angle":0,"axis":"y","origin":[1.5,8,1.1000000000000227]},"faces":{"up":{"uv":[2.25,3.75,1.875,3.375],"texture":"#3"},"down":{"uv":[2.25,3.375,1.875,3.75],"texture":"#3"}}}],"textures":{"3":"minecraft:entity/animated/smaug/smaug"},"display":{"head":{"translation":[0,-6.4,0],"scale":[3.2,3.2,3.2],"rotation":[0,180,0]}}}