{"elements":[{"from":[-3.954250000000002,8.000000000000007,-3.9999999999999716],"to":[19.954250000000002,8.000000000000007,20.00000000000003],"rotation":{"angle":0,"axis":"y","origin":[8,8,8]},"faces":{"up":{"uv":[5.25,3.375,4.875,3],"texture":"#3"},"down":{"uv":[5.25,3,4.875,3.375],"texture":"#3"}}}],"textures":{"3":"minecraft:entity/animated/smaug/smaug"},"display":{"head":{"translation":[0,-6.4,0],"scale":[3.2,3.2,3.2],"rotation":[0,180,0]}}}