{"elements":[{"from":[-14.810485121003296,8.000000000000002,-14.710994080643218],"to":[9.098014878996594,8.000000000000002,9.289005919356782],"rotation":{"angle":0,"axis":"y","origin":[-70.72783949342454,8.000000000000005,4.2541637712192255]},"faces":{"up":{"uv":[6.09375,1.875,5.71875,1.5],"texture":"#3"},"down":{"uv":[6.09375,1.5,5.71875,1.875],"texture":"#3"}}},{"from":[7.230310684435608,8.000000000000002,-14.598007725582079],"to":[31.138810684435498,8.000000000000002,9.401992274417921],"rotation":{"angle":0,"axis":"y","origin":[-70.72783949342454,8.000000000000005,4.2541637712192255]},"faces":{"up":{"uv":[6.21875,0.375,5.84375,0],"texture":"#3"},"down":{"uv":[6.21875,0,5.84375,0.375],"texture":"#3"}}},{"from":[7.067099391850434,8.000000000000002,6.054695580642829],"to":[30.975599391849983,8.000000000000002,30.05469558064229],"rotation":{"angle":0,"axis":"y","origin":[-58.840328662484694,8.000000000000005,39.6524037448402]},"faces":{"up":{"uv":[1.5,6.25,1.125,5.875],"texture":"#3"},"down":{"uv":[1.5,5.875,1.125,6.25],"texture":"#3"}}}],"textures":{"3":"minecraft:entity/animated/smaug/smaug"},"display":{"head":{"translation":[0,-6.4,0],"scale":[3.2,3.2,3.2],"rotation":[0,180,0]}}}