{"elements":[{"from":[-14.624301048662772,7.999999999999998,6.900813526706372],"to":[9.120698951337516,7.999999999999998,30.900813526706372],"rotation":{"angle":0,"axis":"y","origin":[2.5625000000000853,8,21.799999999999898]},"faces":{"up":{"uv":[9.04296875,1.5,8.671875,1.125],"texture":"#0"},"down":{"uv":[1.49609375,8.84375,1.125,9.21875],"texture":"#0"}}},{"from":[6.677091130027719,7.999999999999998,6.932762158666378],"to":[30.422091130028008,7.999999999999998,30.932762158666378],"rotation":{"angle":0,"axis":"y","origin":[26.250000000000142,8,21.799999999999898]},"faces":{"up":{"uv":[1.87109375,9.21875,1.5,8.84375],"texture":"#0"},"down":{"uv":[2.24609375,8.84375,1.875,9.21875],"texture":"#0"}}},{"from":[6.663800279836664,7.999999999999998,-15.011898505135832],"to":[30.408800279836953,7.999999999999998,8.988101494864168],"rotation":{"angle":0,"axis":"y","origin":[26.250000000000142,8,33.2999999999999]},"faces":{"up":{"uv":[9.25390625,0.375,8.8828125,0],"texture":"#0"},"down":{"uv":[9.25390625,0.375,8.8828125,0.75],"texture":"#0"}}},{"from":[-14.637591898853827,7.999999999999998,-15.043847137095838],"to":[9.107408101146461,7.999999999999998,8.956152862904162],"rotation":{"angle":0,"axis":"y","origin":[2.5625000000000853,8,33.2999999999999]},"faces":{"up":{"uv":[9.25390625,1.125,8.8828125,0.75],"texture":"#0"},"down":{"uv":[0.37109375,9,0,9.375],"texture":"#0"}}}],"textures":{"0":"minecraft:entity/animated/smaug"},"display":{"head":{"translation":[0,-6.4,0],"scale":[3.2,3.2,3.2],"rotation":[0,180,0]}},"texture_size":[2048,2048]}