{"elements":[{"from":[6.813171005348806,7.9999999999999964,6.672430510612514],"to":[30.721671005348156,7.9999999999999964,30.672430510612514],"rotation":{"angle":0,"axis":"y","origin":[8.787500000000023,8,-1.737499999999784]},"faces":{"up":{"uv":[7.125,1.875,6.75,1.5],"texture":"#0"},"down":{"uv":[7.125,1.875,6.75,2.25],"texture":"#0"}}},{"from":[-15.124346486326715,7.9999999999999964,6.66441292980187],"to":[8.784153513672948,7.9999999999999964,30.66441292980187],"rotation":{"angle":0,"axis":"y","origin":[8.787500000000023,8,-1.737499999999784]},"faces":{"up":{"uv":[2.625,7.125,2.25,6.75],"texture":"#0"},"down":{"uv":[7.125,2.25,6.75,2.625],"texture":"#0"}}},{"from":[-15.11382000267713,7.9999999999999964,-14.898110035459183],"to":[8.794679997322532,7.9999999999999964,9.101889964540817],"rotation":{"angle":0,"axis":"y","origin":[8.787500000000023,8,-1.737499999999784]},"faces":{"up":{"uv":[3,7.125,2.625,6.75],"texture":"#0"},"down":{"uv":[7.125,2.625,6.75,3],"texture":"#0"}}},{"from":[6.823697488998391,7.9999999999999964,-14.890092454648538],"to":[30.732197488997627,7.9999999999999964,9.109907545351462],"rotation":{"angle":0,"axis":"y","origin":[8.787500000000023,8,-1.737499999999784]},"faces":{"up":{"uv":[3.375,7.125,3,6.75],"texture":"#0"},"down":{"uv":[7.125,3,6.75,3.375],"texture":"#0"}}}],"textures":{"0":"minecraft:entity/animated/smaug"},"display":{"head":{"translation":[0,-6.4,0],"scale":[3.2,3.2,3.2],"rotation":[0,180,0]}},"texture_size":[2048,2048]}