{"elements":[{"from":[7.263101711737477,8,-14.676501032526971],"to":[31.171601711737367,8,9.323498967473029],"rotation":{"angle":0,"axis":"y","origin":[5.575317192409386,8.000000000000004,25.094035087888642]},"faces":{"up":{"uv":[1.875,4.71875,1.5,4.34375],"texture":"#0"},"down":{"uv":[2.25,4.34375,1.875,4.71875],"texture":"#0"}}},{"from":[7.272919157628394,8,7.073520385851424],"to":[31.181419157628284,8,31.073520385851424],"rotation":{"angle":0,"axis":"y","origin":[5.575317192409386,8.000000000000004,25.094035087888642]},"faces":{"up":{"uv":[4.7578125,0.375,4.3828125,0],"texture":"#0"},"down":{"uv":[4.7578125,0.375,4.3828125,0.75],"texture":"#0"}}},{"from":[-14.664599523957008,8,7.082083380322587],"to":[9.243900476042882,8,31.082083380322587],"rotation":{"angle":0,"axis":"y","origin":[5.575317192409386,8.000000000000004,25.094035087888642]},"faces":{"up":{"uv":[4.7578125,1.125,4.3828125,0.75],"texture":"#0"},"down":{"uv":[0.375,4.5,0,4.875],"texture":"#0"}}}],"textures":{"0":"minecraft:entity/animated/smaug"},"display":{"head":{"translation":[0,-6.4,0],"scale":[3.2,3.2,3.2],"rotation":[0,180,0]}},"texture_size":[2048,2048]}