{"elements":[{"from":[-14.862319774484604,8.000000000000002,6.69434474390053],"to":[9.046180225514945,8.000000000000002,30.69434474390019],"rotation":{"angle":0,"axis":"y","origin":[-102.69866199581804,8.000000000000005,40.16490374484076]},"faces":{"up":{"uv":[8.25,3.75,7.875,3.375],"texture":"#0"},"down":{"uv":[4.125,7.875,3.75,8.25],"texture":"#0"}}},{"from":[-14.69910848189943,8.000000000000002,-13.958358562324321],"to":[9.20939151810046,8.000000000000002,10.041641437675679],"rotation":{"angle":0,"axis":"y","origin":[-114.58617282675795,8.000000000000005,4.766663771219299]},"faces":{"up":{"uv":[8.25,4.125,7.875,3.75],"texture":"#0"},"down":{"uv":[4.5,7.875,4.125,8.25],"texture":"#0"}}},{"from":[6.742164997666521,8.000000000000002,-13.958228740407407],"to":[30.65066499766641,8.000000000000002,10.041771259592593],"rotation":{"angle":0,"axis":"y","origin":[-114.58617282675795,8.000000000000005,4.766663771219299]},"faces":{"up":{"uv":[8.25,4.5,7.875,4.125],"texture":"#0"},"down":{"uv":[4.875,7.875,4.5,8.25],"texture":"#0"}}}],"textures":{"0":"minecraft:entity/animated/smaug"},"display":{"head":{"translation":[0,-6.4,0],"scale":[3.2,3.2,3.2],"rotation":[0,180,0]}},"texture_size":[2048,2048]}