{"elements":[{"from":[7.097628866295111,7.9999999999999964,-14.899914088504886],"to":[31.006128866295086,7.9999999999999964,9.100085911495114],"rotation":{"angle":0,"axis":"y","origin":[19.012500000000387,8,6.125]},"faces":{"up":{"uv":[4.125,2.625,4.5,2.25],"texture":"#3"},"down":{"uv":[4.125,2.25,4.5,2.625],"texture":"#3"}}},{"from":[-14.839888625379928,7.9999999999999964,-14.891896507694156],"to":[9.068611374619252,7.9999999999999964,9.108103492305844],"rotation":{"angle":0,"axis":"y","origin":[19.012500000000387,8,6.125]},"faces":{"up":{"uv":[4.125,3,4.5,2.625],"texture":"#3"},"down":{"uv":[4.125,2.625,4.5,3],"texture":"#3"}}},{"from":[7.1073372294542025,7.9999999999999964,6.83760709189167],"to":[31.015837229453865,7.9999999999999964,30.83760709189164],"rotation":{"angle":0,"axis":"y","origin":[7.124989169059802,8,41.523239973621]},"faces":{"up":{"uv":[4.125,3.375,4.5,3],"texture":"#3"},"down":{"uv":[4.125,3,4.5,3.375],"texture":"#3"}}},{"from":[-14.830180262221205,7.9999999999999964,6.8456246727023995],"to":[9.078319737778344,7.9999999999999964,30.845624672702286],"rotation":{"angle":0,"axis":"y","origin":[7.124989169059802,8,41.523239973621]},"faces":{"up":{"uv":[4.125,3.75,4.5,3.375],"texture":"#3"},"down":{"uv":[4.125,3.375,4.5,3.75],"texture":"#3"}}}],"textures":{"3":"minecraft:entity/animated/smaug/smaug"},"display":{"head":{"translation":[0,-6.4,0],"scale":[3.2,3.2,3.2],"rotation":[0,180,0]}}}