{"elements":[{"from":[-14.979249999999695,8,6.4525000000001],"to":[8.929249999999968,8,28.272500000000093],"rotation":{"angle":0,"axis":"y","origin":[8.86474702694926,8.000000000000004,-44.374264905009056]},"faces":{"up":{"uv":[2.25,9.93359375,1.875,9.59375],"texture":"#0"},"down":{"uv":[10.0078125,0,9.6328125,0.33984375],"texture":"#0"}}},{"from":[6.9582674916758265,8,-14.751982419188948],"to":[30.866767491675006,8,9.248017580811052],"rotation":{"angle":0,"axis":"y","origin":[8.86474702694926,8.000000000000004,-44.374264905009056]},"faces":{"up":{"uv":[3.75,7.125,3.375,6.75],"texture":"#0"},"down":{"uv":[7.125,3.375,6.75,3.75],"texture":"#0"}}},{"from":[-14.979249999999695,8,-14.759999999999593],"to":[8.929249999999968,8,9.240000000000407],"rotation":{"angle":0,"axis":"y","origin":[8.86474702694926,8.000000000000004,-44.374264905009056]},"faces":{"up":{"uv":[4.125,7.125,3.75,6.75],"texture":"#0"},"down":{"uv":[7.125,3.75,6.75,4.125],"texture":"#0"}}}],"textures":{"0":"minecraft:entity/animated/smaug"},"display":{"head":{"translation":[0,-6.4,0],"scale":[3.2,3.2,3.2],"rotation":[0,180,0]}},"texture_size":[2048,2048]}