{"elements":[{"from":[6.725262336081755,7.9999999999999964,6.830799224220215],"to":[30.633762336081645,7.9999999999999964,30.830799224220925],"rotation":{"angle":0,"axis":"y","origin":[-88.6237480060405,8,29.517146292327823]},"faces":{"up":{"uv":[7.3828125,0.75,7.0078125,0.375],"texture":"#0"},"down":{"uv":[7.3828125,0.75,7.0078125,1.125],"texture":"#0"}}},{"from":[-14.32717345123342,7.9999999999999964,-14.831112806914064],"to":[9.58132654876647,7.9999999999999964,9.168887193085936],"rotation":{"angle":0,"axis":"y","origin":[-88.62374800604047,8,5.55464629232776]},"faces":{"up":{"uv":[0.375,7.5,0,7.125],"texture":"#0"},"down":{"uv":[0.75,7.125,0.375,7.5],"texture":"#0"}}},{"from":[-14.33726360395434,7.9999999999999964,6.818909206419249],"to":[9.571236396045549,7.9999999999999964,30.81890920641979],"rotation":{"angle":0,"axis":"y","origin":[-88.6237480060405,8,29.517146292327823]},"faces":{"up":{"uv":[1.125,7.5,0.75,7.125],"texture":"#0"},"down":{"uv":[7.5,1.5,7.125,1.875],"texture":"#0"}}}],"textures":{"0":"minecraft:entity/animated/smaug"},"display":{"head":{"translation":[0,-6.4,0],"scale":[3.2,3.2,3.2],"rotation":[0,180,0]}},"texture_size":[2048,2048]}