{"elements":[{"from":[6.999997575897197,7.999999999999998,6.701489333009988],"to":[30.744997575897486,7.999999999999998,30.701489333010187],"rotation":{"angle":0,"axis":"y","origin":[9.487500000000125,8,15.362499999999898]},"faces":{"up":{"uv":[1.125,8.5,1.4921875,8.125],"texture":"#3"},"down":{"uv":[1.125,8.125,1.4921875,8.5],"texture":"#3"}}},{"from":[7.075411085921047,7.999999999999998,-15.192703270246483],"to":[30.820411085921336,7.999999999999998,8.807296729753517],"rotation":{"angle":0,"axis":"y","origin":[9.487500000000125,8,4.362499999999898]},"faces":{"up":{"uv":[8.15625,0.75,8.5234375,0.375],"texture":"#3"},"down":{"uv":[8.15625,0.375,8.5234375,0.75],"texture":"#3"}}}],"textures":{"3":"minecraft:entity/animated/smaug/smaug"},"display":{"head":{"translation":[0,-6.4,0],"scale":[3.2,3.2,3.2],"rotation":[0,180,0]}}}