{"elements":[{"from":[-14.485512970018021,8,-4.005945008900596],"to":[9.422987029981869,8,19.994054991099404],"rotation":{"angle":0,"axis":"y","origin":[-88.76152542982067,8.000000000000004,21.092269230737486]},"faces":{"up":{"uv":[2.25,5.25,1.875,4.875],"texture":"#3"},"down":{"uv":[2.25,4.875,1.875,5.25],"texture":"#3"}}},{"from":[6.577012970018075,8,-3.9940549910994605],"to":[30.485512970017965,8,20.00594500890054],"rotation":{"angle":0,"axis":"y","origin":[-88.76152542982067,8.000000000000004,21.092269230737486]},"faces":{"up":{"uv":[5.25,2.625,4.875,2.25],"texture":"#3"},"down":{"uv":[5.25,2.25,4.875,2.625],"texture":"#3"}}}],"textures":{"3":"minecraft:entity/animated/smaug/smaug"},"display":{"head":{"translation":[0,-6.4,0],"scale":[3.2,3.2,3.2],"rotation":[0,180,0]}}}