{"elements":[{"from":[-14.786779479688676,7.9999999999999964,6.815815071721403],"to":[9.121720520311214,7.9999999999999964,30.8158150717218],"rotation":{"angle":0,"axis":"y","origin":[-46.03364680723416,8,30.009446106878414]},"faces":{"up":{"uv":[5.625,7.125,5.25,6.75],"texture":"#0"},"down":{"uv":[7.125,5.25,6.75,5.625],"texture":"#0"}}},{"from":[-14.776362078771513,7.9999999999999964,-14.759207655557873],"to":[9.132137921228377,7.9999999999999964,9.240792344442127],"rotation":{"angle":0,"axis":"y","origin":[-46.033646807234135,8,6.046946106878352]},"faces":{"up":{"uv":[6,7.125,5.625,6.75],"texture":"#0"},"down":{"uv":[7.125,5.625,6.75,6],"texture":"#0"}}},{"from":[7.1611566028138895,7.9999999999999964,-14.75064466108671],"to":[31.06965660281378,7.9999999999999964,9.24935533891329],"rotation":{"angle":0,"axis":"y","origin":[-46.033646807234135,8,6.046946106878352]},"faces":{"up":{"uv":[6.375,7.125,6,6.75],"texture":"#0"},"down":{"uv":[7.125,6,6.75,6.375],"texture":"#0"}}},{"from":[7.150739201896727,7.9999999999999964,6.8243780661925655],"to":[31.059239201896617,7.9999999999999964,30.824378066193134],"rotation":{"angle":0,"axis":"y","origin":[-46.03364680723416,8,30.009446106878414]},"faces":{"up":{"uv":[6.75,7.125,6.375,6.75],"texture":"#0"},"down":{"uv":[7.125,6.375,6.75,6.75],"texture":"#0"}}}],"textures":{"0":"minecraft:entity/animated/smaug"},"display":{"head":{"translation":[0,-6.4,0],"scale":[3.2,3.2,3.2],"rotation":[0,180,0]}},"texture_size":[2048,2048]}