{"elements":[{"from":[6.3914649188319395,8.100466557622251,8.236013619185488],"to":[8.772264918831942,8.100466557622251,22.571033619185485],"rotation":{"angle":0,"axis":"y","origin":[8,8,8]},"faces":{"down":{"uv":[2.8203125,11.25,2.78125,11.47265625],"texture":"#0"}}},{"from":[6.791466557622252,6.317903871686726,8.236013619185488],"to":[8.775466557622252,8.043983871686727,15.850233619185495],"rotation":{"angle":0,"axis":"y","origin":[8,-11.503281047145215,8]},"faces":{"south":{"uv":[0.90625,10.3984375,0.9375,10.42578125],"texture":"#0"},"west":{"uv":[10.609375,6.5703125,10.7265625,6.59765625],"texture":"#0"},"down":{"uv":[10.09375,8.0546875,10.0625,8.171875],"texture":"#0"}}},{"from":[8.772264918831944,5.7196665576222445,8.236013619185488],"to":[8.772264918831944,8.100466557622251,22.571033619185485],"rotation":{"angle":0,"axis":"y","origin":[8,8,8]},"faces":{"west":{"uv":[10.3671875,3.5,10.58984375,3.5390625],"texture":"#0"}}}],"textures":{"0":"minecraft:entity/animated/smaug"},"display":{"head":{"translation":[0,-6.4,0],"scale":[3.2,3.2,3.2],"rotation":[0,180,0]}},"texture_size":[2048,2048]}