{"elements":[{"from":[6.901985121003406,8.000000000000002,-14.710994080643218],"to":[30.810485121003296,8.000000000000002,9.289005919356782],"rotation":{"angle":0,"axis":"y","origin":[86.7278394934246,8.000000000000005,4.2541637712192255]},"faces":{"up":{"uv":[6,5.625,5.625,5.25],"texture":"#0"},"down":{"uv":[6,5.625,5.625,6],"texture":"#0"}}},{"from":[-15.138810684435498,8.000000000000002,-14.598007725582079],"to":[8.769689315564392,8.000000000000002,9.401992274417921],"rotation":{"angle":0,"axis":"y","origin":[86.7278394934246,8.000000000000005,4.2541637712192255]},"faces":{"up":{"uv":[6.046875,1.5,5.671875,1.125],"texture":"#0"},"down":{"uv":[1.5,5.84375,1.125,6.21875],"texture":"#0"}}},{"from":[-14.975599391849983,8.000000000000002,6.054695580642829],"to":[8.932900608149566,8.000000000000002,30.054695580642772],"rotation":{"angle":0,"axis":"y","origin":[74.8403286624847,8.000000000000005,39.65240374484068]},"faces":{"up":{"uv":[1.875,6.21875,1.5,5.84375],"texture":"#0"},"down":{"uv":[2.25,5.84375,1.875,6.21875],"texture":"#0"}}}],"textures":{"0":"minecraft:entity/animated/smaug"},"display":{"head":{"translation":[0,-6.4,0],"scale":[3.2,3.2,3.2],"rotation":[0,180,0]}},"texture_size":[2048,2048]}