{"elements":[{"from":[-15.101598774384144,7.999999999999998,6.673395464196204],"to":[8.643401225616174,7.999999999999998,30.673395464196204],"rotation":{"angle":0,"axis":"y","origin":[-1.22499999999998,8,26.10624999999996]},"faces":{"up":{"uv":[2.2421875,9,1.875,8.625],"texture":"#3"},"down":{"uv":[2.2421875,8.625,1.875,9],"texture":"#3"}}},{"from":[7.201185534231058,7.999999999999998,6.642917982687237],"to":[30.946185534231404,7.999999999999998,30.642917982687237],"rotation":{"angle":0,"axis":"y","origin":[22.337500000000006,8,26.10624999999996]},"faces":{"up":{"uv":[8.9921875,2.625,8.625,2.25],"texture":"#3"},"down":{"uv":[8.9921875,2.25,8.625,2.625],"texture":"#3"}}},{"from":[7.263278448382636,7.999999999999998,-15.250787685815197],"to":[31.00827844838298,7.999999999999998,8.749212314184803],"rotation":{"angle":0,"axis":"y","origin":[22.337500000000006,8,-10.650000000000006]},"faces":{"up":{"uv":[8.9921875,3,8.625,2.625],"texture":"#3"},"down":{"uv":[8.9921875,2.625,8.625,3],"texture":"#3"}}},{"from":[-15.039505860232566,7.999999999999998,-15.22031020430623],"to":[8.705494139767751,7.999999999999998,8.77968979569377],"rotation":{"angle":0,"axis":"y","origin":[-1.2249999999999517,8,-10.650000000000006]},"faces":{"up":{"uv":[8.9921875,3.375,8.625,3],"texture":"#3"},"down":{"uv":[8.9921875,3,8.625,3.375],"texture":"#3"}}}],"textures":{"3":"minecraft:entity/animated/smaug/smaug"},"display":{"head":{"translation":[0,-6.4,0],"scale":[3.2,3.2,3.2],"rotation":[0,180,0]}}}