{"elements":[{"from":[-15.101598774384144,7.999999999999998,6.673395464196204],"to":[8.643401225616174,7.999999999999998,30.673395464196204],"rotation":{"angle":0,"axis":"y","origin":[-1.22499999999998,8,26.10624999999996]},"faces":{"up":{"uv":[9.37109375,9.375,9,9],"texture":"#0"},"down":{"uv":[9.41796875,1.125,9.046875,1.5],"texture":"#0"}}},{"from":[7.201185534231058,7.999999999999998,6.642917982687237],"to":[30.946185534231418,7.999999999999998,30.642917982687237],"rotation":{"angle":0,"axis":"y","origin":[22.33750000000002,8,26.10624999999996]},"faces":{"up":{"uv":[1.49609375,9.59375,1.125,9.21875],"texture":"#0"},"down":{"uv":[1.87109375,9.21875,1.5,9.59375],"texture":"#0"}}},{"from":[7.263278448382636,7.999999999999998,-15.250787685815197],"to":[31.008278448382995,7.999999999999998,8.749212314184803],"rotation":{"angle":0,"axis":"y","origin":[22.33750000000002,8,-10.650000000000006]},"faces":{"up":{"uv":[2.24609375,9.59375,1.875,9.21875],"texture":"#0"},"down":{"uv":[9.62890625,0,9.2578125,0.375],"texture":"#0"}}},{"from":[-15.039505860232566,7.999999999999998,-15.22031020430623],"to":[8.705494139767751,7.999999999999998,8.77968979569377],"rotation":{"angle":0,"axis":"y","origin":[-1.2249999999999517,8,-10.650000000000006]},"faces":{"up":{"uv":[9.62890625,0.75,9.2578125,0.375],"texture":"#0"},"down":{"uv":[9.62890625,0.75,9.2578125,1.125],"texture":"#0"}}}],"textures":{"0":"minecraft:entity/animated/smaug"},"display":{"head":{"translation":[0,-6.4,0],"scale":[3.2,3.2,3.2],"rotation":[0,180,0]}},"texture_size":[2048,2048]}