{"elements":[{"from":[-14.7216710053481,7.9999999999999964,6.672430510612514],"to":[9.186828994651194,7.9999999999999964,30.672430510612514],"rotation":{"angle":0,"axis":"y","origin":[7.212499999999977,8,-1.737499999999784]},"faces":{"up":{"uv":[4.125,4.125,4.5,3.75],"texture":"#3"},"down":{"uv":[4.125,3.75,4.5,4.125],"texture":"#3"}}},{"from":[7.215846486327052,7.9999999999999964,6.66441292980187],"to":[31.124346486326715,7.9999999999999964,30.66441292980187],"rotation":{"angle":0,"axis":"y","origin":[7.212499999999977,8,-1.737499999999784]},"faces":{"up":{"uv":[4.21875,1.875,4.59375,1.5],"texture":"#3"},"down":{"uv":[4.21875,1.5,4.59375,1.875],"texture":"#3"}}},{"from":[7.2053200026774675,7.9999999999999964,-14.898110035459183],"to":[31.11382000267713,7.9999999999999964,9.101889964540817],"rotation":{"angle":0,"axis":"y","origin":[7.212499999999977,8,-1.737499999999784]},"faces":{"up":{"uv":[4.34375,0.375,4.71875,0],"texture":"#3"},"down":{"uv":[4.34375,0,4.71875,0.375],"texture":"#3"}}},{"from":[-14.73219748899757,7.9999999999999964,-14.890092454648538],"to":[9.176302511001609,7.9999999999999964,9.109907545351462],"rotation":{"angle":0,"axis":"y","origin":[7.212499999999977,8,-1.737499999999784]},"faces":{"up":{"uv":[1.125,4.75,1.5,4.375],"texture":"#3"},"down":{"uv":[1.125,4.375,1.5,4.75],"texture":"#3"}}}],"textures":{"3":"minecraft:entity/animated/smaug/smaug"},"display":{"head":{"translation":[0,-6.4,0],"scale":[3.2,3.2,3.2],"rotation":[0,180,0]}}}