{"elements":[{"from":[7.1638791223262785,7.999999999999998,6.961631619876414],"to":[30.908879122326596,7.999999999999998,30.961631619876414],"rotation":{"angle":0,"axis":"y","origin":[17.112500000000097,8,21.625000000000114]},"faces":{"up":{"uv":[1.49609375,8.84375,1.125,8.46875],"texture":"#0"},"down":{"uv":[1.87109375,8.46875,1.5,8.84375],"texture":"#0"}}},{"from":[-15.138905186288667,7.999999999999998,6.931154138367447],"to":[8.606094813711394,7.999999999999998,30.931154138367447],"rotation":{"angle":0,"axis":"y","origin":[-6.449999999999875,8,21.625000000000114]},"faces":{"up":{"uv":[2.24609375,8.84375,1.875,8.46875],"texture":"#0"},"down":{"uv":[8.87890625,0,8.5078125,0.375],"texture":"#0"}}},{"from":[-15.125614336097613,7.999999999999998,-14.963506525434752],"to":[8.619385663902449,7.999999999999998,9.036493474565248],"rotation":{"angle":0,"axis":"y","origin":[-6.449999999999875,8,33.125000000000114]},"faces":{"up":{"uv":[8.87890625,0.75,8.5078125,0.375],"texture":"#0"},"down":{"uv":[8.87890625,0.75,8.5078125,1.125],"texture":"#0"}}},{"from":[7.1771699725173335,7.999999999999998,-14.933029043925785],"to":[30.92216997251765,7.999999999999998,9.066970956074215],"rotation":{"angle":0,"axis":"y","origin":[17.112500000000097,8,33.125000000000114]},"faces":{"up":{"uv":[0.37109375,9,0,8.625],"texture":"#0"},"down":{"uv":[0.74609375,8.625,0.375,9],"texture":"#0"}}}],"textures":{"0":"minecraft:entity/animated/smaug"},"display":{"head":{"translation":[0,-6.4,0],"scale":[3.2,3.2,3.2],"rotation":[0,180,0]}},"texture_size":[2048,2048]}