{"elements":[{"from":[7.867444098337151,6.136479105095834,3.718042106011893],"to":[13.19944409833715,11.615729105095836,27.634542106011892],"rotation":{"angle":0,"axis":"y","origin":[8,8,8]},"faces":{"north":{"uv":[10.5859375,11.390625,10.66796875,11.4765625],"texture":"#0"},"east":{"uv":[10.875,6.5078125,11.25,6.59375],"texture":"#0"},"south":{"uv":[11.1953125,11.390625,11.27734375,11.4765625],"texture":"#0"},"west":{"uv":[10.8828125,1.609375,11.2578125,1.6953125],"texture":"#0"},"up":{"uv":[5.78515625,11.2734375,5.703125,10.8984375],"texture":"#0"},"down":{"uv":[5.03515625,10.90625,4.953125,11.28125],"texture":"#0"}}},{"from":[9.74294409833715,9.267479105095834,2.9430421060118874],"to":[9.74294409833715,16.986479105095828,22.829542106011907],"rotation":{"angle":0,"axis":"y","origin":[8,8,8]},"faces":{"east":{"uv":[0.53125,10.71875,0.84375,10.83984375],"texture":"#0"}}},{"from":[8.26973236074776,3.526083191617709,2.4315421060118894],"to":[8.26973236074776,10.741333191617718,26.367292106011888],"rotation":{"angle":-22.5,"axis":"z","origin":[8,8,8]},"faces":{"east":{"uv":[10.578125,5.2421875,10.953125,5.35546875],"texture":"#0"}}},{"from":[8.26973236074776,3.526083191617709,26.35654210601189],"to":[8.26973236074776,10.741333191617718,31.90479210601189],"rotation":{"angle":-22.5,"axis":"z","origin":[8,8,8]},"faces":{"east":{"uv":[4.4921875,11.34375,4.578125,11.45703125],"texture":"#0"}}}],"textures":{"0":"minecraft:entity/animated/smaug"},"display":{"head":{"translation":[0,-6.4,0],"scale":[3.2,3.2,3.2],"rotation":[0,180,0]}},"texture_size":[2048,2048]}