{"elements":[{"from":[5.674285648196076,8,-15.911567412004842],"to":[29.58278564819591,8,8.088432587995186],"rotation":{"angle":0,"axis":"y","origin":[-3.8624999999992724,8.000000000000004,-8.518750000000011]},"faces":{"up":{"uv":[7.5,3,7.125,2.625],"texture":"#0"},"down":{"uv":[3.375,7.125,3,7.5],"texture":"#0"}}},{"from":[-15.684881765751868,8,5.397711178535047],"to":[8.223618234247397,8,29.397711178535047],"rotation":{"angle":0,"axis":"y","origin":[-3.8624999999992156,8.000000000000004,15.293749999999989]},"faces":{"up":{"uv":[7.5,3.375,7.125,3],"texture":"#0"},"down":{"uv":[3.75,7.125,3.375,7.5],"texture":"#0"}}},{"from":[5.806153882443397,8,5.392393766530233],"to":[29.7146538824432,8,29.392393766530233],"rotation":{"angle":0,"axis":"y","origin":[-3.8624999999992156,8.000000000000004,15.293749999999989]},"faces":{"up":{"uv":[7.5,3.75,7.125,3.375],"texture":"#0"},"down":{"uv":[4.125,7.125,3.75,7.5],"texture":"#0"}}},{"from":[-15.816749999999189,8,-15.906250000000028],"to":[8.091750000000104,8,8.09375],"rotation":{"angle":0,"axis":"y","origin":[-3.8624999999992724,8.000000000000004,-8.518750000000011]},"faces":{"up":{"uv":[7.5,4.125,7.125,3.75],"texture":"#0"},"down":{"uv":[4.5,7.125,4.125,7.5],"texture":"#0"}}}],"textures":{"0":"minecraft:entity/animated/smaug"},"display":{"head":{"translation":[0,-6.4,0],"scale":[3.2,3.2,3.2],"rotation":[0,180,0]}},"texture_size":[2048,2048]}