{"elements":[{"from":[7.086375064409367,8.000000000000002,-14.578604839231787],"to":[30.994875064408973,8.000000000000002,9.421395160768213],"rotation":{"angle":0,"axis":"y","origin":[40.920542446046625,8.000000000000005,-2.308333967951768]},"faces":{"up":{"uv":[5.625,5.625,5.25,5.25],"texture":"#0"},"down":{"uv":[5.671875,1.125,5.296875,1.5],"texture":"#0"}}},{"from":[-14.850253218987518,8.000000000000002,-14.511070431937583],"to":[9.058246781012315,8.000000000000002,9.488929568062417],"rotation":{"angle":0,"axis":"y","origin":[40.920542446046625,8.000000000000005,-2.308333967951768]},"faces":{"up":{"uv":[1.5,5.84375,1.125,5.46875],"texture":"#0"},"down":{"uv":[1.875,5.46875,1.5,5.84375],"texture":"#0"}}},{"from":[-14.848008879841643,8.000000000000002,6.691667648487822],"to":[9.060491120158247,8.000000000000002,30.691667648487822],"rotation":{"angle":0,"axis":"y","origin":[40.92054244604657,8.000000000000005,21.691666032048175]},"faces":{"up":{"uv":[2.25,5.84375,1.875,5.46875],"texture":"#0"},"down":{"uv":[5.8828125,0,5.5078125,0.375],"texture":"#0"}}}],"textures":{"0":"minecraft:entity/animated/smaug"},"display":{"head":{"translation":[0,-6.4,0],"scale":[3.2,3.2,3.2],"rotation":[0,180,0]}},"texture_size":[2048,2048]}