{"elements":[{"from":[3.4430000000000023,4.06246992522277,6.384294753058889],"to":[12.556999999999999,9.967969925222764,6.384294753058889],"rotation":{"angle":0,"axis":"y","origin":[8,9.76056294518722,6.845371373595352]},"faces":{"south":{"uv":[3.21875,11.265625,3.359375,11.359375],"texture":"#0"}}}],"textures":{"0":"minecraft:entity/animated/smaug"},"display":{"head":{"translation":[0,-6.4,0],"scale":[3.2,3.2,3.2],"rotation":[0,180,0]}},"texture_size":[2048,2048]}