{"elements":[{"from":[-14.805123414789307,8,6.3147497293521155],"to":[9.103376585210526,8,30.314749729352116],"rotation":{"angle":0,"axis":"y","origin":[-90.14374999999876,8.000000000000004,16.03125]},"faces":{"up":{"uv":[7.5,6,7.125,5.625],"texture":"#0"},"down":{"uv":[6.375,7.125,6,7.5],"texture":"#0"}}},{"from":[7.123790752209004,8,6.441898892609771],"to":[31.032290752208837,8,30.44189889260977],"rotation":{"angle":0,"axis":"y","origin":[-90.14374999999876,8.000000000000004,16.03125]},"faces":{"up":{"uv":[7.5,6.375,7.125,6],"texture":"#0"},"down":{"uv":[6.75,7.125,6.375,7.5],"texture":"#0"}}},{"from":[6.9919225179617115,8,-14.862062285925106],"to":[30.900422517961545,8,9.137937714074724],"rotation":{"angle":0,"axis":"y","origin":[-90.14374999999882,8.000000000000004,-7.78125]},"faces":{"up":{"uv":[7.5,6.75,7.125,6.375],"texture":"#0"},"down":{"uv":[7.125,7.125,6.75,7.5],"texture":"#0"}}},{"from":[-14.9369916490366,8,-14.989211449182903],"to":[8.971508350963234,8,9.010788550817068],"rotation":{"angle":0,"axis":"y","origin":[-90.14374999999882,8.000000000000004,-7.78125]},"faces":{"up":{"uv":[7.5,7.125,7.125,6.75],"texture":"#0"},"down":{"uv":[7.5,7.125,7.125,7.5],"texture":"#0"}}}],"textures":{"0":"minecraft:entity/animated/smaug"},"display":{"head":{"translation":[0,-6.4,0],"scale":[3.2,3.2,3.2],"rotation":[0,180,0]}},"texture_size":[2048,2048]}