{"elements":[{"from":[7.872854288897885,5.810921394290107,8.252350902719549],"to":[7.872854288897885,8.76311339429011,26.77735570271957],"rotation":{"angle":0,"axis":"y","origin":[8,8,8]},"faces":{"east":{"uv":[10.0078125,0.296875,10.296875,0.34375],"texture":"#0"}}},{"from":[7.872854288897884,6.6227741942901,8.252350902719549],"to":[10.333014288897884,8.763113394290105,18.44356370271957],"rotation":{"angle":0,"axis":"y","origin":[8,8,8]},"faces":{"east":{"uv":[11.015625,10.6640625,11.17578125,10.69921875],"texture":"#0"},"south":{"uv":[10.0625,7.4296875,10.1015625,7.46484375],"texture":"#0"},"down":{"uv":[3.4296875,10.75,3.390625,10.91015625],"texture":"#0"}}},{"from":[7.872854288897884,8.763113394290105,8.252350902719549],"to":[10.825046288897887,8.763113394290105,26.77735570271957],"rotation":{"angle":0,"axis":"y","origin":[8,8,8]},"faces":{"down":{"uv":[8.8046875,9.75,8.7578125,10.0390625],"texture":"#0"}}}],"textures":{"0":"minecraft:entity/animated/smaug"},"display":{"head":{"translation":[0,-6.4,0],"scale":[3.2,3.2,3.2],"rotation":[0,180,0]}},"texture_size":[2048,2048]}