{"elements":[{"from":[-1.5692375269223788,8,-15.004241366375311],"to":[18.376762473077406,8,8.995758633624689],"rotation":{"angle":0,"axis":"y","origin":[0.8629999999999995,3.0874999999999986,6]},"faces":{"up":{"uv":[3.5,10.125,3.1875,9.75],"texture":"#0"},"down":{"uv":[3.8125,9.75,3.5,10.125],"texture":"#0"}}},{"from":[-1.5605240942233252,8,6.3561807678840125],"to":[18.38547590577646,8,30.356180767884013],"rotation":{"angle":0,"axis":"y","origin":[-0.7500000000000284,8,27.337500000000006]},"faces":{"up":{"uv":[4.125,10.125,3.8125,9.75],"texture":"#0"},"down":{"uv":[4.4375,9.75,4.125,10.125],"texture":"#0"}}}],"textures":{"0":"minecraft:entity/animated/smaug"},"display":{"head":{"translation":[0,-6.4,0],"scale":[3.2,3.2,3.2],"rotation":[0,180,0]}},"texture_size":[2048,2048]}