{"elements":[{"from":[-15.27701901141225,8,-15.070034053535437],"to":[8.467980988588067,8,6.225965946464328],"rotation":{"angle":0,"axis":"y","origin":[-1.4758337470522491,8.000000000000002,-6.531372120988152]},"faces":{"up":{"uv":[6.3359375,9.7109375,5.96875,9.375],"texture":"#3"},"down":{"uv":[6.3359375,9.375,5.96875,9.7109375],"texture":"#3"}}},{"from":[6.871253714209061,8,6.922545588580647],"to":[30.616253714209222,8,30.92254558858059],"rotation":{"angle":0,"axis":"y","origin":[13.586666252947737,8.000000000000002,21.431127879011285]},"faces":{"up":{"uv":[8.9921875,3.75,8.625,3.375],"texture":"#3"},"down":{"uv":[8.9921875,3.375,8.625,3.75],"texture":"#3"}}},{"from":[7.025765297202952,8,-15.100511535044404],"to":[30.770765297202985,8,8.899488464955368],"rotation":{"angle":0,"axis":"y","origin":[22.086666252947737,8.000000000000002,-6.531372120988152]},"faces":{"up":{"uv":[8.9921875,4.125,8.625,3.75],"texture":"#3"},"down":{"uv":[8.9921875,3.75,8.625,4.125],"texture":"#3"}}}],"textures":{"3":"minecraft:entity/animated/smaug/smaug"},"display":{"head":{"translation":[0,-6.4,0],"scale":[3.2,3.2,3.2],"rotation":[0,180,0]}}}