{"elements":[{"from":[6.878279479688786,7.9999999999999964,6.815815071721403],"to":[30.786779479688676,7.9999999999999964,30.8158150717218],"rotation":{"angle":0,"axis":"y","origin":[62.03364680723416,8,30.009446106878414]},"faces":{"up":{"uv":[0.75,4.875,0.375,4.5],"texture":"#0"},"down":{"uv":[1.125,4.5,0.75,4.875],"texture":"#0"}}},{"from":[6.867862078771623,7.9999999999999964,-14.759207655557873],"to":[30.776362078771513,7.9999999999999964,9.240792344442127],"rotation":{"angle":0,"axis":"y","origin":[62.033646807234135,8,6.046946106878352]},"faces":{"up":{"uv":[4.875,1.875,4.5,1.5],"texture":"#0"},"down":{"uv":[4.875,1.875,4.5,2.25],"texture":"#0"}}},{"from":[-15.06965660281378,7.9999999999999964,-14.75064466108671],"to":[8.83884339718611,7.9999999999999964,9.24935533891329],"rotation":{"angle":0,"axis":"y","origin":[62.033646807234135,8,6.046946106878352]},"faces":{"up":{"uv":[2.625,4.875,2.25,4.5],"texture":"#0"},"down":{"uv":[4.875,2.25,4.5,2.625],"texture":"#0"}}},{"from":[-15.059239201896617,7.9999999999999964,6.8243780661925655],"to":[8.849260798103273,7.9999999999999964,30.824378066193134],"rotation":{"angle":0,"axis":"y","origin":[62.03364680723416,8,30.009446106878414]},"faces":{"up":{"uv":[3,4.875,2.625,4.5],"texture":"#0"},"down":{"uv":[4.875,2.625,4.5,3],"texture":"#0"}}}],"textures":{"0":"minecraft:entity/animated/smaug"},"display":{"head":{"translation":[0,-6.4,0],"scale":[3.2,3.2,3.2],"rotation":[0,180,0]}},"texture_size":[2048,2048]}