{"elements":[{"from":[7.356598774383826,7.999999999999998,6.673395464196204],"to":[31.101598774384144,7.999999999999998,30.673395464196204],"rotation":{"angle":0,"axis":"y","origin":[17.22499999999998,8,26.10624999999996]},"faces":{"up":{"uv":[1.12109375,9,0.75,8.625],"texture":"#0"},"down":{"uv":[8.99609375,1.5,8.625,1.875],"texture":"#0"}}},{"from":[-14.946185534231418,7.999999999999998,6.642917982687237],"to":[8.798814465768942,7.999999999999998,30.642917982687237],"rotation":{"angle":0,"axis":"y","origin":[-6.33750000000002,8,26.10624999999996]},"faces":{"up":{"uv":[8.99609375,2.25,8.625,1.875],"texture":"#0"},"down":{"uv":[2.62109375,8.625,2.25,9],"texture":"#0"}}},{"from":[-15.008278448382995,7.999999999999998,-15.250787685815197],"to":[8.736721551617364,7.999999999999998,8.749212314184803],"rotation":{"angle":0,"axis":"y","origin":[-6.33750000000002,8,-10.650000000000006]},"faces":{"up":{"uv":[8.99609375,2.625,8.625,2.25],"texture":"#0"},"down":{"uv":[2.99609375,8.625,2.625,9],"texture":"#0"}}},{"from":[7.294505860232249,7.999999999999998,-15.22031020430623],"to":[31.039505860232566,7.999999999999998,8.77968979569377],"rotation":{"angle":0,"axis":"y","origin":[17.22499999999995,8,-10.650000000000006]},"faces":{"up":{"uv":[8.99609375,3,8.625,2.625],"texture":"#0"},"down":{"uv":[3.37109375,8.625,3,9],"texture":"#0"}}}],"textures":{"0":"minecraft:entity/animated/smaug"},"display":{"head":{"translation":[0,-6.4,0],"scale":[3.2,3.2,3.2],"rotation":[0,180,0]}},"texture_size":[2048,2048]}