{"elements":[{"from":[-14.989048432419054,8.000000000000002,6.666461178535087],"to":[8.919451567580438,8.000000000000002,30.666461178535087],"rotation":{"angle":0,"axis":"y","origin":[-220.61666666666486,8.000000000000005,16.212500000000034]},"faces":{"up":{"uv":[5.25,5.625,4.875,5.25],"texture":"#3"},"down":{"uv":[5.25,5.25,4.875,5.625],"texture":"#3"}}},{"from":[-15.120916666666346,8.000000000000002,-14.637499999999989],"to":[8.787583333333146,8.000000000000002,9.36250000000004],"rotation":{"angle":0,"axis":"y","origin":[-220.6166666666649,8.000000000000005,-7.599999999999966]},"faces":{"up":{"uv":[5.625,5.625,5.25,5.25],"texture":"#3"},"down":{"uv":[5.625,5.25,5.25,5.625],"texture":"#3"}}},{"from":[6.663262934342981,8.000000000000002,-14.646237917438214],"to":[30.571762934341677,8.000000000000002,9.353762082561872],"rotation":{"angle":0,"axis":"y","origin":[-220.6166666666649,8.000000000000005,-7.599999999999966]},"faces":{"up":{"uv":[5.71875,2.25,5.34375,1.875],"texture":"#3"},"down":{"uv":[5.71875,1.875,5.34375,2.25],"texture":"#3"}}}],"textures":{"3":"minecraft:entity/animated/smaug/smaug"},"display":{"head":{"translation":[0,-6.4,0],"scale":[3.2,3.2,3.2],"rotation":[0,180,0]}}}