{"elements":[{"from":[-14.944717834159576,8,6.49742817382446],"to":[8.963782165840257,8,30.49742817382446],"rotation":{"angle":0,"axis":"y","origin":[-46.549999999999045,8.000000000000004,16.33125000000001]},"faces":{"up":{"uv":[7.5,4.5,7.125,4.125],"texture":"#0"},"down":{"uv":[4.875,7.125,4.5,7.5],"texture":"#0"}}},{"from":[6.615962545524212,8,-14.802197804244116],"to":[30.524462545524045,8,9.197802195755912],"rotation":{"angle":0,"axis":"y","origin":[-46.5499999999991,8.000000000000004,-7.481249999999989]},"faces":{"up":{"uv":[7.5,4.875,7.125,4.5],"texture":"#0"},"down":{"uv":[5.25,7.125,4.875,7.5],"texture":"#0"}}},{"from":[-15.076586068406868,8,-14.8065330047108],"to":[8.831913931592965,8,9.193466995289413],"rotation":{"angle":0,"axis":"y","origin":[-46.5499999999991,8.000000000000004,-7.481249999999989]},"faces":{"up":{"uv":[7.5,5.25,7.125,4.875],"texture":"#0"},"down":{"uv":[5.625,7.125,5.25,7.5],"texture":"#0"}}},{"from":[6.747830779771505,8,6.5017633742909595],"to":[30.656330779771338,8,30.50176337429096],"rotation":{"angle":0,"axis":"y","origin":[-46.549999999999045,8.000000000000004,16.33125000000001]},"faces":{"up":{"uv":[7.5,5.625,7.125,5.25],"texture":"#0"},"down":{"uv":[6,7.125,5.625,7.5],"texture":"#0"}}}],"textures":{"0":"minecraft:entity/animated/smaug"},"display":{"head":{"translation":[0,-6.4,0],"scale":[3.2,3.2,3.2],"rotation":[0,180,0]}},"texture_size":[2048,2048]}