{"elements":[{"from":[-14.989048432419054,8.000000000000002,6.666461178535087],"to":[8.919451567580438,8.000000000000002,30.666461178535087],"rotation":{"angle":0,"axis":"y","origin":[-220.6166666666649,8.000000000000005,16.212500000000034]},"faces":{"up":{"uv":[3.375,7.875,3,7.5],"texture":"#0"},"down":{"uv":[7.875,3,7.5,3.375],"texture":"#0"}}},{"from":[-15.120916666666346,8.000000000000002,-14.637499999999989],"to":[8.787583333333146,8.000000000000002,9.36250000000004],"rotation":{"angle":0,"axis":"y","origin":[-220.61666666666497,8.000000000000005,-7.599999999999966]},"faces":{"up":{"uv":[3.75,7.875,3.375,7.5],"texture":"#0"},"down":{"uv":[7.875,3.375,7.5,3.75],"texture":"#0"}}},{"from":[6.663262934342981,8.000000000000002,-14.6462379174382],"to":[30.571762934341677,8.000000000000002,9.353762082561872],"rotation":{"angle":0,"axis":"y","origin":[-220.61666666666497,8.000000000000005,-7.599999999999966]},"faces":{"up":{"uv":[4.125,7.875,3.75,7.5],"texture":"#0"},"down":{"uv":[7.875,3.75,7.5,4.125],"texture":"#0"}}}],"textures":{"0":"minecraft:entity/animated/smaug"},"display":{"head":{"translation":[0,-6.4,0],"scale":[3.2,3.2,3.2],"rotation":[0,180,0]}},"texture_size":[2048,2048]}