{"elements":[{"from":[-15.006128866295086,7.9999999999999964,-14.899914088504886],"to":[8.90237113370489,7.9999999999999964,9.100085911495114],"rotation":{"angle":0,"axis":"y","origin":[-3.0125000000003865,8,6.125]},"faces":{"up":{"uv":[1.875,6.96875,1.5,6.59375],"texture":"#0"},"down":{"uv":[2.25,6.59375,1.875,6.96875],"texture":"#0"}}},{"from":[6.931388625380748,7.9999999999999964,-14.891896507694156],"to":[30.839888625379984,7.9999999999999964,9.108103492305844],"rotation":{"angle":0,"axis":"y","origin":[-3.0125000000003865,8,6.125]},"faces":{"up":{"uv":[7.0078125,0.375,6.6328125,0],"texture":"#0"},"down":{"uv":[7.0078125,0.375,6.6328125,0.75],"texture":"#0"}}},{"from":[-15.015837229453865,7.9999999999999964,6.83760709189167],"to":[8.892662770545797,7.9999999999999964,30.837607091892124],"rotation":{"angle":0,"axis":"y","origin":[8.875010830940198,8,41.523239973621486]},"faces":{"up":{"uv":[7.0078125,1.125,6.6328125,0.75],"texture":"#0"},"down":{"uv":[0.375,6.75,0,7.125],"texture":"#0"}}},{"from":[6.921680262221656,7.9999999999999964,6.8456246727023995],"to":[30.830180262221262,7.9999999999999964,30.84562467270277],"rotation":{"angle":0,"axis":"y","origin":[8.875010830940198,8,41.523239973621486]},"faces":{"up":{"uv":[0.75,7.125,0.375,6.75],"texture":"#0"},"down":{"uv":[1.125,6.75,0.75,7.125],"texture":"#0"}}}],"textures":{"0":"minecraft:entity/animated/smaug"},"display":{"head":{"translation":[0,-6.4,0],"scale":[3.2,3.2,3.2],"rotation":[0,180,0]}},"texture_size":[2048,2048]}