{"elements":[{"from":[6.794007018154531,7.999999999999998,6.700505613162477],"to":[30.53900701815482,7.999999999999998,30.700505613162477],"rotation":{"angle":0,"axis":"y","origin":[13.16250000000008,8,21.975000000000193]},"faces":{"up":{"uv":[6.75,8.625,7.1171875,8.25],"texture":"#3"},"down":{"uv":[6.75,8.25,7.1171875,8.625],"texture":"#3"}}},{"from":[-14.50738516053596,7.999999999999998,6.7324542451226534],"to":[9.237614839464328,7.999999999999998,30.732454245122653],"rotation":{"angle":0,"axis":"y","origin":[-10.524999999999977,8,21.975000000000193]},"faces":{"up":{"uv":[7.125,8.625,7.4921875,8.25],"texture":"#3"},"down":{"uv":[7.125,8.25,7.4921875,8.625],"texture":"#3"}}},{"from":[-14.54351665521179,7.999999999999998,-15.086354593791157],"to":[9.2014833447885,7.999999999999998,8.913645406208843],"rotation":{"angle":0,"axis":"y","origin":[-10.524999999999977,8,-2.0249999999998067]},"faces":{"up":{"uv":[7.5,8.625,7.8671875,8.25],"texture":"#3"},"down":{"uv":[7.5,8.25,7.8671875,8.625],"texture":"#3"}}},{"from":[6.7578755234787025,7.999999999999998,-15.118303225751333],"to":[30.50287552347899,7.999999999999998,8.881696774248667],"rotation":{"angle":0,"axis":"y","origin":[13.16250000000008,8,-2.0249999999998067]},"faces":{"up":{"uv":[7.875,8.625,8.2421875,8.25],"texture":"#3"},"down":{"uv":[7.875,8.25,8.2421875,8.625],"texture":"#3"}}}],"textures":{"3":"minecraft:entity/animated/smaug/smaug"},"display":{"head":{"translation":[0,-6.4,0],"scale":[3.2,3.2,3.2],"rotation":[0,180,0]}}}