{"elements":[{"from":[-3.8725000000001444,7.96875,-15.112500000000011],"to":[19.872500000000144,7.96875,8.887499999999989],"rotation":{"angle":0,"axis":"y","origin":[15.89011483946419,7.968750000000002,1.3800457548776421]},"faces":{"up":{"uv":[6.37109375,9.375,6,9],"texture":"#0"},"down":{"uv":[9.37109375,6,9,6.375],"texture":"#0"}}},{"from":[-3.8725000000001444,8.03125,7.112500000000068],"to":[19.872500000000144,8.03125,31.112500000000068],"rotation":{"angle":0,"axis":"y","origin":[15.89011483946419,7.84375,38.99254575487771]},"faces":{"up":{"uv":[6.74609375,9.375,6.375,9],"texture":"#0"},"down":{"uv":[9.37109375,6.375,9,6.75],"texture":"#0"}}}],"textures":{"0":"minecraft:entity/animated/smaug"},"display":{"head":{"translation":[0,-6.4,0],"scale":[3.2,3.2,3.2],"rotation":[0,180,0]}},"texture_size":[2048,2048]}