{"elements":[{"from":[-14.994875064408973,8.000000000000002,-14.578604839231787],"to":[8.913624935590633,8.000000000000002,9.421395160768213],"rotation":{"angle":0,"axis":"y","origin":[-24.920542446046625,8.000000000000005,-2.308333967951768]},"faces":{"up":{"uv":[4.875,7.875,4.5,7.5],"texture":"#0"},"down":{"uv":[7.875,4.5,7.5,4.875],"texture":"#0"}}},{"from":[6.941753218987685,8.000000000000002,-14.511070431937583],"to":[30.85025321898752,8.000000000000002,9.488929568062417],"rotation":{"angle":0,"axis":"y","origin":[-24.920542446046625,8.000000000000005,-2.308333967951768]},"faces":{"up":{"uv":[5.25,7.875,4.875,7.5],"texture":"#0"},"down":{"uv":[7.875,4.875,7.5,5.25],"texture":"#0"}}},{"from":[6.939508879841753,8.000000000000002,6.691667648487822],"to":[30.848008879841643,8.000000000000002,30.691667648487822],"rotation":{"angle":0,"axis":"y","origin":[-24.920542446046568,8.000000000000005,21.691666032048175]},"faces":{"up":{"uv":[5.625,7.875,5.25,7.5],"texture":"#0"},"down":{"uv":[7.875,5.25,7.5,5.625],"texture":"#0"}}}],"textures":{"0":"minecraft:entity/animated/smaug"},"display":{"head":{"translation":[0,-6.4,0],"scale":[3.2,3.2,3.2],"rotation":[0,180,0]}},"texture_size":[2048,2048]}