{"elements":[{"from":[6.901985121003406,8.000000000000002,-14.710994080643218],"to":[30.810485121003296,8.000000000000002,9.289005919356782],"rotation":{"angle":0,"axis":"y","origin":[86.72783949342454,8.000000000000005,4.2541637712192255]},"faces":{"up":{"uv":[5.71875,1.875,6.09375,1.5],"texture":"#3"},"down":{"uv":[5.71875,1.5,6.09375,1.875],"texture":"#3"}}},{"from":[-15.138810684435498,8.000000000000002,-14.598007725582079],"to":[8.769689315564392,8.000000000000002,9.401992274417921],"rotation":{"angle":0,"axis":"y","origin":[86.72783949342454,8.000000000000005,4.2541637712192255]},"faces":{"up":{"uv":[5.84375,0.375,6.21875,0],"texture":"#3"},"down":{"uv":[5.84375,0,6.21875,0.375],"texture":"#3"}}},{"from":[-14.975599391849983,8.000000000000002,6.054695580642829],"to":[8.932900608149566,8.000000000000002,30.05469558064229],"rotation":{"angle":0,"axis":"y","origin":[74.8403286624847,8.000000000000005,39.6524037448402]},"faces":{"up":{"uv":[1.125,6.25,1.5,5.875],"texture":"#3"},"down":{"uv":[1.125,5.875,1.5,6.25],"texture":"#3"}}}],"textures":{"3":"minecraft:entity/animated/smaug/smaug"},"display":{"head":{"translation":[0,-6.4,0],"scale":[3.2,3.2,3.2],"rotation":[0,180,0]}}}