{"elements":[{"from":[-14.683618773690227,7.999999999999998,6.986077097907923],"to":[9.061381226310061,7.999999999999998,30.986077097907952],"rotation":{"angle":0,"axis":"y","origin":[2.6624999999999375,8,17.637499999999903]},"faces":{"up":{"uv":[3.37109375,9.375,3,9],"texture":"#0"},"down":{"uv":[9.37109375,3,9,3.375],"texture":"#0"}}},{"from":[6.617773405000264,7.999999999999998,7.0180257298681],"to":[30.362773405000553,7.999999999999998,31.01802572986813],"rotation":{"angle":0,"axis":"y","origin":[26.349999999999994,8,17.637499999999903]},"faces":{"up":{"uv":[3.74609375,9.375,3.375,9],"texture":"#0"},"down":{"uv":[9.37109375,3.375,9,3.75],"texture":"#0"}}},{"from":[-14.529107190696465,7.999999999999998,-15.036980025717185],"to":[9.215892809303824,7.999999999999998,8.963019974282759],"rotation":{"angle":0,"axis":"y","origin":[2.6624999999999375,8,-6.325000000000074]},"faces":{"up":{"uv":[4.12109375,9.375,3.75,9],"texture":"#0"},"down":{"uv":[9.37109375,3.75,9,4.125],"texture":"#0"}}},{"from":[6.772284987994027,7.999999999999998,-15.005031393757179],"to":[30.517284987994316,7.999999999999998,8.994968606242935],"rotation":{"angle":0,"axis":"y","origin":[26.349999999999994,8,-6.325000000000074]},"faces":{"up":{"uv":[4.49609375,9.375,4.125,9],"texture":"#0"},"down":{"uv":[9.37109375,4.125,9,4.5],"texture":"#0"}}}],"textures":{"0":"minecraft:entity/animated/smaug"},"display":{"head":{"translation":[0,-6.4,0],"scale":[3.2,3.2,3.2],"rotation":[0,180,0]}},"texture_size":[2048,2048]}