{"elements":[{"from":[6.999997575897197,7.999999999999998,6.701489333009988],"to":[30.744997575897486,7.999999999999998,30.7014893330107],"rotation":{"angle":0,"axis":"y","origin":[9.487500000000125,8,15.362499999999898]},"faces":{"up":{"uv":[8.24609375,7.5,7.875,7.125],"texture":"#0"},"down":{"uv":[7.87109375,7.875,7.5,8.25],"texture":"#0"}}},{"from":[-14.640926972848689,7.999999999999998,-15.121047188165903],"to":[9.1040730271516,7.999999999999998,8.878952811834097],"rotation":{"angle":0,"axis":"y","origin":[-14.137499999999704,8,4.362499999999898]},"faces":{"up":{"uv":[8.24609375,7.875,7.875,7.5],"texture":"#0"},"down":{"uv":[8.24609375,7.875,7.875,8.25],"texture":"#0"}}},{"from":[7.075411085921047,7.999999999999998,-15.192703270246483],"to":[30.820411085921336,7.999999999999998,8.807296729753517],"rotation":{"angle":0,"axis":"y","origin":[9.487500000000125,8,4.362499999999898]},"faces":{"up":{"uv":[8.29296875,1.5,7.921875,1.125],"texture":"#0"},"down":{"uv":[1.49609375,8.09375,1.125,8.46875],"texture":"#0"}}}],"textures":{"0":"minecraft:entity/animated/smaug"},"display":{"head":{"translation":[0,-6.4,0],"scale":[3.2,3.2,3.2],"rotation":[0,180,0]}},"texture_size":[2048,2048]}