{"elements":[{"from":[7.097628866295111,7.9999999999999964,-14.899914088504886],"to":[31.006128866295086,7.9999999999999964,9.100085911495114],"rotation":{"angle":0,"axis":"y","origin":[19.012500000000387,8,6.125]},"faces":{"up":{"uv":[4.3828125,0.75,4.0078125,0.375],"texture":"#0"},"down":{"uv":[4.3828125,0.75,4.0078125,1.125],"texture":"#0"}}},{"from":[-14.839888625379984,7.9999999999999964,-14.891896507694156],"to":[9.068611374619252,7.9999999999999964,9.108103492305844],"rotation":{"angle":0,"axis":"y","origin":[19.012500000000387,8,6.125]},"faces":{"up":{"uv":[0.375,4.5,0,4.125],"texture":"#0"},"down":{"uv":[0.75,4.125,0.375,4.5],"texture":"#0"}}},{"from":[7.1073372294542025,7.9999999999999964,6.83760709189167],"to":[31.015837229453865,7.9999999999999964,30.837607091892124],"rotation":{"angle":0,"axis":"y","origin":[7.124989169059802,8,41.523239973621486]},"faces":{"up":{"uv":[1.125,4.5,0.75,4.125],"texture":"#0"},"down":{"uv":[4.5,1.5,4.125,1.875],"texture":"#0"}}},{"from":[-14.830180262221262,7.9999999999999964,6.8456246727023995],"to":[9.078319737778344,7.9999999999999964,30.84562467270277],"rotation":{"angle":0,"axis":"y","origin":[7.124989169059802,8,41.523239973621486]},"faces":{"up":{"uv":[4.5,2.25,4.125,1.875],"texture":"#0"},"down":{"uv":[2.625,4.125,2.25,4.5],"texture":"#0"}}}],"textures":{"0":"minecraft:entity/animated/smaug"},"display":{"head":{"translation":[0,-6.4,0],"scale":[3.2,3.2,3.2],"rotation":[0,180,0]}},"texture_size":[2048,2048]}