{"elements":[{"from":[6.725262336081755,7.9999999999999964,6.230799224220078],"to":[30.633762336081645,7.9999999999999964,30.230799224220306],"rotation":{"angle":0,"axis":"y","origin":[-88.62374800604044,8,29.51714629232734]},"faces":{"up":{"uv":[1.875,5.125,1.5,4.75],"texture":"#3"},"down":{"uv":[1.875,4.75,1.5,5.125],"texture":"#3"}}},{"from":[-14.32717345123342,7.9999999999999964,-14.831112806914064],"to":[9.58132654876647,7.9999999999999964,9.168887193085936],"rotation":{"angle":0,"axis":"y","origin":[-88.62374800604042,8,5.55464629232776]},"faces":{"up":{"uv":[5.15625,1.125,4.78125,0.75],"texture":"#3"},"down":{"uv":[5.15625,0.75,4.78125,1.125],"texture":"#3"}}},{"from":[-14.33726360395434,7.9999999999999964,6.818909206419249],"to":[9.571236396045549,7.9999999999999964,30.818909206419306],"rotation":{"angle":0,"axis":"y","origin":[-88.62374800604044,8,29.51714629232734]},"faces":{"up":{"uv":[0.375,5.21875,0,4.84375],"texture":"#3"},"down":{"uv":[0.375,4.84375,0,5.21875],"texture":"#3"}}}],"textures":{"3":"minecraft:entity/animated/smaug/smaug"},"display":{"head":{"translation":[0,-6.4,0],"scale":[3.2,3.2,3.2],"rotation":[0,180,0]}}}