{"elements":[{"from":[-15.171601711737367,8,-14.676501032526971],"to":[8.736898288262523,8,9.323498967473029],"rotation":{"angle":0,"axis":"y","origin":[10.424682807590614,8.000000000000004,25.094035087888642]},"faces":{"up":{"uv":[4.5,7.125,4.125,6.75],"texture":"#0"},"down":{"uv":[7.125,4.125,6.75,4.5],"texture":"#0"}}},{"from":[-15.181419157628284,8,7.073520385851424],"to":[8.727080842371606,8,31.073520385851424],"rotation":{"angle":0,"axis":"y","origin":[10.424682807590614,8.000000000000004,25.094035087888642]},"faces":{"up":{"uv":[4.875,7.125,4.5,6.75],"texture":"#0"},"down":{"uv":[7.125,4.5,6.75,4.875],"texture":"#0"}}},{"from":[6.756099523957118,8,7.082083380322587],"to":[30.66459952395701,8,31.082083380322587],"rotation":{"angle":0,"axis":"y","origin":[10.424682807590614,8.000000000000004,25.094035087888642]},"faces":{"up":{"uv":[5.25,7.125,4.875,6.75],"texture":"#0"},"down":{"uv":[7.125,4.875,6.75,5.25],"texture":"#0"}}}],"textures":{"0":"minecraft:entity/animated/smaug"},"display":{"head":{"translation":[0,-6.4,0],"scale":[3.2,3.2,3.2],"rotation":[0,180,0]}},"texture_size":[2048,2048]}