{"elements":[{"from":[6.752114344483488,7.9999999999999964,-15.00444172427052],"to":[30.660614344482667,7.9999999999999964,8.99555827572948],"rotation":{"angle":0,"axis":"y","origin":[-3.212500000000148,8,1.262500000000017]},"faces":{"up":{"uv":[6.75,5.625,6.375,5.25],"texture":"#0"},"down":{"uv":[6,6.375,5.625,6.75],"texture":"#0"}}},{"from":[6.742460522690948,7.9999999999999964,6.7830793371347795],"to":[30.650960522689957,7.9999999999999964,30.78307933713478],"rotation":{"angle":0,"axis":"y","origin":[-3.2125000000001194,8,25.26249999999996]},"faces":{"up":{"uv":[6.75,6,6.375,5.625],"texture":"#0"},"down":{"uv":[6.375,6.375,6,6.75],"texture":"#0"}}},{"from":[-15.195056968984886,7.9999999999999964,6.77506175632405],"to":[8.713443031015089,7.9999999999999964,30.77506175632405],"rotation":{"angle":0,"axis":"y","origin":[-3.2125000000001194,8,25.26249999999996]},"faces":{"up":{"uv":[6.75,6.375,6.375,6],"texture":"#0"},"down":{"uv":[6.75,6.375,6.375,6.75],"texture":"#0"}}},{"from":[-15.185403147192318,7.9999999999999964,-15.012459305081222],"to":[8.723096852807629,7.9999999999999964,8.987540694918778],"rotation":{"angle":0,"axis":"y","origin":[-3.212500000000148,8,1.262500000000017]},"faces":{"up":{"uv":[6.796875,1.5,6.421875,1.125],"texture":"#0"},"down":{"uv":[1.5,6.59375,1.125,6.96875],"texture":"#0"}}}],"textures":{"0":"minecraft:entity/animated/smaug"},"display":{"head":{"translation":[0,-6.4,0],"scale":[3.2,3.2,3.2],"rotation":[0,180,0]}},"texture_size":[2048,2048]}