{"elements":[{"from":[-14.695818171769645,7.999999999999998,6.744841061251037],"to":[9.049181828230644,7.999999999999998,30.744841061251037],"rotation":{"angle":0,"axis":"y","origin":[6.574999999999989,8,11.437499999999858]},"faces":{"up":{"uv":[8.99609375,5.625,8.625,5.25],"texture":"#0"},"down":{"uv":[5.99609375,8.625,5.625,9],"texture":"#0"}}},{"from":[7.020519887000091,7.999999999999998,6.816497143331588],"to":[30.76551988700038,7.999999999999998,30.81649714333159],"rotation":{"angle":0,"axis":"y","origin":[30.199999999999818,8,11.437499999999858]},"faces":{"up":{"uv":[8.99609375,6,8.625,5.625],"texture":"#0"},"down":{"uv":[6.37109375,8.625,6,9],"texture":"#0"}}},{"from":[7.038646624905908,7.999999999999998,-14.776561032485887],"to":[30.783646624906197,7.999999999999998,9.223438967514113],"rotation":{"angle":0,"axis":"y","origin":[30.199999999999818,8,-0.06250000000014211]},"faces":{"up":{"uv":[8.99609375,6.375,8.625,6],"texture":"#0"},"down":{"uv":[6.74609375,8.625,6.375,9],"texture":"#0"}}},{"from":[-14.677691433863828,7.999999999999998,-14.848217114566438],"to":[9.067308566136461,7.999999999999998,9.151782885433562],"rotation":{"angle":0,"axis":"y","origin":[6.574999999999989,8,-0.06250000000014211]},"faces":{"up":{"uv":[8.99609375,6.75,8.625,6.375],"texture":"#0"},"down":{"uv":[7.12109375,8.625,6.75,9],"texture":"#0"}}}],"textures":{"0":"minecraft:entity/animated/smaug"},"display":{"head":{"translation":[0,-6.4,0],"scale":[3.2,3.2,3.2],"rotation":[0,180,0]}},"texture_size":[2048,2048]}