{"elements":[{"from":[6.896623414789474,8,6.3147497293521155],"to":[30.805123414789307,8,30.314749729352116],"rotation":{"angle":0,"axis":"y","origin":[106.14374999999876,8.000000000000004,16.03125]},"faces":{"up":{"uv":[5.25,4.5,4.875,4.125],"texture":"#0"},"down":{"uv":[4.875,4.875,4.5,5.25],"texture":"#0"}}},{"from":[-15.032290752208837,8,6.441898892609771],"to":[8.876209247790996,8,30.44189889260977],"rotation":{"angle":0,"axis":"y","origin":[106.14374999999876,8.000000000000004,16.03125]},"faces":{"up":{"uv":[5.25,4.875,4.875,4.5],"texture":"#0"},"down":{"uv":[5.25,4.875,4.875,5.25],"texture":"#0"}}},{"from":[-14.900422517961545,8,-14.862062285925106],"to":[9.008077482038289,8,9.137937714074724],"rotation":{"angle":0,"axis":"y","origin":[106.14374999999882,8.000000000000004,-7.78125]},"faces":{"up":{"uv":[5.296875,1.5,4.921875,1.125],"texture":"#0"},"down":{"uv":[1.5,5.09375,1.125,5.46875],"texture":"#0"}}},{"from":[7.028491649036766,8,-14.989211449182903],"to":[30.9369916490366,8,9.010788550817068],"rotation":{"angle":0,"axis":"y","origin":[106.14374999999882,8.000000000000004,-7.78125]},"faces":{"up":{"uv":[1.875,5.46875,1.5,5.09375],"texture":"#0"},"down":{"uv":[2.25,5.09375,1.875,5.46875],"texture":"#0"}}}],"textures":{"0":"minecraft:entity/animated/smaug"},"display":{"head":{"translation":[0,-6.4,0],"scale":[3.2,3.2,3.2],"rotation":[0,180,0]}},"texture_size":[2048,2048]}