{"elements":[{"from":[-15.067538093212818,8.000000000000002,6.555265429818746],"to":[8.840961906787072,8.000000000000002,30.555265429818746],"rotation":{"angle":0,"axis":"y","origin":[-156.07054244604677,8.000000000000005,21.21666603204784]},"faces":{"up":{"uv":[8.1328125,0.75,7.7578125,0.375],"texture":"#0"},"down":{"uv":[8.1328125,0.75,7.7578125,1.125],"texture":"#0"}}},{"from":[-15.065293754066886,8.000000000000002,-14.647472650606659],"to":[8.843206245932947,8.000000000000002,9.352527349393341],"rotation":{"angle":0,"axis":"y","origin":[-156.07054244604683,8.000000000000005,-2.783333967952103]},"faces":{"up":{"uv":[0.375,8.25,0,7.875],"texture":"#0"},"down":{"uv":[0.75,7.875,0.375,8.25],"texture":"#0"}}},{"from":[6.801779197125313,8.000000000000002,-14.654031917983247],"to":[30.710279197125146,8.000000000000002,9.345968082016753],"rotation":{"angle":0,"axis":"y","origin":[-156.07054244604683,8.000000000000005,-2.783333967952103]},"faces":{"up":{"uv":[1.125,8.25,0.75,7.875],"texture":"#0"},"down":{"uv":[8.25,1.5,7.875,1.875],"texture":"#0"}}}],"textures":{"0":"minecraft:entity/animated/smaug"},"display":{"head":{"translation":[0,-6.4,0],"scale":[3.2,3.2,3.2],"rotation":[0,180,0]}},"texture_size":[2048,2048]}