{"elements":[{"from":[-14.908879122326596,7.999999999999998,6.961631619876414],"to":[8.836120877673721,7.999999999999998,30.961631619876414],"rotation":{"angle":0,"axis":"y","origin":[-1.1125000000000966,8,21.625000000000114]},"faces":{"up":{"uv":[7.87109375,9.375,7.5,9],"texture":"#0"},"down":{"uv":[9.37109375,7.5,9,7.875],"texture":"#0"}}},{"from":[7.393905186288606,7.999999999999998,6.931154138367447],"to":[31.138905186288667,7.999999999999998,30.931154138367447],"rotation":{"angle":0,"axis":"y","origin":[22.449999999999875,8,21.625000000000114]},"faces":{"up":{"uv":[8.24609375,9.375,7.875,9],"texture":"#0"},"down":{"uv":[9.37109375,7.875,9,8.25],"texture":"#0"}}},{"from":[7.380614336097551,7.999999999999998,-14.963506525434752],"to":[31.125614336097613,7.999999999999998,9.036493474565248],"rotation":{"angle":0,"axis":"y","origin":[22.449999999999875,8,33.125000000000114]},"faces":{"up":{"uv":[8.62109375,9.375,8.25,9],"texture":"#0"},"down":{"uv":[9.37109375,8.25,9,8.625],"texture":"#0"}}},{"from":[-14.92216997251765,7.999999999999998,-14.933029043925785],"to":[8.822830027482667,7.999999999999998,9.066970956074215],"rotation":{"angle":0,"axis":"y","origin":[-1.1125000000000966,8,33.125000000000114]},"faces":{"up":{"uv":[8.99609375,9.375,8.625,9],"texture":"#0"},"down":{"uv":[9.37109375,8.625,9,9],"texture":"#0"}}}],"textures":{"0":"minecraft:entity/animated/smaug"},"display":{"head":{"translation":[0,-6.4,0],"scale":[3.2,3.2,3.2],"rotation":[0,180,0]}},"texture_size":[2048,2048]}