{"elements":[{"from":[6.5770129700181315,8,-4.005945008900596],"to":[30.48551297001802,8,19.994054991099404],"rotation":{"angle":0,"axis":"y","origin":[104.76152542982072,8.000000000000004,21.092269230737486]},"faces":{"up":{"uv":[2.25,5.09375,1.875,4.71875],"texture":"#0"},"down":{"uv":[5.1328125,0,4.7578125,0.375],"texture":"#0"}}},{"from":[-14.485512970017965,8,-3.9940549910994605],"to":[9.422987029981925,8,20.00594500890054],"rotation":{"angle":0,"axis":"y","origin":[104.76152542982072,8.000000000000004,21.092269230737486]},"faces":{"up":{"uv":[5.1328125,0.75,4.7578125,0.375],"texture":"#0"},"down":{"uv":[5.1328125,0.75,4.7578125,1.125],"texture":"#0"}}}],"textures":{"0":"minecraft:entity/animated/smaug"},"display":{"head":{"translation":[0,-6.4,0],"scale":[3.2,3.2,3.2],"rotation":[0,180,0]}},"texture_size":[2048,2048]}