{"elements":[{"from":[-2.0732901782773183,7.912500000000001,6.867577965914279],"to":[17.872709821722466,7.912500000000001,30.86757796591428],"rotation":{"angle":0,"axis":"y","origin":[7.946420002409425,7.912500000000001,19.125888649046402]},"faces":{"up":{"uv":[9.78125,2.25,9.46875,1.875],"texture":"#3"},"down":{"uv":[9.78125,1.875,9.46875,2.25],"texture":"#3"}}},{"from":[-2.0461134913383603,7.912500000000001,-15.11821102139649],"to":[17.899886508661425,7.912500000000001,8.88178897860351],"rotation":{"angle":0,"axis":"y","origin":[7.973596689348412,7.912500000000001,-2.8599003382643673]},"faces":{"up":{"uv":[9.90625,9.75,9.59375,9.375],"texture":"#3"},"down":{"uv":[9.90625,9.375,9.59375,9.75],"texture":"#3"}}}],"textures":{"3":"minecraft:entity/animated/smaug/smaug"},"display":{"head":{"translation":[0,-6.4,0],"scale":[3.2,3.2,3.2],"rotation":[0,180,0]}}}