{"elements":[{"from":[-3.8725000000001586,8,-14.756249999999937],"to":[19.87250000000016,8,9.243750000000063],"rotation":{"angle":0,"axis":"y","origin":[7.815634214815049,8.000000000000002,3.100483027657475]},"faces":{"up":{"uv":[9.74609375,2.25,9.375,1.875],"texture":"#0"},"down":{"uv":[2.62109375,9.375,2.25,9.75],"texture":"#0"}}},{"from":[-3.8725000000001586,8,6.756249999999966],"to":[19.87250000000016,8,30.756249999999966],"rotation":{"angle":0,"axis":"y","origin":[7.815634214815077,8.000000000000002,26.88798302765747]},"faces":{"up":{"uv":[9.74609375,2.625,9.375,2.25],"texture":"#0"},"down":{"uv":[2.99609375,9.375,2.625,9.75],"texture":"#0"}}}],"textures":{"0":"minecraft:entity/animated/smaug"},"display":{"head":{"translation":[0,-6.4,0],"scale":[3.2,3.2,3.2],"rotation":[0,180,0]}},"texture_size":[2048,2048]}