{"elements":[{"from":[-3.954249999999888,7.999999999999986,-14.999999999999943],"to":[19.954249999999945,7.999999999999986,9.000000000000057],"rotation":{"angle":0,"axis":"y","origin":[-35.70909427896515,7.999999999999989,-2.801598736480628]},"faces":{"up":{"uv":[13.453125,3.59375,13.078125,3.21875],"texture":"#3"},"down":{"uv":[13.453125,3.21875,13.078125,3.59375],"texture":"#3"}}},{"from":[-3.954249999999888,7.999999999999986,7.000000000000057],"to":[19.954249999999945,7.999999999999986,31.000000000000057],"rotation":{"angle":0,"axis":"y","origin":[-35.70909427896515,7.999999999999989,-2.801598736480628]},"faces":{"up":{"uv":[12.78125,6.4296875,12.40625,6.0546875],"texture":"#3"},"down":{"uv":[12.78125,6.0546875,12.40625,6.4296875],"texture":"#3"}}}],"textures":{"3":"minecraft:entity/animated/smaug/smaug"},"display":{"head":{"translation":[0,-6.4,0],"scale":[3.2,3.2,3.2],"rotation":[0,180,0]}}}