{"elements":[{"from":[6.938618773689939,7.999999999999998,6.986077097907923],"to":[30.683618773690227,7.999999999999998,30.986077097907867],"rotation":{"angle":0,"axis":"y","origin":[13.337500000000063,8,17.637499999999818]},"faces":{"up":{"uv":[5.25,8.625,5.6171875,8.25],"texture":"#3"},"down":{"uv":[5.25,8.25,5.6171875,8.625],"texture":"#3"}}},{"from":[-14.362773405000553,7.999999999999998,7.0180257298681],"to":[9.382226594999736,7.999999999999998,31.018025729868043],"rotation":{"angle":0,"axis":"y","origin":[-10.349999999999994,8,17.637499999999818]},"faces":{"up":{"uv":[5.625,8.625,5.9921875,8.25],"texture":"#3"},"down":{"uv":[5.625,8.25,5.9921875,8.625],"texture":"#3"}}},{"from":[6.784107190696176,7.999999999999998,-15.03698002571673],"to":[30.529107190696465,7.999999999999998,8.963019974282702],"rotation":{"angle":0,"axis":"y","origin":[13.337500000000063,8,-6.324999999999619]},"faces":{"up":{"uv":[6,8.625,6.3671875,8.25],"texture":"#3"},"down":{"uv":[6,8.25,6.3671875,8.625],"texture":"#3"}}},{"from":[-14.517284987994316,7.999999999999998,-15.005031393756724],"to":[9.227715012005973,7.999999999999998,8.994968606242878],"rotation":{"angle":0,"axis":"y","origin":[-10.349999999999994,8,-6.324999999999619]},"faces":{"up":{"uv":[6.375,8.625,6.7421875,8.25],"texture":"#3"},"down":{"uv":[6.375,8.25,6.7421875,8.625],"texture":"#3"}}}],"textures":{"3":"minecraft:entity/animated/smaug/smaug"},"display":{"head":{"translation":[0,-6.4,0],"scale":[3.2,3.2,3.2],"rotation":[0,180,0]}}}