{"elements":[{"from":[-14.633762336081645,7.9999999999999964,6.830799224220215],"to":[9.274737663918245,7.9999999999999964,30.830799224220925],"rotation":{"angle":0,"axis":"y","origin":[104.6237480060405,8,29.517146292327823]},"faces":{"up":{"uv":[4.5,4.875,4.125,4.5],"texture":"#0"},"down":{"uv":[4.875,4.125,4.5,4.5],"texture":"#0"}}},{"from":[6.418673451233531,7.9999999999999964,-14.831112806914064],"to":[30.32717345123342,7.9999999999999964,9.168887193085936],"rotation":{"angle":0,"axis":"y","origin":[104.62374800604047,8,5.55464629232776]},"faces":{"up":{"uv":[4.875,4.875,4.5,4.5],"texture":"#0"},"down":{"uv":[4.921875,1.125,4.546875,1.5],"texture":"#0"}}},{"from":[6.428763603954451,7.9999999999999964,6.818909206419249],"to":[30.33726360395434,7.9999999999999964,30.81890920641979],"rotation":{"angle":0,"axis":"y","origin":[104.6237480060405,8,29.517146292327823]},"faces":{"up":{"uv":[1.5,5.09375,1.125,4.71875],"texture":"#0"},"down":{"uv":[1.875,4.71875,1.5,5.09375],"texture":"#0"}}}],"textures":{"0":"minecraft:entity/animated/smaug"},"display":{"head":{"translation":[0,-6.4,0],"scale":[3.2,3.2,3.2],"rotation":[0,180,0]}},"texture_size":[2048,2048]}