{"elements":[{"from":[7.532019011411933,8,-15.070034053535949],"to":[31.27701901141225,8,6.2259659464642425],"rotation":{"angle":0,"axis":"y","origin":[17.47583374705225,8.000000000000002,-6.531372120988664]},"faces":{"up":{"uv":[10.09765625,9.28515625,9.7265625,8.953125],"texture":"#0"},"down":{"uv":[10.11328125,2.625,9.7421875,2.95703125],"texture":"#0"}}},{"from":[-14.616253714209236,8,6.92254558858059],"to":[9.128746285790939,8,30.92254558858062],"rotation":{"angle":0,"axis":"y","origin":[2.4133337470522775,8.000000000000002,21.431127879011314]},"faces":{"up":{"uv":[8.99609375,3.375,8.625,3],"texture":"#0"},"down":{"uv":[3.74609375,8.625,3.375,9],"texture":"#0"}}},{"from":[-14.770765297202999,8,-15.100511535044916],"to":[8.974234702797048,8,8.899488464955425],"rotation":{"angle":0,"axis":"y","origin":[-6.086666252947751,8.000000000000002,-6.531372120988664]},"faces":{"up":{"uv":[8.99609375,3.75,8.625,3.375],"texture":"#0"},"down":{"uv":[4.12109375,8.625,3.75,9],"texture":"#0"}}}],"textures":{"0":"minecraft:entity/animated/smaug"},"display":{"head":{"translation":[0,-6.4,0],"scale":[3.2,3.2,3.2],"rotation":[0,180,0]}},"texture_size":[2048,2048]}