{"elements":[{"from":[-2.376762473077406,8,-15.004241366375311],"to":[17.56923752692238,8,8.995758633624689],"rotation":{"angle":0,"axis":"y","origin":[15.137,3.0874999999999986,6]},"faces":{"up":{"uv":[6.625,10.125,6.3125,9.75],"texture":"#0"},"down":{"uv":[6.9375,9.75,6.625,10.125],"texture":"#0"}}},{"from":[-2.3854759057764596,8,6.3561807678840125],"to":[17.560524094223325,8,30.356180767884013],"rotation":{"angle":0,"axis":"y","origin":[16.75000000000003,8,27.337500000000006]},"faces":{"up":{"uv":[7.25,10.125,6.9375,9.75],"texture":"#0"},"down":{"uv":[7.5625,9.75,7.25,10.125],"texture":"#0"}}}],"textures":{"0":"minecraft:entity/animated/smaug"},"display":{"head":{"translation":[0,-6.4,0],"scale":[3.2,3.2,3.2],"rotation":[0,180,0]}},"texture_size":[2048,2048]}