{"elements":[{"from":[6.8530000000000015,8.011979105095836,5.428160494700709],"to":[9.302000000000003,8.011979105095836,8.233660494700715],"rotation":{"angle":0,"axis":"y","origin":[8,5.1324999999999985,17.726250000000007]},"faces":{"down":{"uv":[7.8125,10.5390625,7.7734375,10.58203125],"texture":"#0"}}}],"textures":{"0":"minecraft:entity/animated/smaug"},"display":{"head":{"translation":[0,-6.4,0],"scale":[3.2,3.2,3.2],"rotation":[0,180,0]}},"texture_size":[2048,2048]}