{"elements":[{"from":[6.950818171769356,7.999999999999998,6.744841061251037],"to":[30.695818171769645,7.999999999999998,30.744841061251037],"rotation":{"angle":0,"axis":"y","origin":[9.425000000000011,8,11.437499999999858]},"faces":{"up":{"uv":[8.24609375,6,7.875,5.625],"texture":"#0"},"down":{"uv":[6.37109375,7.875,6,8.25],"texture":"#0"}}},{"from":[-14.76551988700038,7.999999999999998,6.816497143331588],"to":[8.979480112999909,7.999999999999998,30.81649714333159],"rotation":{"angle":0,"axis":"y","origin":[-14.199999999999818,8,11.437499999999858]},"faces":{"up":{"uv":[8.24609375,6.375,7.875,6],"texture":"#0"},"down":{"uv":[6.74609375,7.875,6.375,8.25],"texture":"#0"}}},{"from":[-14.783646624906197,7.999999999999998,-14.776561032485887],"to":[8.961353375094092,7.999999999999998,9.223438967514113],"rotation":{"angle":0,"axis":"y","origin":[-14.199999999999818,8,-0.06250000000014211]},"faces":{"up":{"uv":[8.24609375,6.75,7.875,6.375],"texture":"#0"},"down":{"uv":[7.12109375,7.875,6.75,8.25],"texture":"#0"}}},{"from":[6.932691433863539,7.999999999999998,-14.848217114566438],"to":[30.677691433863828,7.999999999999998,9.151782885433562],"rotation":{"angle":0,"axis":"y","origin":[9.425000000000011,8,-0.06250000000014211]},"faces":{"up":{"uv":[8.24609375,7.125,7.875,6.75],"texture":"#0"},"down":{"uv":[7.49609375,7.875,7.125,8.25],"texture":"#0"}}}],"textures":{"0":"minecraft:entity/animated/smaug"},"display":{"head":{"translation":[0,-6.4,0],"scale":[3.2,3.2,3.2],"rotation":[0,180,0]}},"texture_size":[2048,2048]}