{"elements":[{"from":[-14.88936235702863,7.9999999999999964,-15.046706564118267],"to":[9.019137642971259,7.9999999999999964,8.953293435881733],"rotation":{"angle":0,"axis":"y","origin":[-46.12575774229066,8,10.546901624768395]},"faces":{"up":{"uv":[7.125,7.125,6.75,6.75],"texture":"#0"},"down":{"uv":[7.171875,1.125,6.796875,1.5],"texture":"#0"}}},{"from":[-14.899888840678102,7.9999999999999964,6.515816401142786],"to":[9.008611159321788,7.9999999999999964,30.515816401142786],"rotation":{"angle":0,"axis":"y","origin":[-46.12575774229063,8,34.52190162476842]},"faces":{"up":{"uv":[1.5,7.34375,1.125,6.96875],"texture":"#0"},"down":{"uv":[1.875,6.96875,1.5,7.34375],"texture":"#0"}}},{"from":[7.048156324556771,7.9999999999999964,-15.038143569646934],"to":[30.95665632455666,7.9999999999999964,8.961856430353066],"rotation":{"angle":0,"axis":"y","origin":[-46.12575774229066,8,10.546901624768395]},"faces":{"up":{"uv":[2.25,7.34375,1.875,6.96875],"texture":"#0"},"down":{"uv":[7.3828125,0,7.0078125,0.375],"texture":"#0"}}}],"textures":{"0":"minecraft:entity/animated/smaug"},"display":{"head":{"translation":[0,-6.4,0],"scale":[3.2,3.2,3.2],"rotation":[0,180,0]}},"texture_size":[2048,2048]}