{"elements":[{"from":[-3.8696283748945177,7.975,6.585309838170133],"to":[19.87537162510577,7.975,30.58530983817019],"rotation":{"angle":0,"axis":"y","origin":[17.536637533785353,7.612500000000001,19.62764370519369]},"faces":{"up":{"uv":[8.99609375,8.25,8.625,7.875],"texture":"#0"},"down":{"uv":[8.62109375,8.625,8.25,9],"texture":"#0"}}},{"from":[-3.875371625105771,8.025000000000002,-14.585309838170133],"to":[19.869628374894518,8.025000000000002,9.414690161829924],"rotation":{"angle":0,"axis":"y","origin":[17.536637533785353,7.612500000000001,-3.98485629480615]},"faces":{"up":{"uv":[8.99609375,8.625,8.625,8.25],"texture":"#0"},"down":{"uv":[8.99609375,8.625,8.625,9],"texture":"#0"}}}],"textures":{"0":"minecraft:entity/animated/smaug"},"display":{"head":{"translation":[0,-6.4,0],"scale":[3.2,3.2,3.2],"rotation":[0,180,0]}},"texture_size":[2048,2048]}