{"elements":[{"from":[7.381400479544524,7.850000000000001,-14.675682016755019],"to":[31.327400479544508,7.850000000000001,9.324317983244981],"rotation":{"angle":0,"axis":"y","origin":[9.875,2.9375,17.024999999999977]},"faces":{"up":{"uv":[0.375,6.75,0,6.375],"texture":"#0"},"down":{"uv":[0.75,6.375,0.375,6.75],"texture":"#0"}}},{"from":[7.372687046845485,7.850000000000001,6.684740117504305],"to":[31.31868704684547,7.850000000000001,30.684740117504305],"rotation":{"angle":0,"axis":"y","origin":[10.487999999999985,7.850000000000001,17.362499999999983]},"faces":{"up":{"uv":[1.125,6.75,0.75,6.375],"texture":"#0"},"down":{"uv":[6.75,1.5,6.375,1.875],"texture":"#0"}}},{"from":[-14.568976858302833,7.850000000000001,6.629559081677314],"to":[9.377023141697151,7.850000000000001,30.629559081677314],"rotation":{"angle":0,"axis":"y","origin":[9.125499999999988,7.850000000000001,16.362499999999983]},"faces":{"up":{"uv":[6.75,2.25,6.375,1.875],"texture":"#0"},"down":{"uv":[2.625,6.375,2.25,6.75],"texture":"#0"}}},{"from":[-14.560263425603793,7.850000000000001,-14.73086305258201],"to":[9.38573657439619,7.850000000000001,9.26913694741799],"rotation":{"angle":0,"axis":"y","origin":[-3.987499999999997,2.9375,6.524999999999977]},"faces":{"up":{"uv":[6.75,2.625,6.375,2.25],"texture":"#0"},"down":{"uv":[3,6.375,2.625,6.75],"texture":"#0"}}}],"textures":{"0":"minecraft:entity/animated/smaug"},"display":{"head":{"translation":[0,-6.4,0],"scale":[3.2,3.2,3.2],"rotation":[0,180,0]}},"texture_size":[2048,2048]}