{"elements":[{"from":[-14.744997575897486,7.999999999999998,6.701489333009988],"to":[9.000002424102803,7.999999999999998,30.7014893330107],"rotation":{"angle":0,"axis":"y","origin":[6.512499999999875,8,15.362499999999898]},"faces":{"up":{"uv":[8.99609375,7.125,8.625,6.75],"texture":"#0"},"down":{"uv":[7.49609375,8.625,7.125,9],"texture":"#0"}}},{"from":[6.8959269728484,7.999999999999998,-15.121047188165903],"to":[30.64092697284869,7.999999999999998,8.878952811834097],"rotation":{"angle":0,"axis":"y","origin":[30.137499999999704,8,4.362499999999898]},"faces":{"up":{"uv":[8.99609375,7.5,8.625,7.125],"texture":"#0"},"down":{"uv":[7.87109375,8.625,7.5,9],"texture":"#0"}}},{"from":[-14.820411085921336,7.999999999999998,-15.192703270246483],"to":[8.924588914078953,7.999999999999998,8.807296729753517],"rotation":{"angle":0,"axis":"y","origin":[6.512499999999875,8,4.362499999999898]},"faces":{"up":{"uv":[8.99609375,7.875,8.625,7.5],"texture":"#0"},"down":{"uv":[8.24609375,8.625,7.875,9],"texture":"#0"}}}],"textures":{"0":"minecraft:entity/animated/smaug"},"display":{"head":{"translation":[0,-6.4,0],"scale":[3.2,3.2,3.2],"rotation":[0,180,0]}},"texture_size":[2048,2048]}