{"elements":[{"from":[7.838523181818182,10.773635610651011,7.27831223167235],"to":[8.171343181818182,11.589044610651012,8.709438231672351],"rotation":{"angle":-22.5,"axis":"x","origin":[7.998579545454547,7.999977007533378,8]},"faces":{"north":{"uv":[5.016,10.25,5.75,10.016],"rotation":270,"texture":"#0"},"east":{"uv":[6.75,6.484,6.016,5.016],"rotation":90,"texture":"#0"},"south":{"uv":[5.016,10.75,5.75,10.516],"rotation":90,"texture":"#0"},"west":{"uv":[6.75,3.516,6.016,4.984],"rotation":90,"texture":"#0"},"up":{"uv":[10.016,10.25,11.484,10.016],"rotation":90,"texture":"#0"},"down":{"uv":[10.016,9.75,11.484,9.516],"rotation":90,"texture":"#0"}}},{"from":[7.839113181818182,10.77510711135642,7.273119903801421],"to":[8.171933181818183,11.59051611135642,8.70424590380142],"rotation":{"angle":-45,"axis":"x","origin":[7.998579545454547,7.999977007533378,8]},"faces":{"north":{"uv":[6.016,11.75,6.75,11.516],"rotation":270,"texture":"#0"},"east":{"uv":[7.75,4.984,7.016,3.516],"rotation":90,"texture":"#0"},"south":{"uv":[7.016,11.75,7.75,11.516],"rotation":90,"texture":"#0"},"west":{"uv":[6.75,6.516,6.016,7.984],"rotation":90,"texture":"#0"},"up":{"uv":[10.516,0.75,11.984,0.516],"rotation":90,"texture":"#0"},"down":{"uv":[10.516,0.25,11.984,0.016],"rotation":90,"texture":"#0"}}},{"from":[7.838523181818182,7.277183444829434,4.406114388941541],"to":[8.171343181818182,8.708309444829432,5.221523388941543],"rotation":{"angle":22.5,"axis":"x","origin":[7.998579545454547,7.999977007533378,8]},"faces":{"north":{"uv":[10.516,1.25,11.984,1.016],"rotation":270,"texture":"#0"},"east":{"uv":[8.484,6.75,7.016,6.016],"rotation":90,"texture":"#0"},"south":{"uv":[10.516,3.75,11.984,3.516],"rotation":90,"texture":"#0"},"west":{"uv":[8.484,5.016,7.016,5.75],"rotation":90,"texture":"#0"},"up":{"uv":[11.516,7.75,12.25,7.516],"rotation":90,"texture":"#0"},"down":{"uv":[11.516,7.25,12.25,7.016],"rotation":90,"texture":"#0"}}},{"from":[7.839113181818182,7.280480543826493,4.401793172776169],"to":[8.171933181818183,8.711606543826493,5.217202172776172],"rotation":{"angle":0,"axis":"y","origin":[7.998579545454547,7.999977007533378,8]},"faces":{"north":{"uv":[10.516,4.25,11.984,4.016],"rotation":270,"texture":"#0"},"east":{"uv":[8.984,2.75,7.516,2.016],"rotation":90,"texture":"#0"},"south":{"uv":[10.516,5.75,11.984,5.516],"rotation":90,"texture":"#0"},"west":{"uv":[8.484,7.016,7.016,7.75],"rotation":90,"texture":"#0"},"up":{"uv":[9.016,11.75,9.75,11.516],"rotation":90,"texture":"#0"},"down":{"uv":[8.016,11.75,8.75,11.516],"rotation":90,"texture":"#0"}}},{"from":[7.838523181818182,4.410384472863187,7.278529665440736],"to":[8.171343181818182,5.225793472863188,8.709655665440737],"rotation":{"angle":22.5,"axis":"x","origin":[7.998579545454547,7.999977007533378,8]},"faces":{"north":{"uv":[11.516,9.25,12.25,9.016],"rotation":270,"texture":"#0"},"east":{"uv":[8.75,4.484,8.016,3.016],"rotation":90,"texture":"#0"},"south":{"uv":[11.516,9.75,12.25,9.516],"rotation":90,"texture":"#0"},"west":{"uv":[5.75,7.016,5.016,8.484],"rotation":90,"texture":"#0"},"up":{"uv":[10.516,6.75,11.984,6.516],"rotation":90,"texture":"#0"},"down":{"uv":[10.516,6.25,11.984,6.016],"rotation":90,"texture":"#0"}}},{"from":[7.839113181818182,4.409036138493758,7.273521669017999],"to":[8.171933181818183,5.224445138493757,8.704647669017998],"rotation":{"angle":45,"axis":"x","origin":[7.998579545454547,7.999977007533378,8]},"faces":{"north":{"uv":[10.016,11.75,10.75,11.516],"rotation":270,"texture":"#0"},"east":{"uv":[7.75,9.484,7.016,8.016],"rotation":90,"texture":"#0"},"south":{"uv":[11.516,10.25,12.25,10.016],"rotation":90,"texture":"#0"},"west":{"uv":[6.75,8.016,6.016,9.484],"rotation":90,"texture":"#0"},"up":{"uv":[9.516,10.75,10.984,10.516],"rotation":90,"texture":"#0"},"down":{"uv":[8.016,10.75,9.484,10.516],"rotation":90,"texture":"#0"}}},{"from":[7.838523181818182,7.291119638684761,4.405896955173153],"to":[8.171343181818182,8.722245638684761,5.221305955173155],"rotation":{"angle":-22.5,"axis":"x","origin":[7.998579545454547,7.999977007533378,8]},"faces":{"north":{"uv":[0.016,11.25,1.484,11.016],"rotation":270,"texture":"#0"},"east":{"uv":[9.984,5.25,8.516,4.516],"rotation":90,"texture":"#0"},"south":{"uv":[11.016,1.75,12.484,1.516],"rotation":90,"texture":"#0"},"west":{"uv":[9.484,8.016,8.016,8.75],"rotation":90,"texture":"#0"},"up":{"uv":[0.016,12.25,0.75,12.016],"rotation":90,"texture":"#0"},"down":{"uv":[11.016,11.75,11.75,11.516],"rotation":90,"texture":"#0"}}},{"from":[7.839113181818182,10.770419416624287,7.284437000000001],"to":[8.171933181818183,11.585828416624288,8.715563000000003],"rotation":{"angle":0,"axis":"y","origin":[7.998579545454547,7.999977007533378,8]},"faces":{"north":{"uv":[12.016,0.25,12.75,0.016],"rotation":270,"texture":"#0"},"east":{"uv":[9.25,6.984,8.516,5.516],"rotation":90,"texture":"#0"},"south":{"uv":[12.016,0.75,12.75,0.516],"rotation":90,"texture":"#0"},"west":{"uv":[5.75,8.516,5.016,9.984],"rotation":90,"texture":"#0"},"up":{"uv":[11.016,2.75,12.484,2.516],"rotation":90,"texture":"#0"},"down":{"uv":[11.016,2.25,12.484,2.016],"rotation":90,"texture":"#0"}}},{"from":[7.839113181818182,4.413557416624284,7.2844370000000005],"to":[8.171933181818183,5.228966416624285,8.715563],"rotation":{"angle":0,"axis":"y","origin":[7.998579545454547,7.999977007533378,8]},"faces":{"north":{"uv":[1.016,12.25,1.75,12.016],"rotation":270,"texture":"#0"},"east":{"uv":[8.75,10.484,8.016,9.016],"rotation":90,"texture":"#0"},"south":{"uv":[12.016,1.25,12.75,1.016],"rotation":90,"texture":"#0"},"west":{"uv":[9.75,2.016,9.016,3.484],"rotation":90,"texture":"#0"},"up":{"uv":[5.016,11.25,6.484,11.016],"rotation":90,"texture":"#0"},"down":{"uv":[3.516,11.25,4.984,11.016],"rotation":90,"texture":"#0"}}},{"from":[7.838523181818182,4.4103844728631785,7.2903443345592605],"to":[8.171343181818182,5.22579347286318,8.721470334559259],"rotation":{"angle":-22.5,"axis":"x","origin":[7.998579545454547,7.999977007533378,8]},"faces":{"north":{"uv":[2.016,12.25,2.75,12.016],"rotation":270,"texture":"#0"},"east":{"uv":[10.25,1.484,9.516,0.016],"rotation":90,"texture":"#0"},"south":{"uv":[3.016,12.25,3.75,12.016],"rotation":90,"texture":"#0"},"west":{"uv":[9.75,9.016,9.016,10.484],"rotation":90,"texture":"#0"},"up":{"uv":[8.016,11.25,9.484,11.016],"rotation":90,"texture":"#0"},"down":{"uv":[6.516,11.25,7.984,11.016],"rotation":90,"texture":"#0"}}},{"from":[7.839113181818182,4.40903613849375,7.295352330981995],"to":[8.171933181818183,5.224445138493751,8.726478330981994],"rotation":{"angle":-45,"axis":"x","origin":[7.998579545454547,7.999977007533378,8]},"faces":{"north":{"uv":[12.016,3.75,12.75,3.516],"rotation":270,"texture":"#0"},"east":{"uv":[6.75,10.984,6.016,9.516],"rotation":90,"texture":"#0"},"south":{"uv":[4.016,12.25,4.75,12.016],"rotation":90,"texture":"#0"},"west":{"uv":[10.25,5.516,9.516,6.984],"rotation":90,"texture":"#0"},"up":{"uv":[11.016,8.75,12.484,8.516],"rotation":90,"texture":"#0"},"down":{"uv":[11.016,8.25,12.484,8.016],"rotation":90,"texture":"#0"}}},{"from":[7.838523181818182,7.291119638684761,10.778694044826846],"to":[8.171343181818182,8.722245638684761,11.594103044826849],"rotation":{"angle":22.5,"axis":"x","origin":[7.998579545454547,7.999977007533378,8]},"faces":{"north":{"uv":[9.516,11.25,10.984,11.016],"rotation":270,"texture":"#0"},"east":{"uv":[10.484,4.25,9.016,3.516],"rotation":90,"texture":"#0"},"south":{"uv":[11.016,10.75,12.484,10.516],"rotation":90,"texture":"#0"},"west":{"uv":[9.984,7.016,8.516,7.75],"rotation":90,"texture":"#0"},"up":{"uv":[5.016,12.25,5.75,12.016],"rotation":90,"texture":"#0"},"down":{"uv":[12.016,4.25,12.75,4.016],"rotation":90,"texture":"#0"}}},{"from":[7.839113181818182,7.287779289422082,10.78279782722383],"to":[8.171933181818183,8.718905289422084,11.59820682722383],"rotation":{"angle":0,"axis":"y","origin":[7.998579545454547,7.999977007533378,8]},"faces":{"north":{"uv":[11.016,11.25,12.484,11.016],"rotation":270,"texture":"#0"},"east":{"uv":[1.484,10.75,0.016,10.016],