{
	"textures": {
		"0": "minecraft:block/leather"
	},
	"elements": [
		{
			"from": [7.9375, 7.4875, 7.9125],
			"to": [8.0625, 8.5125, 8.0875],
			"light_emission": 0,
			"faces": {
				"north": {
					"uv": [7.75, 0, 8.00625, 0.0625],
					"rotation": 90,
					"texture": "#0"
				},
				"east": {
					"uv": [7.75, 0, 8.00625, 0.0875],
					"rotation": 90,
					"texture": "#0"
				},
				"south": {
					"uv": [7.75, 0, 8.00625, 0.0625],
					"rotation": 90,
					"texture": "#0"
				},
				"west": {
					"uv": [7.75, 0, 8.00625, 0.0875],
					"rotation": 270,
					"texture": "#0"
				},
				"up": {
					"uv": [7.75, 0, 7.78125, 0.0875],
					"texture": "#0"
				},
				"down": {
					"uv": [7.75, 0, 7.78125, 0.0875],
					"rotation": 180,
					"texture": "#0"
				}
			}
		}
	],
	"display": {
		"fixed": {
			"rotation": [-90, 0, 0],
			"translation": [11.23476, -16.30394, 3.075],
			"scale": [2, 2, 2]
		}
	}
}