{"elements":[{"from":[7.25,6.875,6],"to":[9.25,12.625,10],"rotation":{"angle":0,"axis":"y","origin":[2.5,8.625,5.75]},"faces":{"north":{"uv":[4,5,5,7.875],"texture":"#8"},"east":{"uv":[6.845360824742268,2.2857142857142856,8.24742268041237,8.126984126984127],"texture":"#8"},"south":{"uv":[7,5,8,7.875],"texture":"#8"},"west":{"uv":[2.6391752577319587,2.0317460317460316,3.9587628865979383,7.873015873015873],"texture":"#8"},"up":{"uv":[8,10,10,11],"rotation":90,"texture":"#8"},"down":{"uv":[8,7.5,10,8.5],"rotation":90,"texture":"#8"}}}],"textures":{"8":"minecraft:entity/animated/uruk2/birch_fence_post"},"display":{"head":{"translation":[0,-6.4,0],"scale":[3.2,3.2,3.2],"rotation":[0,180,0]}},"texture_size":[194,63]}